  0
SECTION
  2
HEADER
  9
$ACADVER
  1
AC1024
  9
$ACADMAINTVER
 70
6
  9
$DWGCODEPAGE
  3
ANSI_1252
  9
$LASTSAVEDBY
  1
ezdxf
  9
$INSBASE
 10
0.0
 20
0.0
 30
0.0
  9
$EXTMIN
 10
1e+20
 20
1e+20
 30
1e+20
  9
$EXTMAX
 10
-1e+20
 20
-1e+20
 30
-1e+20
  9
$LIMMIN
 10
0.0
 20
0.0
  9
$LIMMAX
 10
420.0
 20
297.0
  9
$ORTHOMODE
 70
0
  9
$REGENMODE
 70
1
  9
$FILLMODE
 70
1
  9
$QTEXTMODE
 70
0
  9
$MIRRTEXT
 70
1
  9
$LTSCALE
 40
1.0
  9
$ATTMODE
 70
1
  9
$TEXTSIZE
 40
2.5
  9
$TRACEWID
 40
1.0
  9
$TEXTSTYLE
  7
Standard
  9
$CLAYER
  8
0
  9
$CELTYPE
  6
ByLayer
  9
$CECOLOR
 62
256
  9
$CELTSCALE
 40
1.0
  9
$DISPSILH
 70
0
  9
$DIMSCALE
 40
1.0
  9
$DIMASZ
 40
2.5
  9
$DIMEXO
 40
0.625
  9
$DIMDLI
 40
3.75
  9
$DIMRND
 40
0.0
  9
$DIMDLE
 40
0.0
  9
$DIMEXE
 40
1.25
  9
$DIMTP
 40
0.0
  9
$DIMTM
 40
0.0
  9
$DIMTXT
 40
2.5
  9
$DIMCEN
 40
2.5
  9
$DIMTSZ
 40
0.0
  9
$DIMTOL
 70
0
  9
$DIMLIM
 70
0
  9
$DIMTIH
 70
0
  9
$DIMTOH
 70
0
  9
$DIMSE1
 70
0
  9
$DIMSE2
 70
0
  9
$DIMTAD
 70
1
  9
$DIMZIN
 70
8
  9
$DIMBLK
  1

  9
$DIMASO
 70
1
  9
$DIMSHO
 70
1
  9
$DIMPOST
  1

  9
$DIMAPOST
  1

  9
$DIMALT
 70
0
  9
$DIMALTD
 70
3
  9
$DIMALTF
 40
0.03937007874
  9
$DIMLFAC
 40
1.0
  9
$DIMTOFL
 70
1
  9
$DIMTVP
 40
0.0
  9
$DIMTIX
 70
0
  9
$DIMSOXD
 70
0
  9
$DIMSAH
 70
0
  9
$DIMBLK1
  1

  9
$DIMBLK2
  1

  9
$DIMSTYLE
  2
ISO-25
  9
$DIMCLRD
 70
0
  9
$DIMCLRE
 70
0
  9
$DIMCLRT
 70
0
  9
$DIMTFAC
 40
1.0
  9
$DIMGAP
 40
0.625
  9
$DIMJUST
 70
0
  9
$DIMSD1
 70
0
  9
$DIMSD2
 70
0
  9
$DIMTOLJ
 70
0
  9
$DIMTZIN
 70
8
  9
$DIMALTZ
 70
0
  9
$DIMALTTZ
 70
0
  9
$DIMUPT
 70
0
  9
$DIMDEC
 70
2
  9
$DIMTDEC
 70
2
  9
$DIMALTU
 70
2
  9
$DIMALTTD
 70
3
  9
$DIMTXSTY
  7
Standard
  9
$DIMAUNIT
 70
0
  9
$DIMADEC
 70
0
  9
$DIMALTRND
 40
0.0
  9
$DIMAZIN
 70
0
  9
$DIMDSEP
 70
44
  9
$DIMATFIT
 70
3
  9
$DIMFRAC
 70
0
  9
$DIMLDRBLK
  1

  9
$DIMLUNIT
 70
2
  9
$DIMLWD
 70
-2
  9
$DIMLWE
 70
-2
  9
$DIMTMOVE
 70
0
  9
$DIMFXL
 40
1.0
  9
$DIMFXLON
 70
0
  9
$DIMJOGANG
 40
0.785398163397
  9
$DIMTFILL
 70
0
  9
$DIMTFILLCLR
 70
0
  9
$DIMARCSYM
 70
0
  9
$DIMLTYPE
  6

  9
$DIMLTEX1
  6

  9
$DIMLTEX2
  6

  9
$DIMTXTDIRECTION
 70
0
  9
$LUNITS
 70
2
  9
$LUPREC
 70
4
  9
$SKETCHINC
 40
1.0
  9
$FILLETRAD
 40
10.0
  9
$AUNITS
 70
0
  9
$AUPREC
 70
2
  9
$MENU
  1
.
  9
$ELEVATION
 40
0.0
  9
$PELEVATION
 40
0.0
  9
$THICKNESS
 40
0.0
  9
$LIMCHECK
 70
0
  9
$CHAMFERA
 40
0.0
  9
$CHAMFERB
 40
0.0
  9
$CHAMFERC
 40
0.0
  9
$CHAMFERD
 40
0.0
  9
$SKPOLY
 70
0
  9
$TDCREATE
 40
2461001.6646180553
  9
$TDUCREATE
 40
2458532.153996898
  9
$TDUPDATE
 40
2461001.6646180553
  9
$TDUUPDATE
 40
2458532.1544311
  9
$TDINDWG
 40
0.0
  9
$TDUSRTIMER
 40
0.0
  9
$USRTIMER
 70
1
  9
$ANGBASE
 50
0.0
  9
$ANGDIR
 70
0
  9
$PDMODE
 70
0
  9
$PDSIZE
 40
0.0
  9
$PLINEWID
 40
0.0
  9
$SPLFRAME
 70
0
  9
$SPLINETYPE
 70
6
  9
$SPLINESEGS
 70
8
  9
$HANDSEED
  5
142
  9
$SURFTAB1
 70
6
  9
$SURFTAB2
 70
6
  9
$SURFTYPE
 70
6
  9
$SURFU
 70
6
  9
$SURFV
 70
6
  9
$UCSBASE
  2

  9
$UCSNAME
  2

  9
$UCSORG
 10
0.0
 20
0.0
 30
0.0
  9
$UCSXDIR
 10
1.0
 20
0.0
 30
0.0
  9
$UCSYDIR
 10
0.0
 20
1.0
 30
0.0
  9
$UCSORTHOREF
  2

  9
$UCSORTHOVIEW
 70
0
  9
$UCSORGTOP
 10
0.0
 20
0.0
 30
0.0
  9
$UCSORGBOTTOM
 10
0.0
 20
0.0
 30
0.0
  9
$UCSORGLEFT
 10
0.0
 20
0.0
 30
0.0
  9
$UCSORGRIGHT
 10
0.0
 20
0.0
 30
0.0
  9
$UCSORGFRONT
 10
0.0
 20
0.0
 30
0.0
  9
$UCSORGBACK
 10
0.0
 20
0.0
 30
0.0
  9
$PUCSBASE
  2

  9
$PUCSNAME
  2

  9
$PUCSORG
 10
0.0
 20
0.0
 30
0.0
  9
$PUCSXDIR
 10
1.0
 20
0.0
 30
0.0
  9
$PUCSYDIR
 10
0.0
 20
1.0
 30
0.0
  9
$PUCSORTHOREF
  2

  9
$PUCSORTHOVIEW
 70
0
  9
$PUCSORGTOP
 10
0.0
 20
0.0
 30
0.0
  9
$PUCSORGBOTTOM
 10
0.0
 20
0.0
 30
0.0
  9
$PUCSORGLEFT
 10
0.0
 20
0.0
 30
0.0
  9
$PUCSORGRIGHT
 10
0.0
 20
0.0
 30
0.0
  9
$PUCSORGFRONT
 10
0.0
 20
0.0
 30
0.0
  9
$PUCSORGBACK
 10
0.0
 20
0.0
 30
0.0
  9
$USERI1
 70
0
  9
$USERI2
 70
0
  9
$USERI3
 70
0
  9
$USERI4
 70
0
  9
$USERI5
 70
0
  9
$USERR1
 40
0.0
  9
$USERR2
 40
0.0
  9
$USERR3
 40
0.0
  9
$USERR4
 40
0.0
  9
$USERR5
 40
0.0
  9
$WORLDVIEW
 70
1
  9
$SHADEDGE
 70
3
  9
$SHADEDIF
 70
70
  9
$TILEMODE
 70
1
  9
$MAXACTVP
 70
64
  9
$PINSBASE
 10
0.0
 20
0.0
 30
0.0
  9
$PLIMCHECK
 70
0
  9
$PEXTMIN
 10
1e+20
 20
1e+20
 30
1e+20
  9
$PEXTMAX
 10
-1e+20
 20
-1e+20
 30
-1e+20
  9
$PLIMMIN
 10
0.0
 20
0.0
  9
$PLIMMAX
 10
420.0
 20
297.0
  9
$UNITMODE
 70
0
  9
$VISRETAIN
 70
1
  9
$PLINEGEN
 70
0
  9
$PSLTSCALE
 70
1
  9
$TREEDEPTH
 70
3020
  9
$CMLSTYLE
  2
Standard
  9
$CMLJUST
 70
0
  9
$CMLSCALE
 40
20.0
  9
$PROXYGRAPHICS
 70
1
  9
$MEASUREMENT
 70
1
  9
$CELWEIGHT
370
-1
  9
$ENDCAPS
280
0
  9
$JOINSTYLE
280
0
  9
$LWDISPLAY
290
0
  9
$INSUNITS
 70
6
  9
$HYPERLINKBASE
  1

  9
$STYLESHEET
  1

  9
$XEDIT
290
1
  9
$CEPSNTYPE
380
0
  9
$PSTYLEMODE
290
1
  9
$FINGERPRINTGUID
  2
{673C8D92-2481-47E6-B8C0-ACE741F22F2C}
  9
$VERSIONGUID
  2
{15FCFD98-49EF-409D-9667-922FF9BA6FFB}
  9
$EXTNAMES
290
1
  9
$PSVPSCALE
 40
0.0
  9
$OLESTARTUP
290
0
  9
$SORTENTS
280
127
  9
$INDEXCTL
280
0
  9
$HIDETEXT
280
1
  9
$XCLIPFRAME
280
1
  9
$HALOGAP
280
0
  9
$OBSCOLOR
 70
257
  9
$OBSLTYPE
280
0
  9
$INTERSECTIONDISPLAY
280
0
  9
$INTERSECTIONCOLOR
 70
257
  9
$DIMASSOC
280
2
  9
$PROJECTNAME
  1

  9
$CAMERADISPLAY
290
0
  9
$LENSLENGTH
 40
50.0
  9
$CAMERAHEIGHT
 40
0.0
  9
$STEPSPERSEC
 40
24.0
  9
$STEPSIZE
 40
100.0
  9
$3DDWFPREC
 40
2.0
  9
$PSOLWIDTH
 40
0.005
  9
$PSOLHEIGHT
 40
0.08
  9
$LOFTANG1
 40
1.570796326795
  9
$LOFTANG2
 40
1.570796326795
  9
$LOFTMAG1
 40
0.0
  9
$LOFTMAG2
 40
0.0
  9
$LOFTPARAM
 70
7
  9
$LOFTNORMALS
280
1
  9
$LATITUDE
 40
37.795
  9
$LONGITUDE
 40
-122.394
  9
$NORTHDIRECTION
 40
0.0
  9
$TIMEZONE
 70
-8000
  9
$LIGHTGLYPHDISPLAY
280
1
  9
$TILEMODELIGHTSYNCH
280
1
  9
$CMATERIAL
347
20
  9
$SOLIDHIST
280
0
  9
$SHOWHIST
280
1
  9
$DWFFRAME
280
2
  9
$DGNFRAME
280
2
  9
$REALWORLDSCALE
290
1
  9
$INTERFERECOLOR
 62
256
  9
$CSHADOW
280
0
  9
$SHADOWPLANELOCATION
 40
0.0
  0
ENDSEC
  0
SECTION
  2
CLASSES
  0
CLASS
  1
ACDBDICTIONARYWDFLT
  2
AcDbDictionaryWithDefault
  3
ObjectDBX Classes
 90
0
 91
0
280
0
281
0
  0
CLASS
  1
SUN
  2
AcDbSun
  3
SCENEOE
 90
1153
 91
0
280
0
281
0
  0
CLASS
  1
VISUALSTYLE
  2
AcDbVisualStyle
  3
ObjectDBX Classes
 90
4095
 91
0
280
0
281
0
  0
CLASS
  1
MATERIAL
  2
AcDbMaterial
  3
ObjectDBX Classes
 90
1153
 91
0
280
0
281
0
  0
CLASS
  1
SCALE
  2
AcDbScale
  3
ObjectDBX Classes
 90
1153
 91
0
280
0
281
0
  0
CLASS
  1
TABLESTYLE
  2
AcDbTableStyle
  3
ObjectDBX Classes
 90
4095
 91
0
280
0
281
0
  0
CLASS
  1
MLEADERSTYLE
  2
AcDbMLeaderStyle
  3
ACDB_MLEADERSTYLE_CLASS
 90
4095
 91
0
280
0
281
0
  0
CLASS
  1
DICTIONARYVAR
  2
AcDbDictionaryVar
  3
ObjectDBX Classes
 90
0
 91
0
280
0
281
0
  0
CLASS
  1
CELLSTYLEMAP
  2
AcDbCellStyleMap
  3
ObjectDBX Classes
 90
1152
 91
0
280
0
281
0
  0
CLASS
  1
MENTALRAYRENDERSETTINGS
  2
AcDbMentalRayRenderSettings
  3
SCENEOE
 90
1024
 91
0
280
0
281
0
  0
CLASS
  1
ACDBDETAILVIEWSTYLE
  2
AcDbDetailViewStyle
  3
ObjectDBX Classes
 90
1025
 91
0
280
0
281
0
  0
CLASS
  1
ACDBSECTIONVIEWSTYLE
  2
AcDbSectionViewStyle
  3
ObjectDBX Classes
 90
1025
 91
0
280
0
281
0
  0
CLASS
  1
RASTERVARIABLES
  2
AcDbRasterVariables
  3
ISM
 90
0
 91
0
280
0
281
0
  0
CLASS
  1
LAYOUT
  2
AcDbLayout
  3
ObjectDBX Classes
 90
0
 91
0
280
0
281
0
  0
CLASS
  1
ACDBPLACEHOLDER
  2
AcDbPlaceHolder
  3
ObjectDBX Classes
 90
0
 91
0
280
0
281
0
  0
ENDSEC
  0
SECTION
  2
TABLES
  0
TABLE
  2
VPORT
  5
8
330
0
100
AcDbSymbolTable
 70
1
  0
VPORT
  5
23
330
8
100
AcDbSymbolTableRecord
100
AcDbViewportTableRecord
  2
*Active
 70
0
 10
0.0
 20
0.0
 11
1.0
 21
1.0
 12
0.0
 22
0.0
 13
0.0
 23
0.0
 14
0.5
 24
0.5
 15
0.5
 25
0.5
 16
0.0
 26
0.0
 36
1.0
 17
0.0
 27
0.0
 37
0.0
 40
1000.0
 41
1.34
 42
50.0
 43
0.0
 44
0.0
 50
0.0
 51
0.0
 71
0
 72
1000
 73
1
 74
3
 75
0
 76
0
 77
0
 78
0
281
0
 65
0
146
0.0
  0
ENDTAB
  0
TABLE
  2
LTYPE
  5
2
330
0
100
AcDbSymbolTable
 70
3
  0
LTYPE
  5
24
330
2
100
AcDbSymbolTableRecord
100
AcDbLinetypeTableRecord
  2
ByBlock
 70
0
  3

 72
65
 73
0
 40
0.0
  0
LTYPE
  5
25
330
2
100
AcDbSymbolTableRecord
100
AcDbLinetypeTableRecord
  2
ByLayer
 70
0
  3

 72
65
 73
0
 40
0.0
  0
LTYPE
  5
26
330
2
100
AcDbSymbolTableRecord
100
AcDbLinetypeTableRecord
  2
Continuous
 70
0
  3

 72
65
 73
0
 40
0.0
  0
ENDTAB
  0
TABLE
  2
LAYER
  5
1
330
0
100
AcDbSymbolTable
 70
2
  0
LAYER
  5
27
330
1
100
AcDbSymbolTableRecord
100
AcDbLayerTableRecord
  2
0
 70
0
 62
7
  6
Continuous
370
-3
390
13
347
21
  0
LAYER
  5
28
330
1
100
AcDbSymbolTableRecord
100
AcDbLayerTableRecord
  2
Defpoints
 70
0
 62
7
  6
Continuous
290
0
370
-3
390
13
347
21
  0
ENDTAB
  0
TABLE
  2
STYLE
  5
5
330
0
100
AcDbSymbolTable
 70
1
  0
STYLE
  5
29
330
5
100
AcDbSymbolTableRecord
100
AcDbTextStyleTableRecord
  2
Standard
 70
0
 40
0.0
 41
1.0
 50
0.0
 71
0
 42
2.5
  3
txt
  4

  0
ENDTAB
  0
TABLE
  2
VIEW
  5
7
330
0
100
AcDbSymbolTable
 70
0
  0
ENDTAB
  0
TABLE
  2
UCS
  5
6
330
0
100
AcDbSymbolTable
 70
0
  0
ENDTAB
  0
TABLE
  2
APPID
  5
3
330
0
100
AcDbSymbolTable
 70
3
  0
APPID
  5
2A
330
3
100
AcDbSymbolTableRecord
100
AcDbRegAppTableRecord
  2
ACAD
 70
0
  0
APPID
  5
13F
330
3
100
AcDbSymbolTableRecord
100
AcDbRegAppTableRecord
  2
HATCHBACKGROUNDCOLOR
 70
0
  0
APPID
  5
140
330
3
100
AcDbSymbolTableRecord
100
AcDbRegAppTableRecord
  2
EZDXF
 70
0
  0
ENDTAB
  0
TABLE
  2
DIMSTYLE
  5
4
330
0
100
AcDbSymbolTable
 70
1
100
AcDbDimStyleTable
  0
DIMSTYLE
105
2B
330
4
100
AcDbSymbolTableRecord
100
AcDbDimStyleTableRecord
  2
Standard
 70
0
 40
1.0
 41
2.5
 42
0.625
 43
3.75
 44
1.25
 45
0.0
 46
0.0
 47
0.0
 48
0.0
 49
2.5
140
2.5
141
2.5
142
0.0
143
0.03937007874
144
1.0
145
0.0
146
1.0
147
0.625
148
0.0
 69
0
 70
0
 71
0
 72
0
 73
0
 74
0
 75
0
 76
0
 77
1
 78
8
 79
3
170
0
171
3
172
1
173
0
174
0
175
0
176
0
177
0
178
0
179
2
271
2
272
2
273
2
274
3
275
0
276
0
277
2
278
44
279
0
280
0
281
0
282
0
283
0
284
8
285
0
286
0
288
0
289
3
290
0
371
-2
372
-2
  0
ENDTAB
  0
TABLE
  2
BLOCK_RECORD
  5
9
330
0
100
AcDbSymbolTable
 70
2
  0
BLOCK_RECORD
  5
17
330
9
100
AcDbSymbolTableRecord
100
AcDbBlockTableRecord
  2
*Model_Space
340
1A
 70
0
280
1
281
0
  0
BLOCK_RECORD
  5
1B
330
9
100
AcDbSymbolTableRecord
100
AcDbBlockTableRecord
  2
*Paper_Space
340
1E
 70
0
280
1
281
0
  0
ENDTAB
  0
ENDSEC
  0
SECTION
  2
BLOCKS
  0
BLOCK
  5
18
330
17
100
AcDbEntity
  8
0
100
AcDbBlockBegin
  2
*Model_Space
 70
0
 10
0.0
 20
0.0
 30
0.0
  3
*Model_Space
  1

  0
ENDBLK
  5
19
330
17
100
AcDbEntity
  8
0
100
AcDbBlockEnd
  0
BLOCK
  5
1C
330
1B
100
AcDbEntity
  8
0
100
AcDbBlockBegin
  2
*Paper_Space
 70
0
 10
0.0
 20
0.0
 30
0.0
  3
*Paper_Space
  1

  0
ENDBLK
  5
1D
330
1B
100
AcDbEntity
  8
0
100
AcDbBlockEnd
  0
ENDSEC
  0
SECTION
  2
ENTITIES
  0
LWPOLYLINE
  5
2F
330
17
100
AcDbEntity
  8
0
100
AcDbPolyline
 90
7
 70
0
 10
75.49999999999999
 20
129.5
 10
75.5
 20
129.0
 10
75.00000000000003
 20
129.0000000000001
 10
75.19134171618256
 20
129.03806023374446
 10
75.35355339059329
 20
129.14644660940684
 10
75.46193976625567
 20
129.30865828381758
 10
75.49999999999999
 20
129.5
  0
LWPOLYLINE
  5
30
330
17
100
AcDbEntity
  8
0
100
AcDbPolyline
 90
7
 70
0
 10
388.8292589986579
 20
129.14644660940672
 10
388.93764537432025
 20
129.30865828381746
 10
388.97570560806463
 20
129.5
 10
388.97570560806463
 20
129.0
 10
388.47570560806463
 20
129.0
 10
388.66704732424716
 20
129.03806023374435
 10
388.8292589986579
 20
129.14644660940672
  0
LWPOLYLINE
  5
31
330
17
100
AcDbEntity
  8
0
100
AcDbPolyline
 90
5
 70
0
 10
221.73785280403231
 20
52.54214719596769
 10
25.122147195967695
 20
52.54214719596769
 10
25.122147195967695
 20
399.15785280403236
 10
221.73785280403231
 20
399.15785280403236
 10
221.73785280403231
 20
52.54214719596769
  0
LWPOLYLINE
  5
32
330
17
100
AcDbEntity
  8
0
100
AcDbPolyline
 90
28
 70
0
 10
60.49484530024412
 20
125.04176768288404
 10
60.49502461406854
 20
125.04187009502289
 10
60.49933365342231
 20
125.04572088801824
 10
60.49966091021515
 20
125.04591599986868
 10
60.49999999999999
 20
125.0459687318401
 10
60.49999999999999
 20
125.49999999999999
 10
60.49999999999999
 20
125.6
 10
60.49999999999999
 20
125.89999999999999
 10
60.49238795325112
 20
125.9382683432365
 10
60.47071067811865
 20
125.97071067811865
 10
60.4382683432365
 20
125.99238795325113
 10
60.39999999999999
 20
125.99999999999999
 10
60.099999999999994
 20
125.99999999999999
 10
60.061731656763484
 20
125.99238795325113
 10
60.029289321881336
 20
125.97071067811865
 10
60.00761204674887
 20
125.9382683432365
 10
59.99999999999999
 20
125.89999999999999
 10
59.99999999999999
 20
127.3
 10
59.49999999999999
 20
127.3
 10
59.49999999999999
 20
125.89999999999999
 10
59.49999999999999
 20
125.6
 10
59.49999999999999
 20
125.49999999999999
 10
59.49999999999999
 20
124.92589965063503
 10
59.74988803552403
 20
124.9540552702099
 10
59.75011196447597
 20
124.9540552702099
 10
60.096912227478
 20
124.91498026506581
 10
60.09711773139512
 20
124.91500050540267
 10
60.49484530024412
 20
125.04176768288404
  0
LWPOLYLINE
  5
33
330
17
100
AcDbEntity
  8
0
100
AcDbPolyline
 90
5
 70
0
 10
60.49999999999999
 20
127.3
 10
60.49999999999999
 20
129.0
 10
59.99999999999999
 20
129.0
 10
59.99999999999999
 20
127.3
 10
60.49999999999999
 20
127.3
  0
LWPOLYLINE
  5
34
330
17
100
AcDbEntity
  8
0
100
AcDbPolyline
 90
25
 70
0
 10
60.191341716182535
 20
129.03806023374435
 10
60.35355339059326
 20
129.14644660940672
 10
60.46193976625563
 20
129.30865828381746
 10
60.49999999999999
 20
129.5
 10
63.3
 20
129.5
 10
63.3
 20
130.0
 10
60.49999999999999
 20
130.0
 10
60.49999999999999
 20
130.998896670022
 10
60.30605658495355
 20
130.97979491049975
 10
60.305818683793426
 20
130.97974758925395
 10
60.00038268343236
 20
130.8532318554675
 10
60.0
 20
130.853155735
 10
59.99961731656764
 20
130.8532318554675
 10
59.694181316206574
 20
130.97974758925395
 10
59.69394341504645
 20
130.97979491049975
 10
59.49999999999999
 20
130.998896670022
 10
59.49999999999999
 20
130.0
 10
57.69999999999999
 20
130.0
 10
57.69999999999999
 20
129.5
 10
59.49999999999999
 20
129.5
 10
59.538060233744346
 20
129.30865828381746
 10
59.646446609406716
 20
129.14644660940672
 10
59.808658283817444
 20
129.03806023374435
 10
59.99999999999999
 20
129.0
 10
60.191341716182535
 20
129.03806023374435
  0
LWPOLYLINE
  5
35
330
17
100
AcDbEntity
  8
0
100
AcDbPolyline
 90
16
 70
0
 10
66.1
 20
130.0
 10
66.1
 20
129.5
 10
66.60000000000001
 20
129.5
 10
66.95315573508405
 20
129.5
 10
66.95323185555141
 20
129.50038268343215
 10
67.07974758925391
 20
129.80581868379335
 10
67.07979491049973
 20
129.80605658495352
 10
67.09899999999999
 20
130.0010491268508
 10
67.09899999999999
 20
130.4989508731493
 10
67.09890632386809
 20
130.4999019828576
 10
67.09891719376431
 20
130.5
 10
66.60000000000001
 20
130.5
 10
66.1
 20
130.5
 10
63.3
 20
130.5
 10
63.3
 20
130.0
 10
66.1
 20
130.0
  0
LWPOLYLINE
  5
36
330
17
100
AcDbEntity
  8
0
100
AcDbPolyline
 90
48
 70
0
 10
55.972639248533
 20
129.5
 10
55.97223639620598
 20
129.50062480504636
 10
55.97165985483019
 20
129.50103320796276
 10
55.979335334029116
 20
129.50822207872787
 10
55.994693012949504
 20
129.53695427509842
 10
56.0
 20
129.56909822162874
 10
56.0
 20
129.9
 10
55.992387953251125
 20
129.9382683432365
 10
55.97071067811866
 20
129.97071067811865
 10
55.93826834323651
 20
129.99238795325113
 10
55.899999999999984
 20
130.0
 10
55.79999999999998
 20
130.0
 10
55.11549790944064
 20
130.0
 10
55.11545110028941
 20
129.99967340063827
 10
55.11526207649763
 20
129.9993455890515
 10
55.09650907280125
 20
129.97767743233518
 10
55.096408448610354
 20
129.97749282656838
 10
55.00095974403726
 20
129.65134786290108
 10
55.000794774148275
 20
129.6510218336917
 10
55.00052369387562
 20
129.65077683247657
 10
55.00018269517621
 20
129.65064556939478
 10
54.99981730482379
 20
129.65064556939478
 10
54.99947630612438
 20
129.65077683247657
 10
54.999205225851725
 20
129.6510218336917
 10
54.99904025596274
 20
129.65134786290108
 10
54.903591551389646
 20
129.97749282656838
 10
54.90349092719875
 20
129.97767743233518
 10
54.88473792350237
 20
129.9993455890515
 10
54.88454889971059
 20
129.99967340063827
 10
54.88450209055936
 20
130.0
 10
54.19999999999998
 20
130.0
 10
54.09999999999998
 20
130.0
 10
54.06173165676349
 20
129.99238795325113
 10
54.02928932188134
 20
129.97071067811865
 10
54.007612046748875
 20
129.9382683432365
 10
54.0
 20
129.9
 10
54.0
 20
129.56852650053185
 10
54.00720010878078
 20
129.53126821031745
 10
54.02736075146699
 20
129.5
 10
52.299999999999976
 20
129.5
 10
52.299999999999976
 20
129.0
 10
54.09999999999998
 20
129.0
 10
54.19999999999998
 20
129.0
 10
55.79999999999998
 20
129.0
 10
55.899999999999984
 20
129.0
 10
57.69999999999999
 20
129.0
 10
57.69999999999999
 20
129.5
 10
55.972639248533
 20
129.5
  0
LWPOLYLINE
  5
37
330
17
100
AcDbEntity
  8
0
100
AcDbPolyline
 90
25
 70
0
 10
52.299999999999976
 20
130.0
 10
50.49999999999997
 20
130.0
 10
50.49999999999998
 20
130.998896670022
 10
50.30605658495355
 20
130.97979491049975
 10
50.30581868379329
 20
130.97974758925392
 10
49.945520761438715
 20
130.83050730341898
 10
49.945360122700116
 20
130.83039996813775
 10
49.6696000318622
 20
130.55463987729982
 10
49.66949269658159
 20
130.55447923856215
 10
49.60405134853336
 20
130.3964898475697
 10
49.60383457578119
 20
130.39616542421882
 10
49.60351015243031
 20
130.39594865146665
 10
49.445520761437855
 20
130.33050730341841
 10
49.445360122700116
 20
130.33039996813775
 10
49.1696000318622
 20
130.05463987729982
 10
49.169492696581045
 20
130.05447923856136
 10
49.02025241074609
 20
129.6941813162067
 10
49.02020508950025
 20
129.6939434150464
 10
49.00110332997801
 20
129.5
 10
49.99999999999997
 20
129.5
 10
49.999999999999986
 20
127.69999999999999
 10
50.499999999999986
 20
127.7
 10
50.49999999999997
 20
129.5
 10
52.299999999999976
 20
129.5
 10
52.299999999999976
 20
130.0
  0
LWPOLYLINE
  5
38
330
17
100
AcDbEntity
  8
0
100
AcDbPolyline
 90
49
 70
0
 10
50.50000000000001
 20
125.972639248533
 10
50.46873178968256
 20
125.9927998912192
 10
50.431473499468154
 20
125.99999999999999
 10
50.10000000000001
 20
125.99999999999999
 10
50.0617316567635
 20
125.99238795325113
 10
50.02928932188135
 20
125.97071067811865
 10
50.00761204674888
 20
125.9382683432365
 10
50.00000000000001
 20
125.89999999999999
 10
50.00000000000001
 20
125.79999999999998
 10
50.000000000000014
 20
125.11966458191593
 10
50.000382683432164
 20
125.11958846144857
 10
50.30581868496576
 20
124.99307272726044
 10
50.30600817018822
 20
124.99303503600001
 10
50.321155251
 20
124.99303503600001
 10
50.32155214144549
 20
124.99295290198928
 10
50.321883835482765
 20
124.99271999194856
 10
50.32209584638861
 20
124.99237456554941
 10
50.322153347551
 20
124.99197336530294
 10
50.322046893367755
 20
124.99158229557987
 10
50.32179397085693
 20
124.99126559662984
 10
50.321436127098956
 20
124.99107529196276
 10
50.02250717343167
 20
124.90359155138967
 10
50.02232256766478
 20
124.90349092719872
 10
50.00065441094852
 20
124.8847379235024
 10
50.00032659936175
 20
124.88454889971061
 10
50.000000000000014
 20
124.88450209055938
 10
50.00000000000002
 20
124.2
 10
50.00000000000002
 20
124.1
 10
50.007612046748896
 20
124.0617316567635
 10
50.029289321881365
 20
124.02928932188135
 10
50.06173165676351
 20
124.00761204674887
 10
50.10000000000002
 20
124.00000000000001
 10
50.3901508596643
 20
124.00000000000001
 10
50.40776745559736
 20
123.9964958411978
 10
50.44678552000058
 20
123.9964958411978
 10
50.48283351110092
 20
124.01142740800786
 10
50.499289990210265
 20
124.0278838871172
 10
50.49937519495366
 20
124.02776360379403
 10
50.50000000000002
 20
124.027360751467
 10
50.50000000000004
 20
122.3
 10
51.00000000000004
 20
122.30000000000001
 10
51.00000000000002
 20
124.10000000000001
 10
51.00000000000002
 20
124.20000000000002
 10
51.000000000000014
 20
125.00000000000007
 10
51.00000000000001
 20
125.8
 10
51.00000000000001
 20
125.9
 10
50.999999999999986
 20
127.7
 10
50.499999999999986
 20
127.7
 10
50.50000000000001
 20
125.972639248533
  0
LWPOLYLINE
  5
39
330
17
100
AcDbEntity
  8
0
100
AcDbPolyline
 90
25
 70
0
 10
50.00000000000004
 20
122.3
 10
50.00000000000006
 20
120.5
 10
49.00110332997801
 20
120.5
 10
49.02020508950026
 20
120.30605658495358
 10
49.02025241074609
 20
120.30581868379328
 10
49.16949269658103
 20
119.94552076143867
 10
49.16960003186221
 20
119.94536012270017
 10
49.445360122700166
 20
119.66960003186222
 10
49.445520761438644
 20
119.66949269658105
 10
49.80581868379334
 20
119.52025241074608
 10
49.806056584953495
 20
119.52020508950027
 10
50.001049126850816
 20
119.501
 10
50.498950873149184
 20
119.501
 10
50.693943415046505
 20
119.52020508950027
 10
50.69418131620666
 20
119.52025241074608
 10
51.054479238561356
 20
119.66949269658105
 10
51.054639877299834
 20
119.66960003186222
 10
51.33039996813779
 20
119.94536012270017
 10
51.33050730341897
 20
119.94552076143867
 10
51.47974758925391
 20
120.30581868379328
 10
51.47979491049974
 20
120.30605658495358
 10
51.49889667002199
 20
120.5
 10
50.50000000000006
 20
120.5
 10
50.50000000000004
 20
122.3
 10
50.00000000000004
 20
122.3
  0
LWPOLYLINE
  5
3A
330
17
100
AcDbEntity
  8
0
100
AcDbPolyline
 90
16
 70
0
 10
68.9
 20
129.5
 10
68.9
 20
130.0
 10
71.7
 20
130.0
 10
71.7
 20
130.5
 10
68.9
 20
130.5
 10
68.39999999999999
 20
130.5
 10
67.90108280623569
 20
130.5
 10
67.90109367613191
 20
130.4999019828576
 10
67.90100000000001
 20
130.4989508731493
 10
67.90100000000001
 20
130.0010491268508
 10
67.92020508950027
 20
129.80605658495352
 10
67.92025241074609
 20
129.80581868379335
 10
68.04676814444859
 20
129.50038268343215
 10
68.04684426491595
 20
129.5
 10
68.39999999999999
 20
129.5
 10
68.9
 20
129.5
  0
LWPOLYLINE
  5
3B
330
17
100
AcDbEntity
  8
0
100
AcDbPolyline
 90
27
 70
0
 10
71.7
 20
129.5
 10
74.50000000000001
 20
129.5000000000001
 10
74.53806023374437
 20
129.30865828381755
 10
74.64644660940675
 20
129.14644660940684
 10
74.80865828381748
 20
129.03806023374446
 10
75.00000000000003
 20
129.0000000000001
 10
75.0
 20
127.3000000000001
 10
75.5
 20
127.3000000000001
 10
75.5
 20
129.0
 10
77.30000000000001
 20
129.0
 10
77.30000000000001
 20
129.5
 10
75.49999999999999
 20
129.5
 10
75.49999999999997
 20
130.49889667001864
 10
75.36000966014538
 20
130.48510882427382
 10
75.35959020353776
 20
130.48515707886946
 10
75.35922805069902
 20
130.48537414492634
 10
75.35898776346733
 20
130.48572132556802
 10
75.3305073034189
 20
130.55447923856144
 10
75.3303999681378
 20
130.55463987729982
 10
75.05463987729979
 20
130.83039996813784
 10
75.05447923856138
 20
130.83050730341895
 10
74.69418131620671
 20
130.97974758925392
 10
74.69394341504646
 20
130.97979491049975
 10
74.49999999999999
 20
130.998896670022
 10
74.5
 20
130.0
 10
71.7
 20
130.0
 10
71.7
 20
129.5
  0
LWPOLYLINE
  5
3C
330
17
100
AcDbEntity
  8
0
100
AcDbPolyline
 90
31
 70
0
 10
74.5
 20
127.3000000000001
 10
74.50000000000001
 20
125.89999999999999
 10
74.5
 20
125.60000000000007
 10
74.50000000000001
 20
125.50000000000006
 10
74.50000000000001
 20
124.92236882311413
 10
74.5000980171409
 20
124.9223796930103
 10
74.58670545651484
 20
124.91384960471618
 10
74.5868862679725
 20
124.91386517543171
 10
74.74973328724214
 20
124.95893101506569
 10
74.75026671275786
 20
124.95893101506569
 10
74.9131137320275
 20
124.91386517543171
 10
74.91329454348516
 20
124.91384960471618
 10
75.27742783385604
 20
124.9497136036999
 10
75.27760213319331
 20
124.9497641498831
 10
75.49955038867206
 20
125.06148351269438
 10
75.49994112919788
 20
125.06158855400258
 10
75.49999999999999
 20
125.06157996896049
 10
75.49999999999999
 20
125.50000000000006
 10
75.5
 20
125.60000000000007
 10
75.49999999999999
 20
125.89999999999999
 10
75.49238795325113
 20
125.9382683432365
 10
75.47071067811865
 20
125.97071067811865
 10
75.4382683432365
 20
125.99238795325113
 10
75.39999999999999
 20
125.99999999999999
 10
75.10000000000001
 20
125.99999999999999
 10
75.0617316567635
 20
125.99238795325113
 10
75.02928932188135
 20
125.97071067811865
 10
75.00761204674887
 20
125.9382683432365
 10
74.99999999999999
 20
125.89999999999999
 10
75.0
 20
127.3000000000001
 10
74.5
 20
127.3000000000001
  0
LWPOLYLINE
  5
3D
330
17
100
AcDbEntity
  8
0
100
AcDbPolyline
 90
45
 70
0
 10
79.02736075146701
 20
129.5
 10
79.00720010878078
 20
129.46873178968252
 10
79.00000000000001
 20
129.43147349946813
 10
79.00000000000001
 20
129.1
 10
79.00761204674887
 20
129.0617316567635
 10
79.02928932188135
 20
129.02928932188135
 10
79.0617316567635
 20
129.00761204674887
 10
79.10000000000004
 20
129.0
 10
79.20000000000005
 20
129.0
 10
79.87180802546887
 20
129.0
 10
79.87179761811429
 20
129.00013782270406
 10
79.87194376902447
 20
129.00053586133345
 10
79.96015679215046
 20
129.13952477611014
 10
79.96022619733063
 20
129.1397031617456
 10
79.99806881347064
 20
129.35178188804844
 10
79.99820573242434
 20
129.35213697097478
 10
79.99846539995623
 20
129.35241518574315
 10
79.99881020823997
 20
129.35257623831822
 10
79.9991902184558
 20
129.3525968033453
 10
79.99955039346403
 20
129.35247390237745
 10
79.99983856887174
 20
129.35222533524595
 10
80.00001300803736
 20
129.3518871020986
 10
80.09640844861045
 20
129.02250717343145
 10
80.09650907280128
 20
129.0223225676648
 10
80.11526207649761
 20
129.0006544109485
 10
80.1154511002894
 20
129.00032659936173
 10
80.11549790944063
 20
129.0
 10
80.80000000000004
 20
129.0
 10
80.90000000000005
 20
129.0
 10
80.9382683432365
 20
129.00761204674887
 10
80.97071067811865
 20
129.02928932188135
 10
80.99238795325113
 20
129.0617316567635
 10
80.99999999999999
 20
129.1
 10
80.99999999999999
 20
129.43147349946815
 10
80.99279989121922
 20
129.46873178968255
 10
80.97263924853301
 20
129.5
 10
82.70000000000007
 20
129.5
 10
82.70000000000007
 20
130.0
 10
80.90000000000005
 20
130.0
 10
80.80000000000004
 20
130.0
 10
79.20000000000003
 20
130.0
 10
79.10000000000004
 20
130.0
 10
77.30000000000001
 20
130.0
 10
77.30000000000001
 20
129.5
 10
79.02736075146701
 20
129.5
  0
LWPOLYLINE
  5
3E
330
17
100
AcDbEntity
  8
0
100
AcDbPolyline
 90
9
 70
0
 10
82.70000000000007
 20
129.0
 10
84.0000000000001
 20
129.0
 10
84.00000000000009
 20
127.70000000000005
 10
84.50000000000009
 20
127.70000000000003
 10
84.5000000000001
 20
129.0
 10
84.50000000000003
 20
129.5000000000002
 10
84.0000000000001
 20
129.5
 10
82.70000000000007
 20
129.5
 10
82.70000000000007
 20
129.0
  0
LWPOLYLINE
  5
3F
330
17
100
AcDbEntity
  8
0
100
AcDbPolyline
 90
46
 70
0
 10
84.50000000000007
 20
125.97140610309307
 10
84.48283351110102
 20
125.98857259199212
 10
84.44678552000067
 20
126.0035041588022
 10
84.40776745559745
 20
126.00350415880222
 10
84.3901508596643
 20
125.99999999999999
 10
84.10000000000008
 20
125.99999999999999
 10
84.06173165676357
 20
125.99238795325113
 10
84.02928932188142
 20
125.97071067811865
 10
84.00761204674895
 20
125.9382683432365
 10
84.00000000000007
 20
125.90000000000008
 10
84.00000000000009
 20
125.80000000000007
 10
84.00000000000007
 20
125.11844312890736
 10
84.00003680722246
 20
125.11844922513956
 10
84.00042477968066
 20
125.11835519951455
 10
84.23918596332705
 20
125.00632464351382
 10
84.23935114154023
 20
125.0062797495969
 10
84.28840049696036
 20
125.00175251241411
 10
84.28876289088335
 20
125.00164759228781
 10
84.28906062042955
 20
125.00141587110699
 10
84.2892513074934
 20
125.0010903315057
 10
84.28930781013808
 20
125.0007173100057
 10
84.28922208591344
 20
125.00034990158767
 10
84.28900633659886
 20
125.0000404022798
 10
84.28869127143146
 20
124.99983286546711
 10
84.00038268343152
 20
124.88041153850267
 10
84.00000000000007
 20
124.88033541803571
 10
84.00000000000006
 20
124.20000000000012
 10
84.00000000000004
 20
124.10000000000011
 10
84.00761204674892
 20
124.0617316567635
 10
84.0292893218814
 20
124.02928932188135
 10
84.06173165676354
 20
124.00761204674887
 10
84.10000000000005
 20
124.00000000000001
 10
84.42736627225261
 20
124.00000000000001
 10
84.4663891735409
 20
124.0079282172702
 10
84.49858017307508
 20
124.030013723832
 10
84.50000000000004
 20
124.02859389690704
 10
84.50000000000003
 20
122.30000000000014
 10
85.00000000000003
 20
122.30000000000013
 10
85.00000000000004
 20
124.1000000000001
 10
85.00000000000003
 20
124.2000000000001
 10
85.00000000000004
 20
125.00000000000036
 10
85.00000000000006
 20
125.80000000000005
 10
85.00000000000007
 20
125.90000000000006
 10
85.00000000000009
 20
127.70000000000003
 10
84.50000000000009
 20
127.70000000000003
 10
84.50000000000007
 20
125.97140610309307
  0
LWPOLYLINE
  5
40
330
17
100
AcDbEntity
  8
0
100
AcDbPolyline
 90
25
 70
0
 10
84.00000000000003
 20
122.30000000000014
 10
84.00000000000001
 20
120.50000000000017
 10
83.001103329978
 20
120.50000000000016
 10
83.02020508950027
 20
120.30605658495348
 10
83.02025241074607
 20
120.30581868379335
 10
83.16949269658106
 20
119.94552076143859
 10
83.16960003186215
 20
119.94536012270024
 10
83.44536012270024
 20
119.66960003186215
 10
83.44552076143859
 20
119.66949269658106
 10
83.80581868379335
 20
119.52025241074607
 10
83.80605658495348
 20
119.52020508950027
 10
84.00104912685083
 20
119.501
 10
84.49895087314917
 20
119.501
 10
84.69394341504652
 20
119.52020508950027
 10
84.69418131620665
 20
119.52025241074607
 10
85.05447923856141
 20
119.66949269658106
 10
85.05463987729976
 20
119.66960003186215
 10
85.33039996813785
 20
119.94536012270024
 10
85.33050730341894
 20
119.94552076143859
 10
85.47974758925393
 20
120.30581868379335
 10
85.47979491049973
 20
120.30605658495348
 10
85.498896670022
 20
120.50000000000017
 10
84.50000000000001
 20
120.50000000000017
 10
84.50000000000003
 20
122.30000000000014
 10
84.00000000000003
 20
122.30000000000014
  0
LWPOLYLINE
  5
41
330
17
100
AcDbEntity
  8
0
100
AcDbPolyline
 90
12
 70
0
 10
85.49889667002196
 20
129.50000000000023
 10
85.47979491049973
 20
129.69394341504648
 10
85.47974758925392
 20
129.69418131620665
 10
85.33050730341895
 20
130.05447923856136
 10
85.3303999681378
 20
130.05463987729982
 10
85.05463987729979
 20
130.33039996813784
 10
85.05447923856138
 20
130.33050730341895
 10
84.69418131620671
 20
130.47974758925392
 10
84.69394341504646
 20
130.47979491049975
 10
84.50000000000001
 20
130.498896670022
 10
84.50000000000003
 20
129.5000000000002
 10
85.49889667002196
 20
129.50000000000023
  0
LWPOLYLINE
  5
42
330
17
100
AcDbEntity
  8
0
100
AcDbPolyline
 90
16
 70
0
 10
74.5
 20
123.90000000000005
 10
74.5
 20
122.20000000000002
 10
75.0
 20
122.20000000000002
 10
75.0
 20
123.90000000000005
 10
75.5
 20
123.90000000000005
 10
75.49999999999999
 20
124.10000000000001
 10
75.49999999999999
 20
124.75315573508406
 10
75.49961731656784
 20
124.75323185555142
 10
75.19418131620665
 20
124.87974758925392
 10
75.19394341504652
 20
124.87979491049973
 10
74.99895087314917
 20
124.899
 10
74.5010491268508
 20
124.899
 10
74.50009801714238
 20
124.8989063238681
 10
74.50000000000001
 20
124.89891719376432
 10
74.50000000000001
 20
124.10000000000001
 10
74.5
 20
123.90000000000005
  0
LWPOLYLINE
  5
43
330
17
100
AcDbEntity
  8
0
100
AcDbPolyline
 90
18
 70
0
 10
75.0
 20
120.5
 10
75.0
 20
119.50108280623569
 10
75.00009801714238
 20
119.5010936761319
 10
75.0010491268508
 20
119.501
 10
75.49895087314917
 20
119.501
 10
75.69394341504652
 20
119.52020508950027
 10
75.69418131620665
 20
119.52025241074607
 10
76.05447923856141
 20
119.66949269658106
 10
76.05463987729976
 20
119.66960003186215
 10
76.33039996813785
 20
119.94536012270024
 10
76.33050730341894
 20
119.94552076143859
 10
76.47974758925393
 20
120.30581868379335
 10
76.47979491049973
 20
120.30605658495348
 10
76.49889667002199
 20
120.50000000000011
 10
75.5
 20
120.5000000000001
 10
75.5
 20
122.20000000000002
 10
75.0
 20
122.20000000000002
 10
75.0
 20
120.5
  0
LWPOLYLINE
  5
44
330
17
100
AcDbEntity
  8
0
100
AcDbPolyline
 90
12
 70
0
 10
59.16960003186221
 20
119.94536012270017
 10
59.445360122700166
 20
119.66960003186222
 10
59.445520761438644
 20
119.66949269658105
 10
59.80581868379334
 20
119.52025241074608
 10
59.806056584953495
 20
119.52020508950027
 10
60.0
 20
119.50110332997802
 10
60.0
 20
120.5
 10
59.00110332997801
 20
120.5
 10
59.02020508950026
 20
120.30605658495358
 10
59.02025241074609
 20
120.30581868379328
 10
59.16949269658103
 20
119.94552076143867
 10
59.16960003186221
 20
119.94536012270017
  0
LWPOLYLINE
  5
45
330
17
100
AcDbEntity
  8
0
100
AcDbPolyline
 90
5
 70
0
 10
60.49999999999999
 20
120.5
 10
60.49999999999999
 20
122.2
 10
59.99999999999999
 20
122.2
 10
60.0
 20
120.5
 10
60.49999999999999
 20
120.5
  0
LWPOLYLINE
  5
46
330
17
100
AcDbEntity
  8
0
100
AcDbPolyline
 90
16
 70
0
 10
59.99999999999999
 20
123.9
 10
60.49999999999999
 20
123.9
 10
60.49999999999999
 20
124.10000000000001
 10
60.49999999999999
 20
124.75315573508405
 10
60.49961731656784
 20
124.7532318555514
 10
60.19418131620666
 20
124.87974758925391
 10
60.193943415046505
 20
124.87979491049973
 10
59.998950873149184
 20
124.899
 10
59.501049126850674
 20
124.899
 10
59.50009801714237
 20
124.8989063238681
 10
59.49999999999999
 20
124.89891719376432
 10
59.49999999999999
 20
124.10000000000001
 10
59.49999999999999
 20
123.9
 10
59.49999999999999
 20
122.2
 10
59.99999999999999
 20
122.2
 10
59.99999999999999
 20
123.9
  0
LWPOLYLINE
  5
47
330
17
100
AcDbEntity
  8
0
100
AcDbPolyline
 90
25
 70
0
 10
59.02025241074609
 20
139.3058186837933
 10
59.169492696581045
 20
138.94552076143864
 10
59.1696000318622
 20
138.94536012270018
 10
59.445360122700116
 20
138.66960003186225
 10
59.445520761438715
 20
138.66949269658102
 10
59.80581868379329
 20
138.52025241074608
 10
59.80605658495355
 20
138.52020508950025
 10
60.00000000000001
 20
138.501103329978
 10
60.00000000000001
 20
139.5
 10
63.0
 20
139.5
 10
63.0
 20
140.0
 10
60.00000000000001
 20
140.0
 10
60.00000000000001
 20
140.998896670022
 10
59.80605658495355
 20
140.97979491049975
 10
59.80581868379329
 20
140.97974758925392
 10
59.445520761438715
 20
140.83050730341898
 10
59.445360122700116
 20
140.83039996813775
 10
59.1696000318622
 20
140.55463987729982
 10
59.169492696581045
 20
140.55447923856136
 10
59.02025241074609
 20
140.1941813162067
 10
59.02020508950025
 20
140.1939434150464
 10
59.001
 20
139.9989508731492
 10
59.001
 20
139.5010491268508
 10
59.02020508950025
 20
139.3060565849536
 10
59.02025241074609
 20
139.3058186837933
  0
LWPOLYLINE
  5
48
330
17
100
AcDbEntity
  8
0
100
AcDbPolyline
 90
16
 70
0
 10
65.99999999999999
 20
140.0
 10
65.99999999999999
 20
139.5
 10
66.60000000000001
 20
139.5
 10
66.85315573508406
 20
139.5
 10
66.85323185555141
 20
139.50038268343215
 10
66.97974758925392
 20
139.80581868379335
 10
66.97979491049973
 20
139.80605658495352
 10
66.999
 20
140.0010491268508
 10
66.999
 20
140.4989508731493
 10
66.9989063238681
 20
140.4999019828576
 10
66.99891719376431
 20
140.5
 10
66.60000000000001
 20
140.5
 10
65.99999999999999
 20
140.5
 10
63.0
 20
140.5
 10
63.0
 20
140.0
 10
65.99999999999999
 20
140.0
  0
LWPOLYLINE
  5
49
330
17
100
AcDbEntity
  8
0
100
AcDbPolyline
 90
16
 70
0
 10
68.99999999999997
 20
139.5
 10
68.99999999999997
 20
140.0
 10
71.99999999999997
 20
140.0
 10
71.99999999999997
 20
140.5
 10
68.99999999999997
 20
140.5
 10
68.39999999999999
 20
140.5
 10
68.00108280623569
 20
140.5
 10
68.0010936761319
 20
140.4999019828576
 10
68.001
 20
140.4989508731493
 10
68.001
 20
140.0010491268508
 10
68.02020508950027
 20
139.80605658495352
 10
68.02025241074608
 20
139.80581868379335
 10
68.14676814444859
 20
139.50038268343215
 10
68.14684426491594
 20
139.5
 10
68.39999999999999
 20
139.5
 10
68.99999999999997
 20
139.5
  0
LWPOLYLINE
  5
4A
330
17
100
AcDbEntity
  8
0
100
AcDbPolyline
 90
25
 70
0
 10
71.99999999999997
 20
139.5
 10
74.99999999999994
 20
139.5
 10
74.99999999999994
 20
138.501103329978
 10
75.19394341504646
 20
138.52020508950025
 10
75.19418131620671
 20
138.52025241074608
 10
75.55447923856138
 20
138.66949269658105
 10
75.55463987729979
 20
138.66960003186216
 10
75.8303999681378
 20
138.94536012270018
 10
75.83050730341895
 20
138.94552076143864
 10
75.97974758925392
 20
139.30581868379335
 10
75.97979491049973
 20
139.30605658495352
 10
75.999
 20
139.5010491268508
 10
75.999
 20
139.9989508731492
 10
75.97979491049973
 20
140.19394341504648
 10
75.97974758925392
 20
140.19418131620665
 10
75.83050730341895
 20
140.55447923856136
 10
75.8303999681378
 20
140.55463987729982
 10
75.55463987729979
 20
140.83039996813784
 10
75.55447923856138
 20
140.83050730341895
 10
75.19418131620671
 20
140.97974758925392
 10
75.19394341504646
 20
140.97979491049975
 10
74.99999999999996
 20
140.998896670022
 10
74.99999999999996
 20
140.0
 10
71.99999999999997
 20
140.0
 10
71.99999999999997
 20
139.5
  0
LWPOLYLINE
  5
4B
330
17
100
AcDbEntity
  8
0
100
AcDbPolyline
 90
28
 70
0
 10
75.39999999999998
 20
236.4459687318401
 10
75.39999999999998
 20
236.9
 10
75.39999999999999
 20
237.0
 10
75.39999999999998
 20
237.3
 10
75.39238795325112
 20
237.3382683432365
 10
75.37071067811864
 20
237.37071067811866
 10
75.33826834323649
 20
237.39238795325113
 10
75.29999999999998
 20
237.4
 10
75.0
 20
237.4
 10
74.96173165676349
 20
237.39238795325113
 10
74.92928932188134
 20
237.37071067811866
 10
74.90761204674887
 20
237.3382683432365
 10
74.89999999999998
 20
237.3
 10
74.89999999999999
 20
238.70000000000002
 10
74.39999999999999
 20
238.70000000000002
 10
74.4
 20
237.3
 10
74.39999999999999
 20
237.0
 10
74.4
 20
236.9
 10
74.4
 20
236.32589965063505
 10
74.64988803552403
 20
236.35405527020993
 10
74.65011196447598
 20
236.35405527020993
 10
74.99691222747808
 20
236.3149802650658
 10
74.99711773139506
 20
236.31500050540268
 10
75.39484530024407
 20
236.44176768288403
 10
75.39502461406856
 20
236.44187009502292
 10
75.39933365342229
 20
236.44572088801823
 10
75.39966091021513
 20
236.44591599986867
 10
75.39999999999998
 20
236.4459687318401
  0
LWPOLYLINE
  5
4C
330
17
100
AcDbEntity
  8
0
100
AcDbPolyline
 90
5
 70
0
 10
75.39999999999999
 20
238.70000000000002
 10
75.39999999999999
 20
240.4
 10
74.89999999999999
 20
240.4
 10
74.89999999999999
 20
238.70000000000002
 10
75.39999999999999
 20
238.70000000000002
  0
LWPOLYLINE
  5
4D
330
17
100
AcDbEntity
  8
0
100
AcDbPolyline
 90
25
 70
0
 10
75.09134171618254
 20
240.43806023374435
 10
75.25355339059327
 20
240.54644660940673
 10
75.36193976625563
 20
240.70865828381747
 10
75.39999999999999
 20
240.9
 10
78.19999999999999
 20
240.9
 10
78.19999999999999
 20
241.4
 10
75.39999999999999
 20
241.4
 10
75.39999999999999
 20
242.398896670022
 10
75.20605658495354
 20
242.37979491049975
 10
75.20581868379342
 20
242.37974758925395
 10
74.90038268343237
 20
242.2532318554675
 10
74.9
 20
242.253155735
 10
74.89961731656764
 20
242.2532318554675
 10
74.59418131620657
 20
242.37974758925395
 10
74.59394341504645
 20
242.37979491049975
 10
74.39999999999999
 20
242.398896670022
 10
74.39999999999999
 20
241.4
 10
72.6
 20
241.4
 10
72.6
 20
240.9
 10
74.39999999999999
 20
240.9
 10
74.43806023374435
 20
240.70865828381747
 10
74.54644660940671
 20
240.54644660940673
 10
74.70865828381744
 20
240.43806023374435
 10
74.89999999999999
 20
240.4
 10
75.09134171618254
 20
240.43806023374435
  0
LWPOLYLINE
  5
4E
330
17
100
AcDbEntity
  8
0
100
AcDbPolyline
 90
16
 70
0
 10
81.0
 20
241.4
 10
81.0
 20
240.9
 10
81.505901218
 20
240.9
 10
81.85315573508407
 20
240.9
 10
81.85323185555143
 20
240.90038268343216
 10
81.97974758925392
 20
241.20581868379335
 10
81.97979491049973
 20
241.20605658495353
 10
81.999
 20
241.4010491268508
 10
81.999
 20
241.89895087314932
 10
81.9989063238681
 20
241.8999019828576
 10
81.99891719376431
 20
241.9
 10
81.505901218
 20
241.9
 10
81.0
 20
241.9
 10
78.19999999999999
 20
241.9
 10
78.19999999999999
 20
241.4
 10
81.0
 20
241.4
  0
LWPOLYLINE
  5
4F
330
17
100
AcDbEntity
  8
0
100
AcDbPolyline
 90
46
 70
0
 10
70.8683305240999
 20
240.9
 10
70.86830489921269
 20
240.90001637401775
 10
70.88819212643483
 20
240.92195854794616
 10
70.89999999999999
 20
240.96909822162877
 10
70.89999999999999
 20
241.3
 10
70.89238795325113
 20
241.3382683432365
 10
70.87071067811866
 20
241.37071067811866
 10
70.8382683432365
 20
241.39238795325113
 10
70.79999999999998
 20
241.4
 10
70.69999999999997
 20
241.4
 10
70.02288102560574
 20
241.4
 10
70.02289078710973
 20
241.3999264354348
 10
70.02277829375066
 20
241.39953402350244
 10
69.91672516107235
 20
241.19816012489176
 10
69.91667176350481
 20
241.1979897566901
 10
69.8993126905347
 20
241.05724611032562
 10
69.89919133299745
 20
241.05687745433897
 10
69.89893875409537
 20
241.05658277012398
 10
69.8985930010232
 20
241.05640644740447
 10
69.89820615625634
 20
241.05637504653356
 10
69.89783649211306
 20
241.05649329757802
 10
69.89753969291029
 20
241.0567433878049
 10
69.89736046696282
 20
241.0570876449008
 10
69.80359155138974
 20
241.37749282656821
 10
69.80349092719872
 20
241.37767743233522
 10
69.78473792350238
 20
241.3993455890515
 10
69.78454889971059
 20
241.39967340063828
 10
69.78450209055936
 20
241.4
 10
69.1
 20
241.4
 10
68.99999999999999
 20
241.4
 10
68.9617316567635
 20
241.39238795325113
 10
68.92928932188136
 20
241.37071067811866
 10
68.90761204674888
 20
241.3382683432365
 10
68.90000000000002
 20
241.3
 10
68.90000000000002
 20
240.96852650053188
 10
68.90720010878078
 20
240.93126821031748
 10
68.92736075146702
 20
240.9
 10
67.19999999999997
 20
240.9
 10
67.19999999999997
 20
240.4
 10
68.99999999999999
 20
240.4
 10
69.1
 20
240.4
 10
70.69999999999997
 20
240.4
 10
70.79999999999998
 20
240.4
 10
72.6
 20
240.4
 10
72.6
 20
240.9
 10
70.8683305240999
 20
240.9
  0
LWPOLYLINE
  5
50
330
17
100
AcDbEntity
  8
0
100
AcDbPolyline
 90
25
 70
0
 10
67.19999999999997
 20
241.4
 10
65.39999999999998
 20
241.4
 10
65.39999999999998
 20
242.398896670022
 10
65.20605658495354
 20
242.37979491049975
 10
65.2058186837933
 20
242.37974758925392
 10
64.84552076143865
 20
242.23050730341896
 10
64.84536012270024
 20
242.23039996813785
 10
64.5696000318622
 20
241.95463987729983
 10
64.56949269658159
 20
241.9544792385622
 10
64.50405134853337
 20
241.7964898475697
 10
64.5038345757812
 20
241.7961654242188
 10
64.50351015243031
 20
241.79594865146663
 10
64.34552076143781
 20
241.7305073034184
 10
64.34536012270024
 20
241.73039996813785
 10
64.0696000318622
 20
241.45463987729983
 10
64.06949269658107
 20
241.4544792385614
 10
63.92025241074609
 20
241.0941813162067
 10
63.92020508950025
 20
241.09394341504643
 10
63.901103329978014
 20
240.90000000000003
 10
64.89999999999998
 20
240.9
 10
64.89999999999999
 20
239.1
 10
65.39999999999999
 20
239.1
 10
65.39999999999998
 20
240.9
 10
67.19999999999997
 20
240.9
 10
67.19999999999997
 20
241.4
  0
LWPOLYLINE
  5
51
330
17
100
AcDbEntity
  8
0
100
AcDbPolyline
 90
46
 70
0
 10
65.4
 20
237.37140610309305
 10
65.39858017307505
 20
237.36998627616808
 10
65.36638917354087
 20
237.39207178272983
 10
65.32736627225263
 20
237.4
 10
65.00000000000001
 20
237.4
 10
64.9617316567635
 20
237.39238795325113
 10
64.92928932188136
 20
237.37071067811866
 10
64.90761204674888
 20
237.3382683432365
 10
64.9
 20
237.3
 10
64.90000000000002
 20
237.20000000000002
 10
64.90000000000003
 20
236.51966458196432
 10
64.90038268343149
 20
236.51958846149734
 10
65.18869127143145
 20
236.40016713453286
 10
65.18900633659885
 20
236.3999595977202
 10
65.18922208591343
 20
236.3996500984123
 10
65.18930781013808
 20
236.3992826899943
 10
65.1892513074934
 20
236.3989096684943
 10
65.18906062042954
 20
236.398584128893
 10
65.18876289088334
 20
236.3983524077122
 10
65.18840049696036
 20
236.39824748758588
 10
65.13935114154029
 20
236.3937202504031
 10
65.13918596332701
 20
236.39367535648614
 10
64.90042477968062
 20
236.28164480048542
 10
64.90003680722242
 20
236.28155077486042
 10
64.90000000000003
 20
236.28155687109262
 10
64.90000000000005
 20
235.6
 10
64.90000000000003
 20
235.5
 10
64.90761204674891
 20
235.4617316567635
 10
64.92928932188138
 20
235.42928932188136
 10
64.96173165676353
 20
235.40761204674888
 10
65.00000000000004
 20
235.4
 10
65.29015085966422
 20
235.4
 10
65.30776745559734
 20
235.39649584119778
 10
65.34678552000058
 20
235.39649584119778
 10
65.38283351110094
 20
235.41142740800785
 10
65.40000000000003
 20
235.42859389690696
 10
65.40000000000005
 20
233.70000000000002
 10
65.90000000000005
 20
233.70000000000002
 10
65.90000000000003
 20
235.5
 10
65.90000000000002
 20
235.6
 10
65.9
 20
236.4
 10
65.89999999999999
 20
237.20000000000002
 10
65.9
 20
237.3
 10
65.89999999999999
 20
239.10000000000002
 10
65.39999999999999
 20
239.1
 10
65.4
 20
237.37140610309305
  0
LWPOLYLINE
  5
52
330
17
100
AcDbEntity
  8
0
100
AcDbPolyline
 90
25
 70
0
 10
64.90000000000005
 20
233.7
 10
64.90000000000006
 20
231.9
 10
63.90110332997801
 20
231.9
 10
63.92020508950025
 20
231.7060565849536
 10
63.92025241074609
 20
231.70581868379332
 10
64.06949269658105
 20
231.34552076143862
 10
64.0696000318622
 20
231.34536012270019
 10
64.34536012270024
 20
231.06960003186214
 10
64.34552076143865
 20
231.06949269658102
 10
64.7058186837933
 20
230.9202524107461
 10
64.70605658495353
 20
230.92020508950026
 10
64.90104912685067
 20
230.901
 10
65.39895087314933
 20
230.901
 10
65.59394341504647
 20
230.92020508950026
 10
65.5941813162067
 20
230.9202524107461
 10
65.95447923856135
 20
231.06949269658102
 10
65.95463987729975
 20
231.06960003186214
 10
66.2303999681378
 20
231.34536012270019
 10
66.23050730341895
 20
231.34552076143862
 10
66.37974758925391
 20
231.70581868379335
 10
66.37979491049973
 20
231.70605658495353
 10
66.39889667002198
 20
231.9
 10
65.40000000000006
 20
231.9
 10
65.40000000000005
 20
233.70000000000002
 10
64.90000000000005
 20
233.7
  0
LWPOLYLINE
  5
53
330
17
100
AcDbEntity
  8
0
100
AcDbPolyline
 90
16
 70
0
 10
83.8
 20
240.9
 10
83.8
 20
241.4
 10
86.60000000000001
 20
241.4
 10
86.60000000000001
 20
241.9
 10
83.8
 20
241.9
 10
83.30590121799999
 20
241.9
 10
82.80108280623568
 20
241.9
 10
82.8010936761319
 20
241.8999019828576
 10
82.801
 20
241.89895087314932
 10
82.801
 20
241.4010491268508
 10
82.82020508950026
 20
241.2060565849536
 10
82.8202524107461
 20
241.2058186837933
 10
82.94676814444857
 20
240.90038268343216
 10
82.94684426491592
 20
240.9
 10
83.30590121799999
 20
240.9
 10
83.8
 20
240.9
  0
LWPOLYLINE
  5
54
330
17
100
AcDbEntity
  8
0
100
AcDbPolyline
 90
27
 70
0
 10
86.60000000000001
 20
240.9
 10
89.40000000000002
 20
240.9000000000001
 10
89.43806023374438
 20
240.70865828381753
 10
89.54644660940676
 20
240.54644660940681
 10
89.70865828381748
 20
240.43806023374444
 10
89.90000000000003
 20
240.4000000000001
 10
89.9
 20
238.70000000000007
 10
90.4
 20
238.70000000000007
 10
90.4
 20
240.4
 10
92.20000000000003
 20
240.4
 10
92.20000000000003
 20
240.9
 10
90.4
 20
240.9
 10
90.39999999999999
 20
241.89889667001867
 10
90.26000966014537
 20
241.88510882427383
 10
90.25959020353775
 20
241.88515707886947
 10
90.25922805069901
 20
241.88537414492635
 10
90.25898776346732
 20
241.88572132556803
 10
90.23050730341888
 20
241.95447923856148
 10
90.2303999681378
 20
241.95463987729983
 10
89.95463987729975
 20
242.23039996813785
 10
89.95447923856135
 20
242.23050730341896
 10
89.5941813162067
 20
242.37974758925392
 10
89.59394341504645
 20
242.37979491049975
 10
89.39999999999999
 20
242.398896670022
 10
89.4
 20
241.4
 10
86.60000000000001
 20
241.4
 10
86.60000000000001
 20
240.9
  0
LWPOLYLINE
  5
55
330
17
100
AcDbEntity
  8
0
100
AcDbPolyline
 90
28
 70
0
 10
89.4
 20
238.70000000000007
 10
89.40000000000002
 20
237.3
 10
89.4
 20
237.00000000000006
 10
89.40000000000002
 20
236.90000000000006
 10
89.40000000000002
 20
236.32589965063505
 10
89.64988803552403
 20
236.35405527020993
 10
89.65011196447598
 20
236.35405527020993
 10
89.99691222747808
 20
236.3149802650658
 10
89.99711773139506
 20
236.31500050540268
 10
90.39484530024407
 20
236.44176768288403
 10
90.39502461406856
 20
236.44187009502292
 10
90.3993336534223
 20
236.44572088801826
 10
90.39966091021515
 20
236.4459159998687
 10
90.39999999999999
 20
236.44596873184014
 10
90.39999999999999
 20
236.90000000000006
 10
90.4
 20
237.00000000000006
 10
90.39999999999999
 20
237.3
 10
90.39238795325113
 20
237.3382683432365
 10
90.37071067811866
 20
237.37071067811866
 10
90.3382683432365
 20
237.39238795325113
 10
90.3
 20
237.4
 10
90.00000000000001
 20
237.4
 10
89.9617316567635
 20
237.39238795325113
 10
89.92928932188136
 20
237.37071067811866
 10
89.90761204674888
 20
237.3382683432365
 10
89.89999999999999
 20
237.3
 10
89.9
 20
238.70000000000007
 10
89.4
 20
238.70000000000007
  0
LWPOLYLINE
  5
56
330
17
100
AcDbEntity
  8
0
100
AcDbPolyline
 90
45
 70
0
 10
93.92736075146702
 20
240.9
 10
93.90720010878078
 20
240.86873178968253
 10
93.90000000000002
 20
240.83147349946813
 10
93.90000000000002
 20
240.5
 10
93.90761204674888
 20
240.4617316567635
 10
93.92928932188136
 20
240.42928932188136
 10
93.9617316567635
 20
240.40761204674888
 10
94.00000000000004
 20
240.4
 10
94.10000000000005
 20
240.4
 10
94.77180802546887
 20
240.4
 10
94.77179761811429
 20
240.40013782270407
 10
94.77194376902447
 20
240.40053586133345
 10
94.86015679215046
 20
240.5395247761101
 10
94.86022619733063
 20
240.53970316174556
 10
94.89806881347064
 20
240.75178188804844
 10
94.89820573242434
 20
240.7521369709748
 10
94.89846539995624
 20
240.75241518574316
 10
94.89881020823998
 20
240.75257623831823
 10
94.8991902184558
 20
240.7525968033453
 10
94.89955039346404
 20
240.75247390237746
 10
94.89983856887174
 20
240.75222533524595
 10
94.90001300803736
 20
240.7518871020986
 10
94.99640844861044
 20
240.42250717343146
 10
94.99650907280129
 20
240.42232256766476
 10
95.0152620764976
 20
240.4006544109485
 10
95.0154511002894
 20
240.40032659936173
 10
95.01549790944063
 20
240.4
 10
95.70000000000006
 20
240.4
 10
95.80000000000007
 20
240.4
 10
95.8382683432365
 20
240.40761204674888
 10
95.87071067811866
 20
240.42928932188136
 10
95.89238795325113
 20
240.4617316567635
 10
95.89999999999999
 20
240.5
 10
95.89999999999999
 20
240.8314734994682
 10
95.89279989121921
 20
240.8687317896826
 10
95.87263924853302
 20
240.9
 10
97.60000000000008
 20
240.9
 10
97.60000000000008
 20
241.4
 10
95.80000000000007
 20
241.4
 10
95.70000000000006
 20
241.4
 10
94.10000000000004
 20
241.4
 10
94.00000000000004
 20
241.4
 10
92.20000000000003
 20
241.4
 10
92.20000000000003
 20
240.9
 10
93.92736075146702
 20
240.9
  0
LWPOLYLINE
  5
57
330
17
100
AcDbEntity
  8
0
100
AcDbPolyline
 90
9
 70
0
 10
97.60000000000008
 20
240.4
 10
98.9000000000001
 20
240.4
 10
98.90000000000009
 20
239.10000000000005
 10
99.40000000000009
 20
239.10000000000005
 10
99.4000000000001
 20
240.4
 10
99.40000000000003
 20
240.9000000000002
 10
98.9000000000001
 20
240.9
 10
97.60000000000008
 20
240.9
 10
97.60000000000008
 20
240.4
  0
LWPOLYLINE
  5
58
330
17
100
AcDbEntity
  8
0
100
AcDbPolyline
 90
46
 70
0
 10
99.40000000000008
 20
237.3714061030931
 10
99.38283351110105
 20
237.38857259199213
 10
99.34678552000071
 20
237.4035041588022
 10
99.30776745559749
 20
237.40350415880224
 10
99.29015085966434
 20
237.4
 10
99.00000000000009
 20
237.4
 10
98.96173165676358
 20
237.39238795325113
 10
98.92928932188143
 20
237.37071067811866
 10
98.90761204674895
 20
237.3382683432365
 10
98.90000000000008
 20
237.3000000000001
 10
98.90000000000009
 20
237.2000000000001
 10
98.90000000000008
 20
236.51844312890736
 10
98.90003680722246
 20
236.51844922513956
 10
98.90042477968066
 20
236.51835519951456
 10
99.13918596332692
 20
236.40632464351387
 10
99.1393511415403
 20
236.4062797495969
 10
99.18840049696036
 20
236.4017525124141
 10
99.18876289088334
 20
236.4016475922878
 10
99.18906062042954
 20
236.401415871107
 10
99.1892513074934
 20
236.40109033150569
 10
99.18930781013808
 20
236.4007173100057
 10
99.18922208591343
 20
236.40034990158767
 10
99.18900633659885
 20
236.40004040227979
 10
99.18869127143145
 20
236.39983286546712
 10
98.90038268343153
 20
236.2804115385027
 10
98.90000000000008
 20
236.28033541803572
 10
98.90000000000006
 20
235.60000000000014
 10
98.90000000000005
 20
235.50000000000014
 10
98.90761204674892
 20
235.4617316567635
 10
98.9292893218814
 20
235.42928932188136
 10
98.96173165676355
 20
235.40761204674888
 10
99.00000000000006
 20
235.4
 10
99.3273662722526
 20
235.4
 10
99.36638917354091
 20
235.4079282172702
 10
99.3985801730751
 20
235.43001372383202
 10
99.40000000000005
 20
235.42859389690707
 10
99.40000000000003
 20
233.7000000000002
 10
99.90000000000003
 20
233.7000000000002
 10
99.90000000000005
 20
235.50000000000014
 10
99.90000000000003
 20
235.60000000000014
 10
99.90000000000005
 20
236.40000000000046
 10
99.90000000000006
 20
237.2000000000001
 10
99.90000000000008
 20
237.3000000000001
 10
99.90000000000009
 20
239.10000000000005
 10
99.40000000000009
 20
239.10000000000005
 10
99.40000000000008
 20
237.3714061030931
  0
LWPOLYLINE
  5
59
330
17
100
AcDbEntity
  8
0
100
AcDbPolyline
 90
25
 70
0
 10
98.90000000000003
 20
233.7000000000002
 10
98.90000000000002
 20
231.90000000000023
 10
97.901103329978
 20
231.9000000000002
 10
97.92020508950027
 20
231.70605658495353
 10
97.92025241074609
 20
231.70581868379335
 10
98.06949269658105
 20
231.34552076143862
 10
98.0696000318622
 20
231.34536012270019
 10
98.34536012270024
 20
231.06960003186214
 10
98.34552076143865
 20
231.06949269658102
 10
98.7058186837933
 20
230.9202524107461
 10
98.70605658495353
 20
230.92020508950026
 10
98.90104912685067
 20
230.901
 10
99.39895087314933
 20
230.901
 10
99.59394341504647
 20
230.92020508950026
 10
99.5941813162067
 20
230.9202524107461
 10
99.95447923856135
 20
231.06949269658102
 10
99.95463987729975
 20
231.06960003186214
 10
100.2303999681378
 20
231.34536012270019
 10
100.23050730341895
 20
231.34552076143862
 10
100.37974758925391
 20
231.70581868379335
 10
100.37979491049973
 20
231.70605658495353
 10
100.39889667002201
 20
231.90000000000023
 10
99.40000000000002
 20
231.90000000000023
 10
99.40000000000003
 20
233.7000000000002
 10
98.90000000000003
 20
233.7000000000002
  0
LWPOLYLINE
  5
5A
330
17
100
AcDbEntity
  8
0
100
AcDbPolyline
 90
12
 70
0
 10
100.39889667002197
 20
240.90000000000023
 10
100.37979491049973
 20
241.09394341504648
 10
100.37974758925391
 20
241.09418131620666
 10
100.23050730341893
 20
241.4544792385614
 10
100.2303999681378
 20
241.45463987729983
 10
99.95463987729975
 20
241.73039996813785
 10
99.95447923856135
 20
241.73050730341896
 10
99.5941813162067
 20
241.87974758925392
 10
99.59394341504645
 20
241.87979491049975
 10
99.40000000000002
 20
241.898896670022
 10
99.40000000000003
 20
240.9000000000002
 10
100.39889667002197
 20
240.90000000000023
  0
LWPOLYLINE
  5
5B
330
17
100
AcDbEntity
  8
0
100
AcDbPolyline
 90
16
 70
0
 10
89.4
 20
235.30000000000004
 10
89.4
 20
233.60000000000002
 10
89.9
 20
233.60000000000002
 10
89.9
 20
235.30000000000004
 10
90.4
 20
235.30000000000004
 10
90.39999999999999
 20
235.5
 10
90.39999999999999
 20
236.15315573508406
 10
90.39961731656784
 20
236.15323185555144
 10
90.09418131620673
 20
236.2797475892539
 10
90.09394341504628
 20
236.27979491049976
 10
89.89895087314933
 20
236.299
 10
89.40104912685065
 20
236.299
 10
89.40009801714238
 20
236.29890632386812
 10
89.40000000000002
 20
236.29891719376434
 10
89.40000000000002
 20
235.5
 10
89.4
 20
235.30000000000004
  0
LWPOLYLINE
  5
5C
330
17
100
AcDbEntity
  8
0
100
AcDbPolyline
 90
17
 70
0
 10
89.9
 20
231.9
 10
89.90590121775234
 20
231.9
 10
89.90590121775234
 20
230.901
 10
90.39895087314933
 20
230.901
 10
90.59394341504647
 20
230.92020508950026
 10
90.5941813162067
 20
230.9202524107461
 10
90.95447923856135
 20
231.06949269658102
 10
90.95463987729975
 20
231.06960003186214
 10
91.2303999681378
 20
231.34536012270019
 10
91.23050730341895
 20
231.34552076143862
 10
91.37974758925391
 20
231.70581868379335
 10
91.37979491049973
 20
231.70605658495353
 10
91.398896670022
 20
231.90000000000012
 10
90.4
 20
231.9000000000001
 10
90.4
 20
233.60000000000002
 10
89.9
 20
233.60000000000002
 10
89.9
 20
231.9
  0
LWPOLYLINE
  5
5D
330
17
100
AcDbEntity
  8
0
100
AcDbPolyline
 90
12
 70
0
 10
74.0696000318622
 20
231.34536012270019
 10
74.34536012270024
 20
231.06960003186214
 10
74.34552076143865
 20
231.06949269658102
 10
74.7058186837933
 20
230.9202524107461
 10
74.70605658495354
 20
230.92020508950026
 10
74.89999999999999
 20
230.901103329978
 10
74.89999999999999
 20
231.9
 10
73.90110332997803
 20
231.9
 10
73.92020508950027
 20
231.70605658495353
 10
73.92025241074609
 20
231.70581868379335
 10
74.06949269658105
 20
231.34552076143862
 10
74.0696000318622
 20
231.34536012270019
  0
LWPOLYLINE
  5
5E
330
17
100
AcDbEntity
  8
0
100
AcDbPolyline
 90
5
 70
0
 10
75.39999999999999
 20
231.9
 10
75.39999999999999
 20
233.6
 10
74.89999999999999
 20
233.6
 10
74.89999999999999
 20
231.9
 10
75.39999999999999
 20
231.9
  0
LWPOLYLINE
  5
5F
330
17
100
AcDbEntity
  8
0
100
AcDbPolyline
 90
16
 70
0
 10
74.89999999999999
 20
235.3
 10
75.39999999999999
 20
235.3
 10
75.39999999999998
 20
235.5
 10
75.39999999999998
 20
236.15315573508406
 10
75.39961731656783
 20
236.15323185555144
 10
75.09418131620673
 20
236.2797475892539
 10
75.09394341504628
 20
236.27979491049976
 10
74.89895087314933
 20
236.299
 10
74.40104912685065
 20
236.299
 10
74.40009801714237
 20
236.29890632386812
 10
74.4
 20
236.29891719376434
 10
74.4
 20
235.5
 10
74.39999999999999
 20
235.3
 10
74.39999999999999
 20
233.6
 10
74.89999999999999
 20
233.6
 10
74.89999999999999
 20
235.3
  0
LWPOLYLINE
  5
60
330
17
100
AcDbEntity
  8
0
100
AcDbPolyline
 90
16
 70
0
 10
81.505901218
 20
250.90000000000006
 10
81.75315573508408
 20
250.90000000000006
 10
81.75323185555143
 20
250.9003826834322
 10
81.87974758925391
 20
251.20581868379335
 10
81.87979491049973
 20
251.20605658495353
 10
81.899
 20
251.4010491268508
 10
81.899
 20
251.8989508731492
 10
81.89890632386809
 20
251.8999019828577
 10
81.8989171937643
 20
251.90000000000006
 10
81.505901218
 20
251.90000000000006
 10
80.89999999999999
 20
251.90000000000006
 10
77.9
 20
251.90000000000006
 10
77.9
 20
251.40000000000006
 10
80.89999999999999
 20
251.40000000000006
 10
80.89999999999998
 20
250.90000000000006
 10
81.505901218
 20
250.90000000000006
  0
LWPOLYLINE
  5
61
330
17
100
AcDbEntity
  8
0
100
AcDbPolyline
 90
25
 70
0
 10
74.90000000000002
 20
251.4000000000001
 10
74.90000000000002
 20
252.398896670022
 10
74.70605658495354
 20
252.37979491049975
 10
74.7058186837933
 20
252.37974758925392
 10
74.34552076143865
 20
252.23050730341896
 10
74.34536012270024
 20
252.23039996813785
 10
74.0696000318622
 20
251.95463987729983
 10
74.06949269658107
 20
251.9544792385614
 10
73.92025241074609
 20
251.59418131620666
 10
73.92020508950027
 20
251.59394341504648
 10
73.90100000000001
 20
251.3989508731492
 10
73.90100000000001
 20
250.9010491268508
 10
73.92020508950027
 20
250.70605658495353
 10
73.92025241074609
 20
250.70581868379335
 10
74.06949269658105
 20
250.34552076143862
 10
74.0696000318622
 20
250.34536012270019
 10
74.34536012270024
 20
250.06960003186214
 10
74.34552076143865
 20
250.06949269658102
 10
74.7058186837933
 20
249.9202524107461
 10
74.70605658495354
 20
249.92020508950026
 10
74.90000000000002
 20
249.901103329978
 10
74.90000000000002
 20
250.9000000000001
 10
77.9
 20
250.90000000000006
 10
77.9
 20
251.40000000000006
 10
74.90000000000002
 20
251.4000000000001
  0
LWPOLYLINE
  5
62
330
17
100
AcDbEntity
  8
0
100
AcDbPolyline
 90
16
 70
0
 10
83.89999999999996
 20
250.90000000000003
 10
83.89999999999998
 20
251.40000000000003
 10
86.89999999999995
 20
251.40000000000003
 10
86.89999999999995
 20
251.90000000000003
 10
83.89999999999998
 20
251.90000000000003
 10
83.30590121799999
 20
251.90000000000003
 10
82.9010828062357
 20
251.90000000000003
 10
82.90109367613192
 20
251.89990198285764
 10
82.90100000000001
 20
251.89895087314918
 10
82.90100000000001
 20
251.4010491268508
 10
82.92020508950027
 20
251.20605658495353
 10
82.92025241074609
 20
251.20581868379335
 10
83.04676814444858
 20
250.90038268343218
 10
83.04684426491593
 20
250.90000000000003
 10
83.30590121799999
 20
250.90000000000003
 10
83.89999999999996
 20
250.90000000000003
  0
LWPOLYLINE
  5
63
330
17
100
AcDbEntity
  8
0
100
AcDbPolyline
 90
25
 70
0
 10
86.89999999999995
 20
250.90000000000003
 10
89.89999999999993
 20
250.9
 10
89.89999999999995
 20
249.901103329978
 10
90.09394341504647
 20
249.92020508950026
 10
90.0941813162067
 20
249.9202524107461
 10
90.45447923856135
 20
250.06949269658102
 10
90.45463987729975
 20
250.06960003186214
 10
90.7303999681378
 20
250.34536012270019
 10
90.73050730341895
 20
250.34552076143862
 10
90.87974758925391
 20
250.70581868379335
 10
90.87979491049973
 20
250.70605658495353
 10
90.899
 20
250.9010491268508
 10
90.899
 20
251.3989508731492
 10
90.87979491049973
 20
251.59394341504648
 10
90.87974758925391
 20
251.59418131620666
 10
90.73050730341893
 20
251.9544792385614
 10
90.7303999681378
 20
251.95463987729983
 10
90.45463987729975
 20
252.23039996813785
 10
90.45447923856135
 20
252.23050730341896
 10
90.0941813162067
 20
252.37974758925392
 10
90.09394341504647
 20
252.37979491049975
 10
89.89999999999992
 20
252.398896670022
 10
89.89999999999993
 20
251.4
 10
86.89999999999995
 20
251.40000000000003
 10
86.89999999999995
 20
250.90000000000003
  0
LWPOLYLINE
  5
64
330
17
100
AcDbEntity
  8
0
100
AcDbPolyline
 90
27
 70
0
 10
173.7707292029544
 20
84.42299932640931
 10
174.01231247784307
 20
84.10710523739631
 10
174.01246804524092
 20
84.10697175488404
 10
174.37405140391962
 20
83.90926480085928
 10
174.37429483910992
 20
83.9090641861314
 10
174.65739412963072
 20
84.17400235291262
 10
174.7304079721729
 20
84.24233227898621
 10
174.9921394691499
 20
84.48727341914388
 10
175.01663908377412
 20
84.52310290511194
 10
175.02364976905648
 20
84.56593786131995
 10
175.01185072368077
 20
84.60770825406041
 10
174.99384615026858
 20
84.62853569063365
 10
174.99496517262028
 20
84.62954281075024
 10
174.79684125968984
 20
84.84968049177417
 10
174.7651436033218
 20
84.87324137424302
 10
174.72679600399712
 20
84.88269220637412
 10
174.6877801373133
 20
84.8765587938781
 10
174.654181918993
 20
84.85579786115244
 10
174.65759378190864
 20
84.85899084939525
 10
175.8501257255166
 20
85.97502058718193
 10
175.50847609514852
 20
86.34008979989285
 10
174.31963623175176
 20
85.22751529140382
 10
174.0471087114368
 20
84.97247070440805
 10
173.97409486889464
 20
84.90414077833445
 10
173.60840304077192
 20
84.5619084740024
 10
173.77058496486555
 20
84.42315169863316
 10
173.7707292029544
 20
84.42299932640931
  0
LWPOLYLINE
  5
65
330
17
100
AcDbEntity
  8
0
100
AcDbPolyline
 90
19
 70
0
 10
176.19177535588466
 20
85.60995137447101
 10
177.648445260475
 20
86.97317433916854
 10
178.33108468686038
 20
86.24394871459184
 10
178.45955417847352
 20
86.3903241452198
 10
178.4596955541291
 20
86.39052127440989
 10
178.6207889006409
 20
86.74571608477953
 10
178.6208328406441
 20
86.74590423688237
 10
178.63372266991396
 20
87.13570966482054
 10
178.63369125563892
 20
87.1359003093233
 10
178.49641485664839
 20
87.50096141409685
 10
178.4962868112061
 20
87.50116745568045
 10
178.37705035860253
 20
87.65664831813646
 10
178.03689255540058
 20
88.02003155081852
 10
178.0362036244834
 20
88.02074965836792
 10
178.03619689191908
 20
88.02076023704625
 10
177.3115859561186
 20
87.34254047125796
 10
177.3114931092283
 20
87.34263968266673
 10
175.8501257255166
 20
85.97502058718193
 10
176.19177535588466
 20
85.60995137447101
  0
LWPOLYLINE
  5
66
330
17
100
AcDbEntity
  8
0
100
AcDbPolyline
 90
16
 70
0
 10
170.00360608264612
 20
78.13546034755753
 10
170.19366377623405
 20
78.15415032475943
 10
170.1939016850229
 20
78.15419760998212
 10
170.55422221211495
 20
78.3033833100389
 10
170.55438286644187
 20
78.30349062088644
 10
170.83018473219653
 20
78.57920893284431
 10
170.8302920914476
 20
78.5793695543101
 10
170.97958695990127
 20
78.9396448635422
 10
170.9796343178805
 20
78.93988275814088
 10
170.998868947454
 20
79.1348723873458
 10
170.99890709701148
 20
79.38669109849613
 10
170.99901034657037
 20
79.38713348362779
 10
170.99929865409993
 20
79.38748454465458
 10
171.028694205771
 20
79.41002180217434
 10
170.0046561906697
 20
80.50454420524274
 10
170.00360608264612
 20
78.13546034755753
  0
LWPOLYLINE
  5
67
330
17
100
AcDbEntity
  8
0
100
AcDbPolyline
 90
5
 70
0
 10
170.34630582103776
 20
80.13947499253182
 10
171.80767320474948
 20
81.50709408801661
 10
171.4660235743814
 20
81.87216330072754
 10
170.0046561906697
 20
80.50454420524274
 10
170.34630582103776
 20
80.13947499253182
  0
LWPOLYLINE
  5
68
330
17
100
AcDbEntity
  8
0
100
AcDbPolyline
 90
16
 70
0
 10
172.92739095809313
 20
83.23978239621233
 10
173.2690405884612
 20
82.87471318350141
 10
173.67707121538382
 20
83.256568207188
 10
173.89196237376606
 20
83.45767386681204
 10
173.89175646493803
 20
83.45800529174949
 10
173.77542627039392
 20
83.76746395893231
 10
173.77529826355686
 20
83.76766999492865
 10
173.65608237723518
 20
83.92316436513921
 10
173.3158664819145
 20
84.28670156233875
 10
173.31514819289265
 20
84.28733199518285
 10
173.31508915438224
 20
84.2874109886551
 10
173.00456797798572
 20
83.99681007944795
 10
172.5857413277251
 20
83.60485160892325
 10
171.12437394401334
 20
82.23723251343846
 10
171.4660235743814
 20
81.87216330072754
 10
172.92739095809313
 20
83.23978239621233
  0
LWPOLYLINE
  5
69
330
17
100
AcDbEntity
  8
0
100
AcDbPolyline
 90
5
 70
0
 10
170.00478962839503
 20
93.44454234197954
 10
169.5047896284216
 20
93.44454749799749
 10
169.5046561906963
 20
80.50454936126069
 10
170.0046561906697
 20
80.50454420524274
 10
170.00478962839503
 20
93.44454234197954
  0
LWPOLYLINE
  5
6A
330
17
100
AcDbEntity
  8
0
100
AcDbPolyline
 90
15
 70
0
 10
170.50478962836843
 20
93.4445371859616
 10
170.50492306609377
 20
106.38453532269841
 10
170.50493336696374
 20
107.38345251644314
 10
170.50483534971326
 20
107.38344164755777
 10
170.50388424083957
 20
107.38353533350661
 10
170.0059824945361
 20
107.38354046749349
 10
169.8109897558705
 20
107.36433739009584
 10
169.81075185393706
 20
107.36429007068486
 10
169.50531454813697
 20
107.2377774861658
 10
169.50493186391964
 20
107.23770136964448
 10
169.50493186391947
 20
107.23770136964451
 10
169.50492306614692
 20
106.38454563473431
 10
170.00492306612034
 20
106.38454047871636
 10
170.00478962839503
 20
93.44454234197954
 10
170.50478962836843
 20
93.4445371859616
  0
LWPOLYLINE
  5
6B
330
17
100
AcDbEntity
  8
0
100
AcDbPolyline
 90
5
 70
0
 10
140.00452275294438
 20
93.44454234197954
 10
140.0046561906697
 20
80.50454420524274
 10
140.50465619064312
 20
80.50454936126069
 10
140.50452275291778
 20
93.44454749799749
 10
140.00452275294438
 20
93.44454234197954
  0
LWPOLYLINE
  5
6C
330
17
100
AcDbEntity
  8
0
100
AcDbPolyline
 90
15
 70
0
 10
140.00438931521907
 20
106.38454047871636
 10
140.50438931519247
 20
106.38454563473431
 10
140.50438051741992
 20
107.23770136956723
 10
140.50438051741898
 20
107.23770136956705
 10
140.50399783320154
 20
107.23777748608873
 10
140.19856052829573
 20
107.36429007058834
 10
140.19832262537878
 20
107.36433739007128
 10
140.0033298864639
 20
107.38354046749349
 10
139.50542814016043
 20
107.38353533350661
 10
139.50447703162615
 20
107.3834416475912
 10
139.50437901437567
 20
107.38345251647657
 10
139.50438931524565
 20
106.38453532269841
 10
139.50452275297096
 20
93.4445371859616
 10
140.00452275294438
 20
93.44454234197954
 10
140.00438931521907
 20
106.38454047871636
  0
LWPOLYLINE
  5
6D
330
17
100
AcDbEntity
  8
0
100
AcDbPolyline
 90
20
 70
0
 10
138.54328880695797
 20
81.87216330072754
 10
138.2016391765899
 20
81.50709408801661
 10
139.662372044323
 20
80.14006880362848
 10
138.97909132518242
 20
79.41129963017977
 10
139.00517164269857
 20
79.39130173753925
 10
139.00545998422734
 20
79.39095054989002
 10
139.00556315398853
 20
79.39050802350373
 10
139.00552516043106
 20
79.13971928335341
 10
139.02470070863612
 20
78.94472383601978
 10
139.02474799449686
 20
78.94448592714858
 10
139.17393369403962
 20
78.58416539888397
 10
139.1740410048865
 20
78.58400474455802
 10
139.44975931633593
 20
78.30820287931199
 10
139.44991993864585
 20
78.30809551982766
 10
139.81019524854224
 20
78.15880065109872
 10
139.81043314314104
 20
78.15875329311946
 10
140.00007619048617
 20
78.14004607366145
 10
140.00009827650214
 20
80.49967385272704
 10
140.0046561906697
 20
80.50454420524274
 10
138.54328880695797
 20
81.87216330072754
  0
LWPOLYLINE
  5
6E
330
17
100
AcDbEntity
  8
0
100
AcDbPolyline
 90
16
 70
0
 10
138.88493843732604
 20
82.23723251343846
 10
137.42357105361432
 20
83.60485160892324
 10
137.00417411750456
 20
83.99734378084698
 10
136.69422322679293
 20
84.28741098880883
 10
136.6941641882825
 20
84.28733199533659
 10
136.6934458990854
 20
84.2867015623386
 10
136.35323000376482
 20
83.92316436513921
 10
136.23401411810715
 20
83.76766999579473
 10
136.23388611199277
 20
83.76746395996099
 10
136.11755591689004
 20
83.45800529129214
 10
136.117350008062
 20
83.45767386635471
 10
136.33224116577134
 20
83.2565682073604
 10
136.7402717928782
 20
82.87471318350141
 10
137.08192142324626
 20
83.23978239621233
 10
138.54328880695797
 20
81.87216330072754
 10
138.88493843732604
 20
82.23723251343846
  0
LWPOLYLINE
  5
6F
330
17
100
AcDbEntity
  8
0
100
AcDbPolyline
 90
32
 70
0
 10
139.504122439795
 20
132.26453159617202
 10
139.50423273141237
 20
121.56910554870612
 10
139.50423823832588
 20
121.03507778116841
 10
139.50424345130648
 20
120.52955388235632
 10
139.5045284163738
 20
120.52952443168212
 10
139.50485729900203
 20
120.52935532315114
 10
139.54587950097275
 20
120.4974577646071
 10
139.54604251168928
 20
120.49737394554963
 10
139.9003443979816
 20
120.39204714304155
 10
139.90052672464668
 20
120.39202829988184
 10
140.2688807136841
 20
120.42266979805379
 10
140.26905742136287
 20
120.42271850770616
 10
140.50380396342678
 20
120.53754973795826
 10
140.50419359832145
 20
120.53765021387282
 10
140.504243367949
 20
120.53764255071249
 10
140.5042376397019
 20
121.09313393452004
 10
140.49595389987968
 20
121.1329842222404
 10
140.4724758411167
 20
121.16623247833844
 10
140.43769299305896
 20
121.18737057801245
 10
140.3973677111062
 20
121.1928966446307
 10
140.39004576204084
 20
121.19239244073219
 10
140.34081505704282
 20
121.2109457637144
 10
140.15861817926623
 20
121.32901339838779
 10
140.11876700318305
 20
121.34403190647379
 10
140.07628039318047
 20
121.34110619445285
 10
140.0388640259888
 20
121.32076689046964
 10
140.01330400268762
 20
121.28670287677213
 10
140.00423607267572
 20
121.24509224753342
 10
140.00423535575104
 20
121.31461534853582
 10
140.00423473615976
 20
121.3746996304097
 10
140.00412243976842
 20
132.26453675218997
 10
139.504122439795
 20
132.26453159617202
  0
LWPOLYLINE
  5
70
330
17
100
AcDbEntity
  8
0
100
AcDbPolyline
 90
28
 70
0
 10
140.50412243974185
 20
132.26454190820792
 10
140.5039927772209
 20
144.8384431435146
 10
146.00359375226813
 20
144.837609970348
 10
146.00368121911322
 20
145.41496023291216
 10
152.00274998097927
 20
145.4140513918636
 10
152.0026625141342
 20
144.83670112929946
 10
152.81076629460165
 20
144.83657870398375
 10
152.81084247304295
 20
144.83696137587847
 10
152.81105929494035
 20
144.83728576638325
 10
152.83306591419603
 20
144.85928571884355
 10
152.83317327344758
 20
144.8594463403101
 10
152.98246814141552
 20
145.21972164837
 10
152.98251549875684
 20
145.21995954288695
 10
153.001750128454
 20
145.41494917334595
 10
153.00183743601147
 20
145.9912503084964
 10
153.00192474456887
 20
146.567551444648
 10
153.00183121253093
 20
146.56850256852064
 10
153.0018420972763
 20
146.56860058401412
 10
152.00292491466945
 20
146.56875191699189
 10
146.00385615280337
 20
146.56966075804044
 10
146.0037686859583
 20
145.99231049547632
 10
140.00469992409222
 20
145.99321933652487
 10
140.0046561906697
 20
145.7045442052428
 10
140.00461245724716
 20
145.41586907396072
 10
140.00458044074853
 20
145.20453489502572
 10
140.0039890020431
 20
145.2045348889268
 10
140.00412243976842
 20
132.26453675218997
 10
140.50412243974185
 20
132.26454190820792
  0
LWPOLYLINE
  5
71
330
17
100
AcDbEntity
  8
0
100
AcDbPolyline
 90
27
 70
0
 10
140.0039981197627
 20
146.9920320996565
 10
139.81090494801975
 20
146.97304361836385
 10
139.8106670391489
 20
146.97299633250321
 10
139.4503465112204
 20
146.8238106326858
 10
139.45018585604987
 20
146.8237033216055
 10
139.17438399207268
 20
146.54798501142452
 10
139.17427663323883
 20
146.547824389347
 10
139.02498176358426
 20
146.18754907962884
 10
139.02493440624332
 20
146.18731118511377
 10
139.0164502608661
 20
146.1013037900946
 10
139.01635441943105
 20
146.10096468420352
 10
139.01614690084295
 20
146.10067987826673
 10
139.0158534744251
 20
146.10048473902583
 10
138.8320995977522
 20
146.02067337355174
 10
138.83193502214039
 20
146.02055716592332
 10
138.57272239844812
 20
145.74282839201382
 10
138.57244546894614
 20
145.7426197720119
 10
138.5721139478202
 20
145.74251825355373
 10
138.57176768797225
 20
145.74253604040203
 10
138.57144831407913
 20
145.74267099435966
 10
138.56821400773998
 20
145.74476256042556
 10
138.21927612562294
 20
145.20518024315638
 10
139.408687842503
 20
145.20475015051102
 10
134.37148597626944
 20
137.41544095072211
 10
134.79134330305516
 20
137.14392700053844
 10
140.0039890020431
 20
145.2045348889268
 10
140.0039981197627
 20
146.9920320996565
  0
LWPOLYLINE
  5
72
330
17
100
AcDbEntity
  8
0
100
AcDbPolyline
 90
16
 70
0
 10
129.57869760406717
 20
129.08331911215006
 10
129.15884027728146
 20
129.35483306233377
 10
128.69555290976538
 20
128.63842568979436
 10
128.69555290976544
 20
128.63842568979433
 10
128.69583291911366
 20
128.63815396254154
 10
128.8836104314174
 20
128.36605657642926
 10
128.88378450362822
 20
128.36588765286024
 10
129.0370936984357
 20
128.24387446840367
 10
129.4551890913643
 20
127.97349992790394
 10
129.4560386206073
 20
127.97306211015494
 10
129.4561150243807
 20
127.9729997565011
 10
129.53471154011103
 20
128.09453797936916
 10
129.9985549308529
 20
128.8118051619664
 10
135.21120062984087
 20
136.87241305035474
 10
134.79134330305516
 20
137.14392700053844
 10
129.57869760406717
 20
129.08331911215006
  0
LWPOLYLINE
  5
73
330
17
100
AcDbEntity
  8
0
100
AcDbPolyline
 90
29
 70
0
 10
157.00308734975806
 20
146.56789639014008
 10
157.0029935295459
 20
146.5669452946556
 10
157.00290622098854
 20
145.99064415850185
 10
157.00281891343107
 20
145.41434302335287
 10
157.02199446175942
 20
145.21934757376607
 10
157.02204174698215
 20
145.21910966497708
 10
157.1712274474505
 20
144.85878913689098
 10
157.1713347576467
 20
144.85862848279788
 10
157.19333470893625
 20
144.83662186471332
 10
157.1935514325365
 20
144.83629740852788
 10
157.19362749502824
 20
144.83591471356772
 10
157.19362749502804
 20
144.8359147135667
 10
158.00173127600027
 20
144.8357922882509
 10
158.00181874284533
 20
145.41314255081505
 10
164.0008875047114
 20
145.41223370976647
 10
164.00080003786633
 20
144.83488344720234
 10
169.50531955881138
 20
144.83404952889072
 10
169.50518994159756
 20
132.26454190820792
 10
170.005189941571
 20
132.26453675218997
 10
170.0053233792963
 20
145.2045348889268
 10
169.9999249385199
 20
145.2045349445957
 10
169.99995626657747
 20
145.4113248687179
 10
170.0
 20
145.7
 10
170.00004373342253
 20
145.98867513128206
 10
164.00097497155647
 20
145.98958397233062
 10
164.00106243840156
 20
146.56693423489477
 10
158.0019936765355
 20
146.56784307594333
 10
157.00307649471145
 20
146.567994408921
 10
157.00308734975806
 20
146.56789639014008
  0
LWPOLYLINE
  5
74
330
17
100
AcDbEntity
  8
0
100
AcDbPolyline
 90
28
 70
0
 10
170.00507660024766
 20
121.27336833308408
 10
170.0050763477745
 20
121.24888498289894
 10
170.0050752770305
 20
121.1450505904197
 10
169.99604521157437
 20
121.18657837215898
 10
169.97058507771865
 20
121.22060601272332
 10
169.93329322702678
 20
121.24098778424359
 10
169.89090493594725
 20
121.244042537537
 10
169.85107594838388
 20
121.22921855399665
 10
169.55107396357408
 20
121.03674503361081
 10
169.52649991856183
 20
121.0144345879711
 10
169.51058182811585
 20
120.98530978635014
 10
169.50507329223134
 20
120.95257913244106
 10
169.5050679680399
 20
120.43627066533607
 10
169.50511796511017
 20
120.43627835331804
 10
169.50550762824804
 20
120.43617776364644
 10
169.7399338026147
 20
120.32142053733563
 10
169.7401104507994
 20
120.32137178131846
 10
170.1083599046118
 20
120.29059824068995
 10
170.10854219474007
 20
120.29061700168816
 10
170.46280466059056
 20
120.39574918489674
 10
170.4629676753618
 20
120.39583289843992
 10
170.50445448724162
 20
120.42805384042354
 10
170.50478337512646
 20
120.42822273469996
 10
170.50506788540446
 20
120.42825201559909
 10
170.50507858504685
 20
121.46583979106272
 10
170.5051899415444
 20
132.26453159617202
 10
170.005189941571
 20
132.26453675218997
 10
170.00507660024766
 20
121.27336833308408
  0
LWPOLYLINE
  5
75
330
17
100
AcDbEntity
  8
0
100
AcDbPolyline
 90
22
 70
0
 10
175.21796907828426
 20
137.14392700053844
 10
175.63782640506997
 20
137.41544095072211
 10
170.60164995140258
 20
145.203164497256
 10
171.79349034450743
 20
145.20042558166173
 10
171.4412106347032
 20
145.7452196848768
 10
171.180013397463
 20
146.01783449559608
 10
171.17984312818174
 20
146.01795522495195
 10
170.98833142395856
 20
146.1016360823726
 10
170.9880388808088
 20
146.1018314280075
 10
170.98783208280895
 20
146.10211599082797
 10
170.9877366194354
 20
146.10245455862892
 10
170.97986801536368
 20
146.18247010698119
 10
170.97982072950336
 20
146.18270801585032
 10
170.83063502854947
 20
146.54302854510908
 10
170.8305277183528
 20
146.54318919920289
 10
170.55480940766398
 20
146.8189910636881
 10
170.5546487853542
 20
146.81909842317233
 10
170.19437347662998
 20
146.9683932914155
 10
170.19413553709936
 20
146.96844065771762
 10
170.00525082922874
 20
146.98709053638848
 10
170.0053233792963
 20
145.2045348889268
 10
175.21796907828426
 20
137.14392700053844
  0
LWPOLYLINE
  5
76
330
17
100
AcDbEntity
  8
0
100
AcDbPolyline
 90
16
 70
0
 10
174.79811175149854
 20
136.87241305035474
 10
180.0107574504865
 20
128.8118051619664
 10
180.5517425849618
 20
127.97524935244742
 10
180.55319735712385
 20
127.97299975624574
 10
180.55327376089724
 20
127.9730621098996
 10
180.55412329063515
 20
127.97349992790367
 10
180.9722186825638
 20
128.24387446840328
 10
181.12552787807175
 20
128.36588765341733
 10
181.1257019510937
 20
128.36605657717018
 10
181.3134794621341
 20
128.63815396267964
 10
181.3137594714821
 20
128.63842568993326
 10
181.31375947148373
 20
128.6384256899339
 10
180.85047210405793
 20
129.35483306233377
 10
180.4306147772722
 20
129.08331911215006
 10
175.21796907828426
 20
137.14392700053844
 10
174.79811175149854
 20
136.87241305035474
  0
LWPOLYLINE
  5
77
330
17
100
AcDbEntity
  8
0
100
AcDbPolyline
 90
50
 70
0
 10
113.36544759422937
 20
104.08319626509461
 10
113.36560011729746
 20
104.08309192147331
 10
113.39787337434758
 20
104.06897125873476
 10
113.3982195576128
 20
104.06871990488597
 10
113.39842901849828
 20
104.0683468797556
 10
113.39846342113542
 20
104.06792045500374
 10
113.39831646909818
 20
104.06751867557523
 10
113.39607499246445
 20
104.06399231458137
 10
113.40397995094175
 20
104.05896764920611
 10
113.57155983732862
 20
103.97343134107813
 10
113.57178712674566
 20
103.97334116731713
 10
113.64853496547524
 20
103.95926914896268
 10
113.64875546335621
 20
103.95920169173098
 10
113.70705749062448
 20
103.93369254389796
 10
113.7072385236453
 20
103.93365113033097
 10
113.81019153140653
 20
103.92961852075987
 10
113.81033273947953
 20
103.92960288996188
 10
113.95537621246265
 20
103.90300859756137
 10
113.95556938883935
 20
103.90301149716039
 10
114.0378660757811
 20
103.9206694026357
 10
114.03811500441942
 20
103.92069088975936
 10
114.07606429191956
 20
103.91920443769882
 10
114.07481853561535
 20
103.92764150286614
 10
114.07483412400927
 20
103.92801546581617
 10
114.07498611732582
 20
103.92835750282843
 10
114.0752532226258
 20
103.92861969749798
 10
114.07559802078427
 20
103.92876531863638
 10
114.33687460034224
 20
103.98482586302968
 10
114.33705196201613
 20
103.98490246765775
 10
114.65802304257065
 20
104.20640827441729
 10
114.65819196614119
 20
104.20658234662972
 10
114.66310924932695
 20
104.21276089793162
 10
114.66317134011945
 20
104.21281237595915
 10
113.9352916130129
 20
104.8940530835162
 10
113.92870035903633
 20
104.90929452117653
 10
113.94076050710329
 20
104.901495446985
 10
119.15340620609126
 20
112.96210333537334
 10
118.73354887930554
 20
113.23361728555705
 10
113.69693633570972
 20
105.44521938858385
 10
113.22001845662692
 20
106.54803141023851
 10
112.85816694077693
 20
105.98852743375171
 10
112.7184830045196
 20
105.64733566634771
 10
112.71844075958764
 20
105.64713052288792
 10
112.71870904897314
 20
105.24264301060605
 10
112.71876009778336
 20
105.24239676643224
 10
112.78005991948541
 20
105.04856001743116
 10
113.01227744071339
 20
104.51158649503051
 10
113.10233446056971
 20
104.34749665557497
 10
113.10246459588588
 20
104.34730467746674
 10
113.36544759422937
 20
104.08319626509461
  0
LWPOLYLINE
  5
78
330
17
100
AcDbEntity
  8
0
100
AcDbPolyline
 90
14
 70
0
 10
119.57326353287698
 20
112.69058938518967
 10
124.78590923186493
 20
120.75119727357801
 10
125.32834913835907
 20
121.59000267907723
 10
125.32826092927415
 20
121.59004677750744
 10
125.32751313756506
 20
121.59064191759575
 10
124.90941774463447
 20
121.86101645709692
 10
124.73525075122569
 20
121.95077605334735
 10
124.73502528525329
 20
121.95086550368327
 10
124.40984462632954
 20
122.01048865832604
 10
124.40948194590659
 20
122.01063254663481
 10
123.9461945782935
 20
121.29422517394539
 10
124.36605190507922
 20
121.0227112237617
 10
119.15340620609126
 20
112.96210333537334
 10
119.57326353287698
 20
112.69058938518967
  0
LWPOLYLINE
  5
79
330
17
100
AcDbEntity
  8
0
100
AcDbPolyline
 90
26
 70
0
 10
135.27890440916647
 20
84.24233227898621
 10
135.35191825170867
 20
84.17400235291262
 10
135.63501754210628
 20
83.90906418624668
 10
135.6352609772977
 20
83.90926480097504
 10
135.99684433675952
 20
84.1069717548844
 10
135.99699990415576
 20
84.10710523739529
 10
136.2385831760438
 20
84.42299932440699
 10
136.23872741413393
 20
84.42315169663271
 10
136.40090934045642
 20
84.56190847410633
 10
136.03521751244477
 20
84.90414077833445
 10
135.9622036699026
 20
84.97247070440805
 10
135.6896761494034
 20
85.22751529157624
 10
134.5008362861909
 20
86.34008979989285
 10
134.15918665582282
 20
85.97502058718193
 10
135.35171859924654
 20
84.85899084956768
 10
135.35513046216218
 20
84.85579786132486
 10
135.3215322438419
 20
84.87655879405052
 10
135.28251637715806
 20
84.88269220654654
 10
135.24416877783338
 20
84.87324137441544
 10
135.21247112146534
 20
84.84968049194659
 10
135.01174370912057
 20
84.62665003379576
 10
134.9919649088115
 20
84.59357136485183
 10
134.98616493597993
 20
84.55546940170134
 10
134.99520531817305
 20
84.51800380721028
 10
135.01774319767017
 20
84.48673971808967
 10
135.27890440916647
 20
84.24233227898621
  0
LWPOLYLINE
  5
7A
330
17
100
AcDbEntity
  8
0
100
AcDbPolyline
 90
5
 70
0
 10
132.6978192721111
 20
87.34263968266673
 10
132.35616964174304
 20
86.97757046995581
 10
133.81753702545475
 20
85.60995137447101
 10
134.15918665582282
 20
85.97502058718193
 10
132.6978192721111
 20
87.34263968266673
  0
LWPOLYLINE
  5
7B
330
17
100
AcDbEntity
  8
0
100
AcDbPolyline
 90
14
 70
0
 10
185.64326047626017
 20
121.02271122376172
 10
186.06311780304588
 20
121.2942251739454
 10
185.59983043541294
 20
122.0106325466655
 10
185.59946775499048
 20
122.01048865835676
 10
185.2742870962776
 20
121.95086550359731
 10
185.2740616293533
 20
121.95077605313037
 10
185.0998946363659
 20
121.86101645709711
 10
184.6817992444342
 20
121.59064191759535
 10
184.6810514522855
 20
121.59004677716105
 10
184.68096324320325
 20
121.59000267873249
 10
185.22340314947445
 20
120.75119727357801
 10
190.43604884846243
 20
112.69058938518967
 10
190.85590617524815
 20
112.96210333537336
 10
185.64326047626017
 20
121.02271122376172
  0
LWPOLYLINE
  5
7C
330
17
100
AcDbEntity
  8
0
100
AcDbPolyline
 90
31
 70
0
 10
196.0685518742361
 20
104.901495446985
 10
196.07147297465153
 20
104.90338446847414
 10
196.07
 20
104.9
 10
195.3419791239172
 20
104.21858860573172
 10
195.60255617175378
 20
104.01815033015187
 10
195.6027052040715
 20
104.01807176528618
 10
195.92530763593214
 20
103.91309228334981
 10
195.92555817381066
 20
103.91305593720338
 10
195.9286757037426
 20
103.91260867787652
 10
195.92965492515654
 20
103.91246976790922
 10
196.29157123233037
 20
103.92742271022199
 10
196.2917537943692
 20
103.92746420689416
 10
196.63311016169186
 20
104.07617884079457
 10
196.6332627222463
 20
104.07628281547242
 10
196.89650091428234
 20
104.33961884613244
 10
196.89663133265336
 20
104.33981035906699
 10
196.98696421199023
 20
104.50353640951488
 10
197.00899710729374
 20
104.55416161224989
 10
197.22511225981495
 20
105.05073154395883
 10
197.27795706386908
 20
105.20579660857287
 10
197.27800668502988
 20
105.20599389705283
 10
197.3048555809702
 20
105.53142990889333
 10
197.30484232816602
 20
105.53159161584956
 10
197.2253645529599
 20
105.84831348861105
 10
197.22528347247214
 20
105.84850006408314
 10
197.147896299695
 20
105.9928917992978
 10
196.78791259521606
 20
106.5495548943514
 10
196.30933487624793
 20
105.4499221202338
 10
191.27576350203387
 20
113.23361728555705
 10
190.85590617524815
 20
112.96210333537336
 10
196.0685518742361
 20
104.901495446985
  0
LWPOLYLINE
  5
7D
330
17
100
AcDbEntity
  8
0
100
AcDbPolyline
 90
49
 70
0
 10
153.0018420972763
 20
276.3686005840141
 10
152.00292491466945
 20
276.36875191699187
 10
146.00385615280337
 20
276.3696607580404
 10
146.0037686859583
 20
275.7923104954763
 10
140.00469992409222
 20
275.7932193365248
 10
140.0046561906697
 20
275.5045442052428
 10
140.00465355139144
 20
275.4871228841285
 10
140.0046561906697
 20
276.0045442052428
 10
140.0046561906697
 20
286.96454420524276
 10
139.5046561906697
 20
286.96454420524276
 10
139.5046561906697
 20
276.49692040512497
 10
134.2337001358272
 20
281.6875070291835
 10
133.88287322536632
 20
281.3312480238286
 10
139.41710010622302
 20
275.8814048220646
 10
138.24316304887245
 20
275.6353723343434
 10
138.71573667913628
 20
275.1700043178755
 10
138.84145977112152
 20
275.06503205178785
 10
138.8416260485715
 20
275.0649149279188
 10
139.00508560922873
 20
274.9860326957874
 10
139.0053844136532
 20
274.98581185391197
 10
139.00558196525336
 20
274.9854971658389
 10
139.00565099099998
 20
274.9851320758989
 10
139.00564922825058
 20
274.63957286416394
 10
139.0248497550589
 20
274.4445981631161
 10
139.0248970664354
 20
274.4443602820822
 10
139.1741086000682
 20
274.0840892834643
 10
139.1742159156108
 20
274.0839286530424
 10
139.4499290481277
 20
273.80817234233496
 10
139.45008966113244
 20
273.80806500110253
 10
139.81033728776964
 20
273.6587970527051
 10
139.8105751613212
 20
273.658749704033
 10
140.00464412753027
 20
273.6396076859686
 10
140.00464922280614
 20
274.6385187925757
 10
146.00359375226813
 20
274.637609970348
 10
146.00368121911322
 20
275.2149602329122
 10
152.00274998097927
 20
275.2140513918636
 10
152.0026625141342
 20
274.63670112929947
 10
152.8107662946017
 20
274.6365787039838
 10
152.810842473043
 20
274.6369613758785
 10
152.8110592949404
 20
274.6372857663833
 10
152.83306591419608
 20
274.6592857188436
 10
152.83317327344758
 20
274.65944634031007
 10
152.9824681414155
 20
275.0197216483699
 10
152.98251549875684
 20
275.019959542887
 10
153.001750128454
 20
275.21494917334593
 10
153.00183743601147
 20
275.7912503084964
 10
153.00192474456887
 20
276.367551444648
 10
153.00183121253093
 20
276.3685025685206
 10
153.0018420972763
 20
276.3686005840141
  0
LWPOLYLINE
  5
7E
330
17
100
AcDbEntity
  8
0
100
AcDbPolyline
 90
16
 70
0
 10
140.5046561906697
 20
286.96454420524276
 10
140.5046561906697
 20
297.92454420524274
 10
140.5046561906697
 20
298.7442590612682
 10
140.5046561906697
 20
298.92346139880135
 10
140.50455817353236
 20
298.9234505289053
 10
140.5036070641517
 20
298.92354420500004
 10
140.00570531784828
 20
298.92354420500004
 10
139.81071277695546
 20
298.90433911659824
 10
139.8104748747326
 20
298.90429179464303
 10
139.50503887410184
 20
298.7777760608288
 10
139.5046561906697
 20
298.77769994036146
 10
139.5046561906697
 20
298.18227680311014
 10
139.5046561906697
 20
297.92454420524274
 10
140.0046561906697
 20
297.92454420524274
 10
140.0046561906697
 20
286.96454420524276
 10
140.5046561906697
 20
286.96454420524276
  0
LWPOLYLINE
  5
7F
330
17
100
AcDbEntity
  8
0
100
AcDbPolyline
 90
15
 70
0
 10
134.58452704628812
 20
282.0437660345384
 10
128.81357099144563
 20
287.72672885847913
 10
128.10182449993115
 20
288.4276229240218
 10
128.10176347082907
 20
288.4275454581421
 10
128.10102937496984
 20
288.42693350341483
 10
127.75167471205174
 20
288.0721695419434
 10
127.62854142271115
 20
287.9197585212711
 10
127.62840821550157
 20
287.91955580789056
 10
127.5042426176149
 20
287.613156908
 10
127.50402834352649
 20
287.6128308289451
 10
127.50402834352639
 20
287.61283082894505
 10
128.11191717052384
 20
287.01421084776933
 10
128.46274408098475
 20
287.37046985312423
 10
134.2337001358272
 20
281.6875070291835
 10
134.58452704628812
 20
282.0437660345384
  0
LWPOLYLINE
  5
80
330
17
100
AcDbEntity
  8
0
100
AcDbPolyline
 90
28
 70
0
 10
110.23205648583668
 20
304.81282218168104
 10
110.16868158035386
 20
304.60714106895693
 10
110.055164518984
 20
304.0201086195616
 10
110.03734964094049
 20
303.85733021409976
 10
110.03734415141297
 20
303.8571269446663
 10
110.08192614356743
 20
303.5337867196257
 10
110.08197423044626
 20
303.53363183426615
 10
110.22835308855086
 20
303.2418961923089
 10
110.22847273364476
 20
303.2417317729281
 10
110.33534384332874
 20
303.1176642702285
 10
110.80813070473444
 20
302.65208627388574
 10
111.0358848518241
 20
303.8298746520625
 10
116.57000506083888
 20
298.3801364956508
 10
116.92083197129978
 20
298.7363955010057
 10
111.14987591645729
 20
304.4193583249464
 10
111.15
 20
304.42
 10
111.88737111416089
 20
305.0951779803748
 10
111.85219582085048
 20
305.12981693487285
 10
111.68347785621945
 20
305.2634408355215
 10
111.68325287119126
 20
305.2635825068138
 10
111.28070288118845
 20
305.4088012649138
 10
111.28049310975466
 20
305.408828789814
 10
110.85410566299701
 20
305.3723770918353
 10
110.85390360844988
 20
305.37231436032334
 10
110.4818442214809
 20
305.16087454686334
 10
110.48168692306916
 20
305.1607330593311
 10
110.23216167641546
 20
304.8130663622755
 10
110.23205648583668
 20
304.81282218168104
  0
LWPOLYLINE
  5
81
330
17
100
AcDbEntity
  8
0
100
AcDbPolyline
 90
15
 70
0
 10
122.69178802614225
 20
293.05343267706496
 10
122.34096111568135
 20
292.69717367171006
 10
122.94884994280328
 20
292.0985536904118
 10
122.94884994280345
 20
292.0985536904121
 10
122.94917269130018
 20
292.0987729490331
 10
123.2536277678068
 20
292.22763135261397
 10
123.25382840931903
 20
292.2277676578945
 10
123.40432964303092
 20
292.35322803158607
 10
123.75368430494815
 20
292.70799199305634
 10
123.75428490921972
 20
292.70873540460974
 10
123.75436142831592
 20
292.70879761668186
 10
123.04261493660314
 20
293.40969168241986
 10
117.27165888176067
 20
299.0926545063606
 10
116.92083197129978
 20
298.7363955010057
 10
122.69178802614225
 20
293.05343267706496
  0
LWPOLYLINE
  5
82
330
17
100
AcDbEntity
  8
0
100
AcDbPolyline
 90
14
 70
0
 10
140.0046561906697
 20
308.8845442052427
 10
139.5046561906697
 20
308.8845442052427
 10
139.5046561906697
 20
308.0313884696385
 10
139.50503887410184
 20
308.0313123491712
 10
139.8104748735602
 20
307.90479661584266
 10
139.81071277570376
 20
307.90474929452483
 10
140.00570531785127
 20
307.885544205
 10
140.50360706414872
 20
307.885544205
 10
140.5045581735273
 20
307.8856378810994
 10
140.5046561906697
 20
307.88562701120316
 10
140.5046561906697
 20
308.8845442052427
 10
140.5046561906697
 20
319.8445442052427
 10
140.0046561906697
 20
319.8445442052427
 10
140.0046561906697
 20
308.8845442052427
  0
LWPOLYLINE
  5
83
330
17
100
AcDbEntity
  8
0
100
AcDbPolyline
 90
56
 70
0
 10
140.0046561906697
 20
330.43851879152004
 10
146.00359375226813
 20
330.4376099703479
 10
146.00368121911322
 20
331.0149602329121
 10
152.00274998097927
 20
331.0140513918635
 10
152.00266251413422
 20
330.4367011292994
 10
152.81076629460162
 20
330.4365787039837
 10
152.81084247304292
 20
330.43696137587847
 10
152.81105929494032
 20
330.43728576638324
 10
152.83306591419608
 20
330.4592857188436
 10
152.83317327344758
 20
330.4594463403101
 10
152.9824681414155
 20
330.8197216483699
 10
152.98251549875684
 20
330.81995954288703
 10
153.001750128454
 20
331.01494917334594
 10
153.00183743601147
 20
331.5912503084964
 10
153.00192474456887
 20
332.167551444648
 10
153.00183121253093
 20
332.1685025685206
 10
153.0018420972763
 20
332.16860058401403
 10
152.00292491466942
 20
332.1687519169918
 10
146.00385615280337
 20
332.1696607580404
 10
146.0037686859583
 20
331.5923104954762
 10
140.00469992409222
 20
331.5932193365247
 10
140.0046561906697
 20
331.3045442052427
 10
140.00461245724716
 20
331.01586907396063
 10
140.004580442159
 20
330.8045442052427
 10
139.96492187652078
 20
330.8045442052427
 10
139.9732410859071
 20
330.8121617357967
 10
139.97417547266002
 20
332.58909938706245
 10
139.81090494802004
 20
332.5730436183639
 10
139.8106670391488
 20
332.5729963325031
 10
139.4503465118844
 20
332.4238106329607
 10
139.4501858575574
 20
332.4237033221131
 10
139.17438399131134
 20
332.14798501066315
 10
139.17427663182767
 20
332.14782438835425
 10
139.02498176358452
 20
331.7875490796301
 10
139.02493440624312
 20
331.7873111851127
 10
139.00569977654587
 20
331.59232155565275
 10
139.00565263498854
 20
331.28115353450124
 10
139.00556784196448
 20
331.28075070186605
 10
139.00532795431758
 20
331.2804161605297
 10
138.83001219231755
 20
331.1198873035297
 10
138.8298366190037
 20
331.1197265384884
 10
138.71123506004426
 20
330.9902094435741
 10
138.71110262270025
 20
330.9900364790711
 10
138.55030337021438
 20
330.67930380718616
 10
138.5502517826622
 20
330.67913798325026
 10
138.51253493426842
 20
330.3806058324244
 10
138.512426582618
 20
330.3802632396082
 10
138.51220412857762
 20
330.37998106215025
 10
138.51189629317025
 20
330.3797957319589
 10
138.511542821
 20
330.379731177
 10
138.505656191
 20
330.379731177
 10
138.505656191
 20
329.4683594273763
 10
139.5046561906697
 20
330.38309935848815
 10
139.5046561906697
 20
319.8445442052427
 10
140.0046561906697
 20
319.8445442052427
 10
140.0046561906697
 20
330.43851879152004
  0
LWPOLYLINE
  5
84
330
17
100
AcDbEntity
  8
0
100
AcDbPolyline
 90
44
 70
0
 10
170.999
 20
331.5876261668969
 10
170.97979860367982
 20
331.7826001447776
 10
170.9797512910092
 20
331.78283802544547
 10
170.83053885796645
 20
332.14310729760757
 10
170.83043154188113
 20
332.14326792711034
 10
170.55471859122386
 20
332.41902265066784
 10
170.5545579783838
 20
332.4191299903047
 10
170.19431131462753
 20
332.56839700226607
 10
170.19407339657315
 20
332.56844435992014
 10
170.0
 20
332.5876046970108
 10
170.0
 20
331.58867513790756
 10
164.00097497155647
 20
331.5895839723306
 10
164.00106243840156
 20
332.16693423489477
 10
158.0019936765355
 20
332.16784307594327
 10
157.00307649471145
 20
332.1679944089209
 10
157.00308734975806
 20
332.16789639014
 10
157.0029935295459
 20
332.1669452946556
 10
157.00290622098854
 20
331.59064415850185
 10
157.00281891343107
 20
331.01434302335286
 10
157.02199446175942
 20
330.8193475737661
 10
157.02204174698215
 20
330.8191096649771
 10
157.1712274474505
 20
330.45878913689097
 10
157.17133475764672
 20
330.45862848279785
 10
157.19333470893628
 20
330.4366218647133
 10
157.19355143253657
 20
330.4362974085279
 10
157.19362749502827
 20
330.4359147135677
 10
157.19362749502807
 20
330.43591471356666
 10
158.00173127600027
 20
330.43579228825087
 10
158.00181874284533
 20
331.013142550815
 10
164.00088750471141
 20
331.01223370976646
 10
164.00080003786633
 20
330.4348834472023
 10
169.5046561906697
 20
330.43404962938905
 10
169.5046561906697
 20
319.8375039814543
 10
170.0046561906697
 20
319.8375039814543
 10
170.0046561906697
 20
330.79574392550717
 10
171.0040897774936
 20
329.8821937515496
 10
171.00412916327994
 20
330.79453653177006
 10
171.001902909255
 20
330.8612529631401
 10
171.00188277229404
 20
330.86155416945866
 10
170.9989745462768
 20
330.8716065166412
 10
170.99893515301147
 20
330.871884579498
 10
170.99895625501148
 20
331.011173523498
 10
170.999
 20
331.3000002266451
 10
170.999
 20
331.5876261668969
  0
LWPOLYLINE
  5
85
330
17
100
AcDbEntity
  8
0
100
AcDbPolyline
 90
15
 70
0
 10
170.0046561906697
 20
308.8792640374014
 10
169.5046561906697
 20
308.8792640374014
 10
169.5046561906697
 20
308.0261083024858
 10
169.5046561906714
 20
308.02610830248614
 10
169.50503887410403
 20
308.02603218201784
 10
169.81047487356116
 20
307.8995164478425
 10
169.81071277570396
 20
307.8994691265249
 10
170.00570531785127
 20
307.88026403699996
 10
170.50360706414872
 20
307.88026403699996
 10
170.5045581735273
 20
307.8803577130994
 10
170.5046561906697
 20
307.88034684320314
 10
170.5046561906697
 20
308.8792640374014
 10
170.5046561906697
 20
319.8375039814543
 10
170.0046561906697
 20
319.8375039814543
 10
170.0046561906697
 20
308.8792640374014
  0
LWPOLYLINE
  5
86
330
17
100
AcDbEntity
  8
0
100
AcDbPolyline
 90
14
 70
0
 10
170.5046561906697
 20
286.96278414929566
 10
170.5046561906697
 20
297.92102409334854
 10
170.5046561906697
 20
298.91994128680136
 10
170.50455817353236
 20
298.9199304169053
 10
170.5036070641517
 20
298.92002409300005
 10
170.00570531784828
 20
298.92002409300005
 10
169.81071277695546
 20
298.9008190045982
 10
169.8104748747326
 20
298.900771682643
 10
169.50503887410184
 20
298.7742559488288
 10
169.5046561906697
 20
298.77417982836147
 10
169.5046561906697
 20
297.92102409334854
 10
170.0046561906697
 20
297.92102409334854
 10
170.0046561906697
 20
286.96278414929566
 10
170.5046561906697
 20
286.96278414929566
  0
LWPOLYLINE
  5
87
330
17
100
AcDbEntity
  8
0
100
AcDbPolyline
 90
8
 70
0
 10
169.5046561906697
 20
286.96278414929566
 10
169.5046561906697
 20
276.0045442052428
 10
170.0046561906697
 20
276.0045442052428
 10
175.77572776088837
 20
281.68762078322743
 10
175.4249008504275
 20
282.04387978858233
 10
170.0046561906697
 20
276.70628085257596
 10
170.0046561906697
 20
286.96278414929566
 10
169.5046561906697
 20
286.96278414929566
  0
LWPOLYLINE
  5
88
330
17
100
AcDbEntity
  8
0
100
AcDbPolyline
 90
14
 70
0
 10
176.12655467134925
 20
281.33136177787253
 10
181.89762624156793
 20
287.0144383558572
 10
182.60937273317566
 20
287.7153324214918
 10
182.60929621407945
 20
287.71539463356385
 10
182.60869560994814
 20
287.71613804494365
 10
182.25934094803094
 20
288.0709020064139
 10
182.10883971431903
 20
288.1963623801055
 10
182.10863907280586
 20
288.19649868538664
 10
181.8041839966786
 20
288.3253570896543
 10
181.80386124818406
 20
288.3255763482748
 10
181.19597242064617
 20
287.726956366567
 10
181.54679933110705
 20
287.3706973612121
 10
175.77572776088837
 20
281.68762078322743
 10
176.12655467134925
 20
281.33136177787253
  0
LWPOLYLINE
  5
89
330
17
100
AcDbEntity
  8
0
100
AcDbPolyline
 90
15
 70
0
 10
193.0889424715444
 20
298.7368505171814
 10
187.31787090132573
 20
293.05377393919673
 10
186.96704399086482
 20
293.41003294455163
 10
186.35915516353066
 20
292.81141296304435
 10
186.35915516353077
 20
292.8114129630443
 10
186.3593694376192
 20
292.8110868839894
 10
186.48353503523472
 20
292.5046879847679
 10
186.4836682422686
 20
292.5044852722764
 10
186.60680153205286
 20
292.35207425005547
 10
186.9561561949686
 20
291.99731028858645
 10
186.9568902908371
 20
291.9966983338555
 10
186.9569513199414
 20
291.9966208679734
 10
187.66869781178664
 20
292.69751493384183
 10
193.43976938200532
 20
298.3805915118265
 10
193.0889424715444
 20
298.7368505171814
  0
LWPOLYLINE
  5
8A
330
17
100
AcDbEntity
  8
0
100
AcDbPolyline
 90
36
 70
0
 10
198.8600140417631
 20
304.41992709516603
 10
199.08704766073754
 20
303.24116854545065
 10
199.56039388598083
 20
303.70727408408055
 10
199.7283381690815
 20
303.92605679103394
 10
199.72843966164908
 20
303.9262355931885
 10
199.84799357661714
 20
304.27366499338194
 10
199.84802018848222
 20
304.27384526503613
 10
199.83395373668458
 20
304.6409998128852
 10
199.8339134101304
 20
304.6411775204773
 10
199.68812748487454
 20
304.97844120003396
 10
199.6879997179345
 20
304.9786308477582
 10
199.5712325847532
 20
305.12147483415
 10
199.55258088967418
 20
305.1399241585034
 10
199.55255251308495
 20
305.139951498635
 10
199.5334044341181
 20
305.15792149576544
 10
199.3501960433674
 20
305.3253864081363
 10
199.165212310971
 20
305.49447410135406
 10
198.99216568460827
 20
305.6214312528449
 10
198.99193629401108
 20
305.6215642391922
 10
198.58554611449617
 20
305.7518504121505
 10
198.58533606729094
 20
305.7518704472612
 10
198.16164370754817
 20
305.70076028333756
 10
198.1614444501764
 20
305.700690874326
 10
197.7976940513212
 20
305.47750236461815
 10
197.79750286568552
 20
305.4773186445564
 10
197.7896427301223
 20
305.46794375702734
 10
197.78931726325627
 20
305.4676886514937
 10
197.7889164107619
 20
305.4675870405103
 10
197.7885087214279
 20
305.4676563003188
 10
197.7881639131937
 20
305.46788458697154
 10
197.7879929380178
 20
305.46805820937277
 10
197.75209119952015
 20
305.4327038862321
 10
198.49048114151296
 20
304.757765332186
 10
192.7381155610835
 20
299.0931095225363
 10
193.0889424715444
 20
298.7368505171814
 10
198.8600140417631
 20
304.41992709516603
  0
LWPOLYLINE
  5
8B
330
17
100
AcDbEntity
  8
0
100
AcDbPolyline
 90
43
 70
0
 10
63.0
 20
80.86602540378443
 10
63.0
 20
80.28867513459481
 10
60.0
 20
80.28867513459481
 10
60.0
 20
81.28757180502198
 10
59.806056584953495
 20
81.26847004549973
 10
59.8058186837945
 20
81.26842272425415
 10
59.44552076044568
 20
81.11918243700791
 10
59.4453601219402
 20
81.11907510237758
 10
59.169600031354435
 20
80.84331501079232
 10
59.16949269630595
 20
80.84315437289722
 10
59.020252410746096
 20
80.48285645120671
 10
59.02020508950025
 20
80.4826185500464
 10
59.001
 20
80.28762600814918
 10
59.001
 20
79.13502372285083
 10
59.02020508950025
 20
78.9400311809536
 10
59.020252410746096
 20
78.93979327979328
 10
59.16949269658103
 20
78.57949535743867
 10
59.16960003186221
 20
78.57933471870017
 10
59.445360122700166
 20
78.30357462786222
 10
59.445520761438644
 20
78.30346729258105
 10
59.80581868379334
 20
78.15422700674608
 10
59.806056584953495
 20
78.15417968550027
 10
60.0
 20
78.13507792597802
 10
60.0
 20
79.13397459621557
 10
63.0
 20
79.13397459621557
 10
63.0
 20
79.71132486540519
 10
66.0
 20
79.71132486540519
 10
66.0
 20
79.13397459621557
 10
66.60000000000001
 20
79.13397459621558
 10
66.80810378929583
 20
79.13397459621558
 10
66.8081799097625
 20
79.13435727964655
 10
66.80839668251312
 20
79.13468170299548
 10
66.83039996864557
 20
79.15668498920768
 10
66.83050730369405
 20
79.15684562710277
 10
66.97974758925392
 20
79.51714354879334
 10
66.97979491049973
 20
79.5173814499535
 10
66.999
 20
79.71237399185082
 10
66.999
 20
80.8649762771492
 10
66.99890632388933
 20
80.86592738664206
 10
66.99891719378554
 20
80.86602540378442
 10
66.60000000000001
 20
80.86602540378442
 10
66.0
 20
80.86602540378443
 10
63.0
 20
80.86602540378443
  0
LWPOLYLINE
  5
8C
330
17
100
AcDbEntity
  8
0
100
AcDbPolyline
 90
43
 70
0
 10
75.999
 20
80.28762600814918
 10
75.97979491049973
 20
80.4826185500465
 10
75.97974758925392
 20
80.48285645120666
 10
75.83050730369405
 20
80.84315437289723
 10
75.83039996864557
 20
80.84331501079232
 10
75.55463987805982
 20
81.11907510237758
 10
75.5544792395543
 20
81.11918243700792
 10
75.1941813162055
 20
81.26842272425415
 10
75.1939433250179
 20
81.26847006340745
 10
75.0
 20
81.2876076787139
 10
75.0
 20
80.28867513459481
 10
72.0
 20
80.28867513459481
 10
72.0
 20
80.86602540378443
 10
69.0
 20
80.86602540378443
 10
68.39999999999999
 20
80.86602540378442
 10
68.00108280621446
 20
80.86602540378442
 10
68.00109367611067
 20
80.86592738664206
 10
68.001
 20
80.8649762771492
 10
68.001
 20
79.71237399185082
 10
68.02020508950027
 20
79.5173814499535
 10
68.02025241074608
 20
79.51714354879334
 10
68.16949269630595
 20
79.15684562710277
 10
68.16960003135443
 20
79.15668498920768
 10
68.19160331748688
 20
79.13468170299548
 10
68.1918200902375
 20
79.13435727964655
 10
68.19189621070417
 20
79.13397459621558
 10
68.39999999999999
 20
79.13397459621558
 10
69.0
 20
79.13397459621557
 10
69.0
 20
79.71132486540519
 10
72.0
 20
79.71132486540519
 10
72.0
 20
79.13397459621557
 10
75.0
 20
79.13397459621557
 10
75.0
 20
78.13507792597802
 10
75.19394341504652
 20
78.15417968550027
 10
75.19418131620665
 20
78.15422700674607
 10
75.55447923856141
 20
78.30346729258106
 10
75.55463987729976
 20
78.30357462786215
 10
75.83039996813785
 20
78.57933471870024
 10
75.83050730341894
 20
78.57949535743859
 10
75.97974758925392
 20
78.93979327979334
 10
75.97979491049973
 20
78.9400311809535
 10
75.999
 20
79.13502372285083
 10
75.999
 20
80.28762600814918
  0
LWPOLYLINE
  5
8D
330
17
100
AcDbEntity
  8
0
100
AcDbPolyline
 90
48
 70
0
 10
90.88518672900085
 20
179.99947301834192
 10
90.88513915655898
 20
179.99971086998295
 10
90.73551906843703
 20
180.35985123822584
 10
90.73541156386571
 20
180.36001176349814
 10
90.4593608745558
 20
180.63548095052798
 10
90.45920012408989
 20
180.63558811552465
 10
90.09874504758169
 20
180.7844484345033
 10
90.09850700665136
 20
180.78449552302837
 10
89.90590121775234
 20
180.8032961081273
 10
89.90590121775234
 20
179.5158216776121
 10
89.90559684933693
 20
179.80449665174947
 10
86.90441660578647
 20
179.80133231622705
 10
86.90380786895564
 20
180.37868226450175
 10
83.90262762540517
 20
180.37551792897932
 10
83.30579578168805
 20
180.37488865114506
 10
82.90371098730542
 20
180.37446470753133
 10
82.90372196054108
 20
180.3743667019108
 10
82.90362928724166
 20
180.37341549354255
 10
82.90423691744417
 20
179.7971146723623
 10
82.90484454864658
 20
179.22081385018333
 10
82.92425521897468
 20
179.02584166590634
 10
82.92430279134378
 20
179.02560381525086
 10
83.07392287956323
 20
178.6654634457738
 10
83.07403038413433
 20
178.6653029205018
 10
83.09605685662586
 20
178.6433228468945
 10
83.09627397131653
 20
178.64299865228318
 10
83.0963504952288
 20
178.6426160493225
 10
83.30600665431193
 20
178.64283710316727
 10
83.90445383589764
 20
178.64346808415522
 10
83.90384509906681
 20
179.22081803242992
 10
86.9050253426173
 20
179.22398236795235
 10
86.90563407944812
 20
178.64663241967764
 10
89.90590121775234
 20
178.64979579245502
 10
89.90590121775234
 20
177.65079523712592
 10
89.90590648684328
 20
177.65079524268145
 10
90.10074949844928
 20
177.67018008701538
 10
90.10098720091058
 20
177.67022759704574
 10
90.46092834654718
 20
177.81965367689511
 10
90.46108880923305
 20
177.81976104797866
 10
90.73652086966419
 20
178.09548366664902
 10
90.73662807085074
 20
178.09564424263792
 10
90.88567456020267
 20
178.45574273965968
 10
90.88572181967608
 20
178.45598049173825
 10
90.90490121799205
 20
178.6508438327405
 10
90.90490107800005
 20
179.5163484672148
 10
90.90490066141619
 20
179.51687617309136
 10
90.90459740035338
 20
179.80450083381442
 10
90.88518672900085
 20
179.99947301834192
  0
LWPOLYLINE
  5
8E
330
17
100
AcDbEntity
  8
0
100
AcDbPolyline
 90
51
 70
0
 10
81.90166319375834
 20
179.21975613146023
 10
81.90105556355584
 20
179.79605695363767
 10
81.90044793235343
 20
180.37235777581375
 10
81.90035325344697
 20
180.37330878635794
 10
81.90036401999144
 20
180.37340681490497
 10
81.50575381640674
 20
180.3729907522285
 10
80.90144738185471
 20
180.3723535934569
 10
77.90026713830423
 20
180.36918925793447
 10
77.90087587513506
 20
179.79183930965976
 10
74.9
 20
179.78867529505237
 10
74.9
 20
180.78767584987384
 10
74.89999473115702
 20
180.78767584431856
 10
74.70515171955084
 20
180.76829099998463
 10
74.7049140170893
 20
180.76824348995424
 10
74.34497287078794
 20
180.61881740982886
 10
74.34481240725881
 20
180.61871003851238
 10
74.06938034757532
 20
180.34298741958992
 10
74.06927314573767
 20
180.34282684336748
 10
73.92022665718655
 20
179.98272834728098
 10
73.92017939842293
 20
179.98249059626735
 10
73.90100000002386
 20
179.7876272534213
 10
73.90100013999982
 20
179.4994732099493
 10
73.90100055658382
 20
179.49894550489927
 10
73.90130492344416
 20
179.21027171736205
 10
73.90191255464657
 20
178.63397089518625
 10
73.9213232259991
 20
178.4389987116584
 10
73.92137079844137
 20
178.43876086001532
 10
74.07099088556393
 20
178.07862049077275
 10
74.07109839013377
 20
178.07845996550265
 10
74.34714907969747
 20
177.80299077921902
 10
74.34730983124122
 20
177.80288361333874
 10
74.70776490618569
 20
177.65402329559262
 10
74.70800285808878
 20
177.65397622480162
 10
74.9
 20
177.6352705340694
 10
74.9
 20
179.5
 10
74.90030436841542
 20
179.21132502586264
 10
74.90091310524625
 20
178.63397507758793
 10
77.90209334879671
 20
178.63713941311036
 10
77.90148461196588
 20
179.21448936138506
 10
80.90266485551635
 20
179.2176536969075
 10
80.90327359234718
 20
178.6403037486328
 10
81.50600665431195
 20
178.6409392484974
 10
81.71137693312949
 20
178.64115578346556
 10
81.71137693312942
 20
178.6411557834659
 10
81.71145265006744
 20
178.64153854694422
 10
81.71166908063844
 20
178.64186319866988
 10
81.73364915402111
 20
178.6638896709363
 10
81.73375631925029
 20
178.6640504222461
 10
81.88261663740737
 20
179.0245054981857
 10
81.88266370819845
 20
179.02474345008918
 10
81.90166319375834
 20
179.21975613146023
  0
LWPOLYLINE
  5
8F
330
17
100
AcDbEntity
  8
0
100
AcDbPolyline
 90
47
 70
0
 10
140.33736995856466
 20
119.92926400082733
 10
140.3370179712934
 20
119.92911551798584
 10
140.33663598935595
 20
119.92910986176584
 10
140.33627976003413
 20
119.92924785764845
 10
140.33600127221646
 20
119.92950936621192
 10
140.25051738217655
 20
120.04808311250162
 10
140.25035313002664
 20
120.04824023083131
 10
140.24358514043925
 20
120.05364192544054
 10
140.2433942584304
 20
120.05384360184294
 10
140.18103004454755
 20
120.14145596771658
 10
140.1808779080846
 20
120.14159542193826
 10
139.8212739552611
 20
120.35310755269283
 10
139.82107814503286
 20
120.35317275420739
 10
139.50424490538578
 20
120.38854590677452
 10
139.50425495039673
 20
119.41444040024385
 10
139.50425587752034
 20
119.32453345943523
 10
139.50426617839028
 20
118.32561626596592
 10
139.50436419541902
 20
118.32562713687285
 10
139.50531530654254
 20
118.3255334705061
 10
139.5591864387686
 20
118.32553402552838
 10
139.7410282187489
 20
118.34221662956327
 10
139.7412508048462
 20
118.34225781501797
 10
140.08085666996274
 20
118.47238468809728
 10
140.0810105737055
 20
118.47247880726134
 10
140.3515761988231
 20
118.71550018338613
 10
140.35168623966004
 20
118.71564313845582
 10
140.50336893327713
 20
119.01199155852373
 10
140.50360235068527
 20
119.0122900381925
 10
140.50393006083632
 20
119.01248024822374
 10
140.50425909498304
 20
119.0125281890837
 10
140.50425690867075
 20
119.22454377147645
 10
140.50425587746716
 20
119.32454377147113
 10
140.50425302651848
 20
119.60101184250586
 10
140.5041765440876
 20
119.60100189222884
 10
140.50378381568817
 20
119.60111587235288
 10
140.50346955033623
 20
119.60137752929043
 10
140.50328630170404
 20
119.60174310691993
 10
140.4632775506574
 20
119.75290974425157
 10
140.46320043501555
 20
119.75307283386867
 10
140.35901990921835
 20
119.89758047320933
 10
140.35885598423076
 20
119.89794351036593
 10
140.35884677576743
 20
119.89834173465303
 10
140.35899374491117
 20
119.89871196086689
 10
140.35927357245316
 20
119.89899544618464
 10
140.36265711930182
 20
119.90126771366015
 10
140.34183989634087
 20
119.93226584922833
 10
140.33736995856466
 20
119.92926400082733
  0
LWPOLYLINE
  5
90
330
17
100
AcDbEntity
  8
0
100
AcDbPolyline
 90
24
 70
0
 10
146.0037686859583
 20
80.29231049547626
 10
140.00469992409222
 20
80.29321933652481
 10
140.0046561906697
 20
80.00454420524274
 10
140.00461245724716
 20
79.71586907396066
 10
140.00452499040207
 20
79.13851881139652
 10
146.00359375226813
 20
79.13760997034798
 10
146.00368121911322
 20
79.71496023291212
 10
152.00274998097927
 20
79.71405139186358
 10
152.0026625141342
 20
79.13670112929942
 10
152.81076629460162
 20
79.1365787039837
 10
152.81084247304292
 20
79.13696137587844
 10
152.81105929494032
 20
79.13728576638321
 10
152.83306591419603
 20
79.15928571884355
 10
152.83317327344758
 20
79.15944634031011
 10
152.98246814141552
 20
79.51972164836998
 10
152.98251549875684
 20
79.51995954288698
 10
153.001750128454
 20
79.71494917334594
 10
153.00183743601147
 20
80.29125030849642
 10
153.00192474456887
 20
80.86755144464797
 10
153.00183121253093
 20
80.86850256852061
 10
153.0018420972763
 20
80.86860058401408
 10
152.00292491466942
 20
80.86875191699185
 10
146.00385615280337
 20
80.86966075804041
 10
146.0037686859583
 20
80.29231049547626
  0
LWPOLYLINE
  5
91
330
17
100
AcDbEntity
  8
0
100
AcDbPolyline
 90
25
 70
0
 10
157.02199446175942
 20
79.51934757376607
 10
157.02204174698215
 20
79.51910966497712
 10
157.17122744745055
 20
79.15878913689085
 10
157.17133475764663
 20
79.15862848279794
 10
157.19333470893628
 20
79.1366218647133
 10
157.19355143253657
 20
79.13629740852788
 10
157.19362749502827
 20
79.13591471356771
 10
157.19362749502807
 20
79.13591471356668
 10
158.00173127600027
 20
79.13579228825088
 10
158.00181874284533
 20
79.71314255081502
 10
164.0008875047114
 20
79.71223370976648
 10
164.00080003786633
 20
79.13488344720233
 10
169.99986879973238
 20
79.13397460615379
 10
169.99995626657747
 20
79.71132486871792
 10
170.0
 20
80.0
 10
170.00004373342253
 20
80.28867513128208
 10
164.00097497155647
 20
80.28958397233062
 10
164.00106243840156
 20
80.86693423489476
 10
158.0019936765355
 20
80.86784307594331
 10
157.00307649471145
 20
80.86799440892098
 10
157.00308734975806
 20
80.86789639014006
 10
157.0029935295459
 20
80.86694529465561
 10
157.00290622098854
 20
80.29064415850185
 10
157.00281891343107
 20
79.71434302335288
 10
157.02199446175942
 20
79.51934757376607
  0
LWPOLYLINE
  5
92
330
17
100
AcDbEntity
  8
0
100
AcDbPolyline
 90
13
 70
0
 10
131.50813432960604
 20
87.5052520329322
 10
131.37090909293147
 20
87.1402088985029
 10
131.37087769842879
 20
87.14001826815519
 10
131.38379407028566
 20
86.75024856335858
 10
131.3838380168951
 20
86.75006042934668
 10
131.54492959796474
 20
86.39490305759789
 10
131.5450709644587
 20
86.39470594807337
 10
131.67290605869422
 20
86.24905594528266
 10
132.6931630814414
 20
87.33809547742399
 10
131.9639975131846
 20
88.02053963563695
 10
131.62747822276526
 20
87.6609524391398
 10
131.5082623364433
 20
87.50545806892887
 10
131.50813432960604
 20
87.5052520329322
  0
LWPOLYLINE
  5
93
330
17
100
AcDbEntity
  8
0
100
AcDbPolyline
 90
22
 70
0
 10
139.449759316336
 20
193.0082028793119
 10
139.4499199386458
 20
193.00809551982766
 10
139.81019524854224
 20
192.85880065109873
 10
139.81043314314118
 20
192.85875329311943
 10
140.00423198060204
 20
192.83963612835205
 10
140.00424806056373
 20
195.99205667844498
 10
139.81090494801975
 20
195.97304361836385
 10
139.8106670391489
 20
195.97299633250321
 10
139.4503465112204
 20
195.8238106326858
 10
139.45018585604987
 20
195.8237033216055
 10
139.17438399207268
 20
195.54798501142452
 10
139.17427663323883
 20
195.547824389347
 10
139.02498176358426
 20
195.18754907962884
 10
139.02493440624312
 20
195.1873111851127
 10
139.00569977654598
 20
194.99232155565392
 10
139.00561246898852
 20
194.41602041950358
 10
139.00552516043115
 20
193.83971928335248
 10
139.02470070863612
 20
193.64472383601978
 10
139.02474799449686
 20
193.64448592714857
 10
139.17393369403965
 20
193.28416539888389
 10
139.1740410048864
 20
193.28400474455816
 10
139.449759316336
 20
193.0082028793119
  0
LWPOLYLINE
  5
94
330
17
100
AcDbEntity
  8
0
100
AcDbPolyline
 90
22
 70
0
 10
139.449759316336
 20
232.30820287931192
 10
139.4499199386458
 20
232.30809551982767
 10
139.81019524854233
 20
232.1588006510987
 10
139.81043314314113
 20
232.15875329311942
 10
140.00443244312473
 20
232.13961635385226
 10
140.0044485232878
 20
235.29207639163656
 10
139.81090494801975
 20
235.27304361836386
 10
139.8106670391489
 20
235.27299633250323
 10
139.4503465112204
 20
235.12381063268577
 10
139.45018585604984
 20
235.12370332160546
 10
139.17438399207273
 20
234.84798501142458
 10
139.17427663323883
 20
234.84782438934695
 10
139.02498176358426
 20
234.48754907962885
 10
139.02493440624312
 20
234.4873111851127
 10
139.00569977654598
 20
234.2923215556539
 10
139.00561246898852
 20
233.7160204195036
 10
139.00552516043115
 20
233.1397192833525
 10
139.02470070863612
 20
232.9447238360198
 10
139.02474799449686
 20
232.94448592714855
 10
139.17393369403965
 20
232.58416539888393
 10
139.17404100488642
 20
232.58400474455811
 10
139.449759316336
 20
232.30820287931192
  0
LWPOLYLINE
  5
95
330
17
100
AcDbEntity
  8
0
100
AcDbPolyline
 90
43
 70
0
 10
170.9796343178805
 20
274.4398827581409
 10
170.998868947454
 20
274.634872387346
 10
170.99895625501148
 20
275.2111735234964
 10
170.99899998901148
 20
275.49984865449903
 10
170.99901230701144
 20
275.5812503863236
 10
170.99908993343354
 20
275.581636534112
 10
170.99931065317907
 20
275.5819627530107
 10
171.17380097817178
 20
275.7537925192843
 10
170.0
 20
275.9999999999999
 10
170.0000086009282
 20
275.7886751366045
 10
164.00097497155647
 20
275.7895839723306
 10
164.00106243840156
 20
276.36693423489476
 10
158.0019936765355
 20
276.3678430759433
 10
157.00307649471145
 20
276.36799440892094
 10
157.00308734975806
 20
276.36789639014006
 10
157.0029935295459
 20
276.36694529465564
 10
157.00290622098854
 20
275.79064415850183
 10
157.00281891343107
 20
275.21434302335285
 10
157.02199446175945
 20
275.0193475737658
 10
157.0220417469821
 20
275.01910966497724
 10
157.1712274474505
 20
274.65878913689096
 10
157.17133475764672
 20
274.65862848279784
 10
157.19333470893622
 20
274.63662186471333
 10
157.1935514325365
 20
274.6362974085279
 10
157.1936274950282
 20
274.63591471356773
 10
157.193627495028
 20
274.6359147135667
 10
158.00173127600027
 20
274.6357922882509
 10
158.00181874284533
 20
275.21314255081506
 10
164.0008875047114
 20
275.2122337097665
 10
164.00080003786633
 20
274.63488344720236
 10
169.99986879973238
 20
274.6339746061538
 10
169.99995626657747
 20
275.21132486871795
 10
170.0
 20
275.5
 10
170.0000160406552
 20
275.60588099392055
 10
170.00009625088143
 20
273.6351151961744
 10
170.1936637772342
 20
273.6541503247594
 10
170.1939016860224
 20
273.654197609982
 10
170.5542222121146
 20
273.8033833100386
 10
170.55438286644176
 20
273.8034906208863
 10
170.83018473219664
 20
274.07920893284444
 10
170.8302920914476
 20
274.07936955431006
 10
170.97958695990127
 20
274.4396448635422
 10
170.9796343178805
 20
274.4398827581409
  0
LWPOLYLINE
  5
96
330
17
100
AcDbEntity
  8
0
100
AcDbPolyline
 90
22
 70
0
 10
170.55480940766398
 20
235.11899106368807
 10
170.5546487853542
 20
235.11909842317232
 10
170.19437347662998
 20
235.26839329141552
 10
170.19413553709936
 20
235.26844065771763
 10
170.0016570021765
 20
235.28744537950544
 10
170.00178529534796
 20
232.13528129417404
 10
170.19366377623405
 20
232.15415032475946
 10
170.19390168502287
 20
232.1541976099821
 10
170.55422221211504
 20
232.30338331003895
 10
170.55438286644184
 20
232.3034906208864
 10
170.83018473219659
 20
232.57920893284438
 10
170.8302920914476
 20
232.57936955431006
 10
170.97958695990127
 20
232.93964486354224
 10
170.9796343178805
 20
232.93988275814084
 10
170.998868947454
 20
233.13487238734595
 10
170.99895625501148
 20
233.7111735234964
 10
170.99904356256894
 20
234.28747465864953
 10
170.97986801536334
 20
234.4824701069829
 10
170.97982072950336
 20
234.48270801585028
 10
170.83063502854947
 20
234.84302854510912
 10
170.83052771835287
 20
234.8431891992028
 10
170.55480940766398
 20
235.11899106368807
  0
LWPOLYLINE
  5
97
330
17
100
AcDbEntity
  8
0
100
AcDbPolyline
 90
22
 70
0
 10
170.55480940766398
 20
195.8189910636881
 10
170.5546487853542
 20
195.81909842317233
 10
170.19437347662998
 20
195.9683932914155
 10
170.19413553709936
 20
195.96844065771762
 10
170.003256519766
 20
195.98728744819743
 10
170.00338480010782
 20
192.8354385869778
 10
170.1936637762342
 20
192.85415032475944
 10
170.19390168502275
 20
192.8541976099821
 10
170.55422221211504
 20
193.00338331003894
 10
170.55438286644184
 20
193.0034906208864
 10
170.83018473219653
 20
193.2792089328443
 10
170.8302920914476
 20
193.27936955431008
 10
170.97958695990127
 20
193.63964486354223
 10
170.9796343178805
 20
193.63988275814083
 10
170.998868947454
 20
193.83487238734597
 10
170.99895625501148
 20
194.41117352349642
 10
170.99904356256894
 20
194.98747465864955
 10
170.97986801536334
 20
195.1824701069829
 10
170.97982072950336
 20
195.18270801585032
 10
170.83063502854947
 20
195.54302854510908
 10
170.8305277183528
 20
195.54318919920289
 10
170.55480940766398
 20
195.8189910636881
  0
LWPOLYLINE
  5
98
330
17
100
AcDbEntity
  8
0
100
AcDbPolyline
 90
24
 70
0
 10
140.00469992409222
 20
194.99321933652487
 10
140.0046561906697
 20
194.7045442052428
 10
140.00461245724716
 20
194.41586907396072
 10
140.00452499040207
 20
193.8385188113966
 10
146.00359375226813
 20
193.837609970348
 10
146.00368121911322
 20
194.41496023291216
 10
152.00274998097927
 20
194.4140513918636
 10
152.0026625141342
 20
193.83670112929946
 10
152.81076629460165
 20
193.83657870398375
 10
152.81084247304295
 20
193.83696137587847
 10
152.81105929494035
 20
193.83728576638325
 10
152.83306591419603
 20
193.85928571884355
 10
152.83317327344758
 20
193.8594463403101
 10
152.98246814141552
 20
194.21972164837
 10
152.98251549875684
 20
194.21995954288695
 10
153.001750128454
 20
194.41494917334595
 10
153.00183743601147
 20
194.9912503084964
 10
153.00192474456887
 20
195.567551444648
 10
153.00183121253093
 20
195.56850256852064
 10
153.0018420972763
 20
195.56860058401412
 10
152.00292491466945
 20
195.56875191699189
 10
146.00385615280337
 20
195.56966075804044
 10
146.0037686859583
 20
194.99231049547632
 10
140.00469992409222
 20
194.99321933652487
  0
LWPOLYLINE
  5
99
330
17
100
AcDbEntity
  8
0
100
AcDbPolyline
 90
25
 70
0
 10
157.02199446175942
 20
194.21934757376607
 10
157.02204174698215
 20
194.21910966497708
 10
157.1712274474505
 20
193.85878913689098
 10
157.1713347576467
 20
193.85862848279788
 10
157.19333470893625
 20
193.83662186471332
 10
157.1935514325365
 20
193.83629740852788
 10
157.19362749502824
 20
193.83591471356772
 10
157.19362749502804
 20
193.8359147135667
 10
158.00173127600027
 20
193.8357922882509
 10
158.00181874284533
 20
194.41314255081505
 10
164.0008875047114
 20
194.41223370976647
 10
164.00080003786633
 20
193.83488344720234
 10
169.99986879973238
 20
193.8339746061538
 10
169.99995626657747
 20
194.4113248687179
 10
170.0
 20
194.7
 10
170.00004373342253
 20
194.98867513128206
 10
164.00097497155647
 20
194.98958397233062
 10
164.00106243840156
 20
195.56693423489477
 10
158.0019936765355
 20
195.56784307594333
 10
157.00307649471145
 20
195.56799440892098
 10
157.00308734975806
 20
195.56789639014008
 10
157.0029935295459
 20
195.5669452946556
 10
157.00290622098854
 20
194.99064415850185
 10
157.00281891343107
 20
194.41434302335287
 10
157.02199446175942
 20
194.21934757376607
  0
LWPOLYLINE
  5
9A
330
17
100
AcDbEntity
  8
0
100
AcDbPolyline
 90
24
 70
0
 10
140.00469992409222
 20
234.29321933652488
 10
140.0046561906697
 20
234.0045442052428
 10
140.00461245724716
 20
233.71586907396073
 10
140.00452499040207
 20
233.1385188113966
 10
146.00359375226813
 20
233.13760997034802
 10
146.00368121911322
 20
233.71496023291218
 10
152.00274998097927
 20
233.71405139186362
 10
152.0026625141342
 20
233.13670112929947
 10
152.81076629460168
 20
233.13657870398376
 10
152.81084247304298
 20
233.13696137587849
 10
152.81105929494038
 20
233.13728576638326
 10
152.83306591419603
 20
233.15928571884353
 10
152.83317327344758
 20
233.15944634031007
 10
152.98246814141552
 20
233.51972164837002
 10
152.98251549875684
 20
233.51995954288697
 10
153.001750128454
 20
233.71494917334596
 10
153.00183743601147
 20
234.29125030849642
 10
153.00192474456887
 20
234.867551444648
 10
153.00183121253093
 20
234.86850256852065
 10
153.0018420972763
 20
234.8686005840141
 10
152.00292491466945
 20
234.8687519169919
 10
146.00385615280337
 20
234.86966075804045
 10
146.0037686859583
 20
234.29231049547633
 10
140.00469992409222
 20
234.29321933652488
  0
LWPOLYLINE
  5
9B
330
17
100
AcDbEntity
  8
0
100
AcDbPolyline
 90
25
 70
0
 10
157.02199446175942
 20
233.51934757376608
 10
157.02204174698215
 20
233.5191096649771
 10
157.1712274474505
 20
233.15878913689093
 10
157.17133475764663
 20
233.15862848279792
 10
157.19333470893625
 20
233.13662186471333
 10
157.1935514325365
 20
233.1362974085279
 10
157.19362749502824
 20
233.13591471356773
 10
157.19362749502804
 20
233.1359147135667
 10
158.00173127600027
 20
233.1357922882509
 10
158.00181874284533
 20
233.71314255081506
 10
164.0008875047114
 20
233.71223370976648
 10
164.00080003786633
 20
233.13488344720236
 10
169.99986879973238
 20
233.1339746061538
 10
169.99995626657747
 20
233.71132486871792
 10
170.0
 20
234.0
 10
170.00004373342253
 20
234.28867513128208
 10
164.00097497155647
 20
234.28958397233063
 10
164.00106243840156
 20
234.86693423489479
 10
158.0019936765355
 20
234.86784307594334
 10
157.00307649471145
 20
234.867994408921
 10
157.00308734975806
 20
234.8678963901401
 10
157.0029935295459
 20
234.8669452946556
 10
157.00290622098854
 20
234.29064415850186
 10
157.00281891343107
 20
233.71434302335288
 10
157.02199446175942
 20
233.51934757376608
  0
LWPOLYLINE
  5
9C
330
17
100
AcDbEntity
  8
0
100
AcDbPolyline
 90
17
 70
0
 10
39.197766952966376
 20
66.61776695296636
 10
38.38670858091273
 20
67.1596988312782
 10
37.43000000000001
 20
67.35
 10
36.47329141908728
 20
67.1596988312782
 10
35.66223304703364
 20
66.61776695296636
 10
35.12030116872179
 20
65.80670858091271
 10
34.93000000000001
 20
64.85
 10
35.12030116872179
 20
63.89329141908727
 10
35.66223304703364
 20
63.082233047033625
 10
36.47329141908728
 20
62.540301168721776
 10
37.43000000000001
 20
62.349999999999994
 10
38.38670858091273
 20
62.540301168721776
 10
39.197766952966376
 20
63.082233047033625
 10
39.739698831278226
 20
63.89329141908727
 10
39.93000000000001
 20
64.85
 10
39.739698831278226
 20
65.80670858091273
 10
39.197766952966376
 20
66.61776695296636
  0
LWPOLYLINE
  5
9D
330
17
100
AcDbEntity
  8
0
100
AcDbPolyline
 90
17
 70
0
 10
211.19776695296636
 20
66.61776695296636
 10
210.38670858091274
 20
67.1596988312782
 10
209.43
 20
67.35
 10
208.47329141908727
 20
67.1596988312782
 10
207.66223304703362
 20
66.61776695296636
 10
207.1203011687218
 20
65.80670858091271
 10
206.93
 20
64.85
 10
207.1203011687218
 20
63.89329141908727
 10
207.66223304703365
 20
63.082233047033625
 10
208.47329141908727
 20
62.540301168721776
 10
209.43
 20
62.349999999999994
 10
210.38670858091274
 20
62.540301168721776
 10
211.1977669529664
 20
63.082233047033625
 10
211.73969883127822
 20
63.89329141908727
 10
211.93
 20
64.85
 10
211.73969883127822
 20
65.80670858091273
 10
211.19776695296636
 20
66.61776695296636
  0
LWPOLYLINE
  5
9E
330
17
100
AcDbEntity
  8
0
100
AcDbPolyline
 90
17
 70
0
 10
39.197766952966376
 20
388.6177669529664
 10
38.38670858091273
 20
389.15969883127826
 10
37.43000000000001
 20
389.35
 10
36.47329141908728
 20
389.15969883127826
 10
35.66223304703364
 20
388.6177669529664
 10
35.12030116872179
 20
387.80670858091275
 10
34.93000000000001
 20
386.85
 10
35.12030116872179
 20
385.8932914190873
 10
35.66223304703364
 20
385.08223304703364
 10
36.47329141908728
 20
384.5403011687218
 10
37.43000000000001
 20
384.35
 10
38.38670858091273
 20
384.5403011687218
 10
39.197766952966376
 20
385.08223304703364
 10
39.739698831278226
 20
385.8932914190873
 10
39.93000000000001
 20
386.85
 10
39.739698831278226
 20
387.80670858091275
 10
39.197766952966376
 20
388.6177669529664
  0
LWPOLYLINE
  5
9F
330
17
100
AcDbEntity
  8
0
100
AcDbPolyline
 90
17
 70
0
 10
211.19776695296636
 20
388.6177669529664
 10
210.38670858091274
 20
389.15969883127826
 10
209.43
 20
389.35
 10
208.47329141908727
 20
389.15969883127826
 10
207.66223304703362
 20
388.6177669529664
 10
207.1203011687218
 20
387.80670858091275
 10
206.93
 20
386.85
 10
207.1203011687218
 20
385.8932914190873
 10
207.66223304703365
 20
385.08223304703364
 10
208.47329141908727
 20
384.5403011687218
 10
209.43
 20
384.35
 10
210.38670858091274
 20
384.5403011687218
 10
211.1977669529664
 20
385.08223304703364
 10
211.73969883127822
 20
385.8932914190873
 10
211.93
 20
386.85
 10
211.73969883127822
 20
387.80670858091275
 10
211.19776695296636
 20
388.6177669529664
  0
LWPOLYLINE
  5
A0
330
17
100
AcDbEntity
  8
0
100
AcDbPolyline
 90
11
 70
0
 10
48.07199218750001
 20
64.94296874999999
 10
49.05636718750001
 20
62.34531249999999
 10
48.80389843750001
 20
61.81921875
 10
48.362085937500005
 20
61.739062499999996
 10
48.505882812500005
 20
61.3025078125
 10
49.16671093750001
 20
61.635468749999994
 10
50.447773437500004
 20
64.94296874999999
 10
50.00792968750001
 20
64.94296874999999
 10
49.27355468750001
 20
62.840624999999996
 10
48.545429687500004
 20
64.94296874999999
 10
48.07199218750001
 20
64.94296874999999
  0
LWPOLYLINE
  5
A1
330
17
100
AcDbEntity
  8
0
100
AcDbPolyline
 90
15
 70
0
 10
45.46701171875001
 20
64.203125
 10
46.69951171875
 20
64.6315625
 10
47.118261718750006
 20
64.43865625
 10
47.19591796875001
 20
63.9953125
 10
45.70529296875001
 20
63.63437499999999
 10
45.42798046875001
 20
62.792218749999996
 10
45.967699218750006
 20
62.324781249999994
 10
46.94594921875001
 20
62.4646875
 10
47.23263671875001
 20
62.66953124999999
 10
47.32013671875001
 20
62.349999999999994
 10
47.77951171875001
 20
62.349999999999994
 10
47.58908203125001
 20
64.5303984375
 10
47.08779296875001
 20
64.9515625
 10
46.048261718750005
 20
64.909375
 10
45.46701171875001
 20
64.203125
  0
LWPOLYLINE
  5
A2
330
17
100
AcDbEntity
  8
0
100
AcDbPolyline
 90
14
 70
0
 10
51.98742968750001
 20
64.9980234375
 10
51.08054687500001
 20
64.7085703125
 10
50.67770312500001
 20
63.75221875
 10
51.00792968750001
 20
62.641406249999996
 10
51.998976562500005
 20
62.293601562499994
 10
52.89718750000001
 20
62.7755859375
 10
53.05011718750001
 20
63.12890624999999
 10
52.596210937500004
 20
63.18515624999999
 10
52.21613281250001
 20
62.715140625
 10
51.61457031250001
 20
62.709765624999996
 10
51.13579687500001
 20
63.450906249999996
 10
53.06261718750001
 20
63.534375
 10
52.735273437500005
 20
64.64765625
 10
51.98742968750001
 20
64.9980234375
  0
LWPOLYLINE
  5
A3
330
17
100
AcDbEntity
  8
0
100
AcDbPolyline
 90
10
 70
0
 10
54.05228515625001
 20
64.65278124999999
 10
53.992597656250005
 20
64.94296874999999
 10
53.59728515625001
 20
64.94296874999999
 10
53.59728515625001
 20
62.349999999999994
 10
54.03634765625001
 20
62.349999999999994
 10
54.15916015625001
 20
64.33268749999999
 10
54.85431640625001
 20
64.45234375
 10
55.005878906250004
 20
64.86015624999999
 10
54.43531640625001
 20
64.9874375
 10
54.05228515625001
 20
64.65278124999999
  0
LWPOLYLINE
  5
A4
330
17
100
AcDbEntity
  8
0
100
AcDbPolyline
 90
7
 70
0
 10
43.26984375000001
 20
62.77265625
 10
43.26984375000001
 20
65.92890625
 10
42.796406250000004
 20
65.92890625
 10
42.796406250000004
 20
62.349999999999994
 10
45.03234375000001
 20
62.349999999999994
 10
45.03234375000001
 20
62.77265625
 10
43.26984375000001
 20
62.77265625
  0
LWPOLYLINE
  5
A5
330
17
100
AcDbEntity
  8
0
100
AcDbPolyline
 90
7
 70
0
 10
58.188984375000004
 20
65.94375
 10
56.871015625000005
 20
65.0453125
 10
56.871015625000005
 20
64.6203125
 10
57.607171875000006
 20
65.02924999999999
 10
57.749921875000005
 20
62.349999999999994
 10
58.188984375000004
 20
62.349999999999994
 10
58.188984375000004
 20
65.94375
  0
LWPOLYLINE
  5
A6
330
17
100
AcDbEntity
  8
0
100
AcDbPolyline
 90
12
 70
0
 10
195.77766664403242
 20
303.37015092107913
 10
195.83612580297225
 20
303.4489739722232
 10
195.88657745501806
 20
303.53314746841676
 10
195.92853572318097
 20
303.6218607728777
 10
195.93687383288255
 20
303.6451642283701
 10
195.3501045206728
 20
303.0673417400726
 10
195.3873396230348
 20
303.0806646727315
 10
195.4760529274957
 20
303.1226229408944
 10
195.5602264236893
 20
303.1730745929402
 10
195.63904947483334
 20
303.23153375188
 10
195.71176297185625
 20
303.2974374240562
 10
195.77766664403242
 20
303.37015092107913
  0
LWPOLYLINE
  5
A7
330
17
100
AcDbEntity
  8
0
100
AcDbPolyline
 90
22
 70
0
 10
139.4497748626995
 20
369.0081977936737
 10
139.44993548515393
 20
369.0080904359092
 10
139.81021216208228
 20
368.85879886904183
 10
139.810450057371
 20
368.85875151353565
 10
139.9932380639114
 20
368.8407221969105
 10
139.99489468182634
 20
371.99113795101346
 10
139.8108933232843
 20
371.97304184262885
 10
139.81065541420566
 20
371.9729945548618
 10
139.45033625304873
 20
371.8238055519042
 10
139.4501755999438
 20
371.82369824022106
 10
139.1743762621823
 20
371.547977401809
 10
139.17426890418503
 20
371.54781677851116
 10
139.02497733794533
 20
371.1875401006855
 10
139.02492998251049
 20
371.1873022063768
 10
139.00569713899756
 20
370.99231240081593
 10
139.00561511298986
 20
370.41601126366817
 10
139.00553308598225
 20
369.83971012751715
 10
139.02471042134627
 20
369.64471485453566
 10
139.02475770904195
 20
369.6444769464373
 10
139.17394671068485
 20
369.284157786042
 10
139.1740540230183
 20
369.28399713270466
 10
139.4497748626995
 20
369.0081977936737
  0
LWPOLYLINE
  5
A8
330
17
100
AcDbEntity
  8
0
100
AcDbPolyline
 90
23
 70
0
 10
170.80376107671304
 20
371.5434755025644
 10
170.52804023880896
 20
371.8192748398177
 10
170.52787961551113
 20
371.819382197815
 10
170.1676029376854
 20
371.9686737640547
 10
170.1673649983273
 20
371.9687211284571
 10
170.0
 20
371.98524468346244
 10
170.0
 20
368.8380144195182
 10
170.1669217774639
 20
368.8544307913462
 10
170.1671596855626
 20
368.85447807904194
 10
170.52747884662227
 20
369.00366708095993
 10
170.52763950080356
 20
369.0037743935264
 10
170.80343883781768
 20
369.279495231191
 10
170.8035461958156
 20
369.27965585448976
 10
170.9528377629582
 20
369.6399325320824
 10
170.9528851184644
 20
369.6401704273711
 10
170.97211796100254
 20
369.83516023318225
 10
170.97219998801015
 20
370.4114613693336
 10
170.97224107601014
 20
370.700136501333
 10
170.97228201401788
 20
370.9877625054841
 10
170.95310467965328
 20
371.1827577784666
 10
170.95305739195828
 20
371.18299568656147
 10
170.80386838862918
 20
371.54331484861535
 10
170.80376107671304
 20
371.5434755025644
  0
LWPOLYLINE
  5
A9
330
17
100
AcDbEntity
  8
0
100
AcDbPolyline
 90
24
 70
0
 10
140.0046561906697
 20
370.7045442052428
 10
140.00461510271856
 20
370.4158690735721
 10
140.00453292681632
 20
369.83851881023065
 10
145.99824990586382
 20
369.83766570747514
 10
145.99833208176605
 20
370.4150159708166
 10
151.99204906081354
 20
370.41416286806117
 10
151.99196688491128
 20
369.8368126047197
 10
152.8000706662927
 20
369.836697585014
 10
152.80014684122776
 20
369.83708025760797
 10
152.80036366015293
 20
369.83740465009964
 10
152.8223700768177
 20
369.859404803191
 10
152.82247743481565
 20
369.85956542648984
 10
152.97176900205488
 20
370.2198421043157
 10
152.97181635748902
 20
370.2200799986208
 10
152.99104920000255
 20
370.4150698041822
 10
152.99113122701013
 20
370.99137094133357
 10
152.99121325301783
 20
371.56767207748464
 10
152.99111971227407
 20
371.56862320043626
 10
152.9911305961211
 20
371.56872121602515
 10
151.992213412618
 20
371.5688633947441
 10
145.99849643357052
 20
371.56971649749954
 10
145.9984142576683
 20
370.9923662341581
 10
140.00469727862082
 20
370.99321933691357
 10
140.0046561906697
 20
370.7045442052428
  0
LWPOLYLINE
  5
AA
330
17
100
AcDbEntity
  8
0
100
AcDbPolyline
 90
25
 70
0
 10
157.00594353434627
 20
370.21950580953575
 10
157.00599082204195
 20
370.21926790143726
 10
157.15517982368485
 20
369.85894874104196
 10
157.1552871360183
 20
369.8587880877046
 10
157.17728729001698
 20
369.8367816701323
 10
157.17750401659006
 20
369.8364572159329
 10
157.1775800825884
 20
369.83607452166996
 10
157.17758008258838
 20
369.83607452166984
 10
157.98568386395877
 20
369.8359595019642
 10
157.985766039861
 20
370.4133097653057
 10
163.9794830189085
 20
370.4124566625502
 10
163.97940084300626
 20
369.83510639920877
 10
169.97311782205372
 20
369.8342532964533
 10
169.973199997956
 20
370.41160355979474
 10
169.9732410859071
 20
370.7002786914655
 10
169.97328217385822
 20
370.9889538231362
 10
163.97956519481073
 20
370.9898069258917
 10
163.97964737071297
 20
371.56715718923317
 10
157.9859303916655
 20
371.5680102919886
 10
156.98701320754347
 20
371.5681524707077
 10
156.98702406348858
 20
371.5680544520169
 10
156.98693025199756
 20
371.56710335581624
 10
156.98684822598986
 20
370.9908022186682
 10
156.98676619898225
 20
370.4145010825172
 10
157.00594353434627
 20
370.21950580953575
  0
LWPOLYLINE
  5
AB
330
17
100
AcDbEntity
  8
0
100
AcDbPolyline
 90
5
 70
0
 10
423.35355841209696
 20
52.54214719596769
 10
226.73785280403231
 20
52.54214719596769
 10
226.73785280403231
 20
399.15785280403236
 10
423.35355841209696
 20
399.15785280403236
 10
423.35355841209696
 20
52.54214719596769
  0
LWPOLYLINE
  5
AC
330
17
100
AcDbEntity
  8
0
100
AcDbPolyline
 90
16
 70
0
 10
387.97570560806463
 20
123.9
 10
387.97570560806463
 20
122.2
 10
388.47570560806463
 20
122.2
 10
388.47570560806463
 20
123.9
 10
388.97570560806463
 20
123.9
 10
388.97570560806463
 20
124.10000000000001
 10
388.97570560806463
 20
124.7531557351258
 10
388.9753229246323
 20
124.7532318555933
 10
388.6698869242945
 20
124.87974758937055
 10
388.6696490226719
 20
124.87979491094552
 10
388.4746564812149
 20
124.89900000000002
 10
387.97675473491444
 20
124.89900000000002
 10
387.975803625205
 20
124.89890632386998
 10
387.97570560806463
 20
124.89891719376614
 10
387.97570560806463
 20
124.10000000000001
 10
387.97570560806463
 20
123.9
  0
LWPOLYLINE
  5
AD
330
17
100
AcDbEntity
  8
0
100
AcDbPolyline
 90
18
 70
0
 10
388.47570560806463
 20
120.5
 10
388.47570560806463
 20
119.50108280623387
 10
388.47580362520495
 20
119.50109367613003
 10
388.4767547349144
 20
119.50099999999999
 10
388.9746564812149
 20
119.50099999999999
 10
389.1696490226719
 20
119.52020508905449
 10
389.1698869242945
 20
119.52025241062945
 10
389.5301848468756
 20
119.66949269665781
 10
389.5303454850065
 20
119.66960003162531
 10
389.8061055764281
 20
119.94536012304138
 10
389.8062129113956
 20
119.94552076117225
 10
389.9554531974422
 20
120.3058186838052
 10
389.9555005190171
 20
120.30605658542773
 10
389.9746022780889
 20
120.5
 10
388.97570560806463
 20
120.5
 10
388.97570560806463
 20
122.2
 10
388.47570560806463
 20
122.2
 10
388.47570560806463
 20
120.5
  0
LWPOLYLINE
  5
AE
330
17
100
AcDbEntity
  8
0
100
AcDbPolyline
 90
28
 70
0
 10
387.97570560806463
 20
127.3
 10
387.97570560806463
 20
125.89999999999999
 10
387.97570560806463
 20
125.6
 10
387.97570560806463
 20
125.49999999999999
 10
387.97570560806463
 20
124.92589965013431
 10
388.2255936435885
 20
124.9540552697437
 10
388.22581757254073
 20
124.9540552697437
 10
388.5726178353028
 20
124.9149802645787
 10
388.5728233394438
 20
124.91500050496995
 10
388.97055090858555
 20
125.04176768303178
 10
388.97073022225476
 20
125.04187009510834
 10
388.9750392614867
 20
125.0457208879976
 10
388.9753665182795
 20
125.04591599984819
 10
388.97570560806463
 20
125.04596873181976
 10
388.97570560806463
 20
125.49999999999999
 10
388.97570560806463
 20
125.6
 10
388.97570560806463
 20
125.89999999999999
 10
388.96809356131575
 20
125.9382683432365
 10
388.9464162861833
 20
125.97071067811865
 10
388.91397395130116
 20
125.99238795325113
 10
388.87570560806466
 20
125.99999999999999
 10
388.57570560806465
 20
125.99999999999999
 10
388.5374372648281
 20
125.99238795325113
 10
388.50499492994595
 20
125.97071067811865
 10
388.4833176548135
 20
125.9382683432365
 10
388.47570560806463
 20
125.89999999999999
 10
388.47570560806463
 20
127.3
 10
387.97570560806463
 20
127.3
  0
LWPOLYLINE
  5
AF
330
17
100
AcDbEntity
  8
0
100
AcDbPolyline
 90
30
 70
0
 10
388.97570560806463
 20
127.3
 10
388.97570560806463
 20
129.0
 10
390.77570560806464
 20
129.0
 10
390.77570560806464
 20
129.5
 10
388.97570560806463
 20
129.5
 10
388.97570560806463
 20
130.49889865548076
 10
388.9753273855862
 20
130.49893590714345
 10
388.9749832769793
 20
130.49911983702583
 10
388.9747357489991
 20
130.49942145074235
 10
388.97462248553677
 20
130.49979483033886
 10
388.95550051901847
 20
130.69394341456533
 10
388.95545319744355
 20
130.69418131618778
 10
388.80621291138436
 20
131.05447923884455
 10
388.8061055764168
 20
131.05463987697547
 10
388.5303454850065
 20
131.33039996837465
 10
388.5301848468756
 20
131.33050730334216
 10
388.1698869242945
 20
131.47974758937056
 10
388.1696490226717
 20
131.47979491094554
 10
387.97570560806463
 20
131.49889667002427
 10
387.97570560806463
 20
130.5
 10
385.1757056080646
 20
130.5
 10
385.1757056080646
 20
130.0
 10
387.97570560806463
 20
130.0
 10
387.97570560806463
 20
129.5
 10
388.013765841809
 20
129.30865828381746
 10
388.12215221747135
 20
129.14644660940672
 10
388.2843638918821
 20
129.03806023374435
 10
388.47570560806463
 20
129.0
 10
388.47570560806463
 20
127.3
 10
388.97570560806463
 20
127.3
  0
LWPOLYLINE
  5
B0
330
17
100
AcDbEntity
  8
0
100
AcDbPolyline
 90
41
 70
0
 10
392.50306635953166
 20
129.5
 10
392.4829057168454
 20
129.46873178968252
 10
392.47570560806463
 20
129.43147349946813
 10
392.47570560806463
 20
129.1
 10
392.4833176548135
 20
129.0617316567635
 10
392.50499492994595
 20
129.02928932188135
 10
392.5374372648281
 20
129.00761204674887
 10
392.57570560806465
 20
129.0
 10
392.6757056080646
 20
129.0
 10
393.3625963436659
 20
129.0
 10
393.36265436469125
 20
129.00034968075116
 10
393.4826413874602
 20
129.32182037080406
 10
393.4828630238555
 20
129.32216957662195
 10
393.4832070132155
 20
129.32239922573507
 10
393.4836145101765
 20
129.32247003266792
 10
393.4840158052949
 20
129.32236988466298
 10
393.4843422500602
 20
129.32211591377853
 10
393.4845380004168
 20
129.32175156615216
 10
393.5721140566552
 20
129.02250717336554
 10
393.57221468078694
 20
129.0223225677415
 10
393.5909676845294
 20
129.0006544109481
 10
393.59115670832097
 20
129.0003265993613
 10
393.591203517472
 20
129.0
 10
394.27570560806464
 20
129.0
 10
394.37570560806466
 20
129.0
 10
394.41397395130116
 20
129.00761204674887
 10
394.4464162861833
 20
129.02928932188135
 10
394.46809356131575
 20
129.0617316567635
 10
394.47570560806463
 20
129.1
 10
394.47570560806463
 20
129.43147349946815
 10
394.4685054992839
 20
129.46873178968255
 10
394.44834485659766
 20
129.5
 10
396.1757056080647
 20
129.5
 10
396.1757056080647
 20
130.0
 10
394.37570560806466
 20
130.0
 10
394.27570560806464
 20
130.0
 10
392.6757056080646
 20
130.0
 10
392.57570560806465
 20
130.0
 10
390.77570560806464
 20
130.0
 10
390.77570560806464
 20
129.5
 10
392.50306635953166
 20
129.5
  0
LWPOLYLINE
  5
B1
330
17
100
AcDbEntity
  8
0
100
AcDbPolyline
 90
9
 70
0
 10
396.1757056080647
 20
129.0
 10
397.47570560806463
 20
129.0
 10
397.47570560806463
 20
127.7
 10
397.97570560806463
 20
127.7
 10
397.9757056080647
 20
129.0
 10
397.9757056080647
 20
129.5
 10
397.4757056080647
 20
129.5
 10
396.1757056080647
 20
129.5
 10
396.1757056080647
 20
129.0
  0
LWPOLYLINE
  5
B2
330
17
100
AcDbEntity
  8
0
100
AcDbPolyline
 90
49
 70
0
 10
397.97570560806463
 20
125.972639248533
 10
397.9750808030183
 20
125.97223639620597
 10
397.97499559827486
 20
125.9721161128828
 10
397.9585391191655
 20
125.98857259199214
 10
397.9224911280652
 20
126.0035041588022
 10
397.88347306366194
 20
126.0035041588022
 10
397.8658564677289
 20
125.99999999999999
 10
397.5757056080646
 20
125.99999999999999
 10
397.5374372648281
 20
125.99238795325113
 10
397.50499492994595
 20
125.97071067811865
 10
397.4833176548135
 20
125.9382683432365
 10
397.47570560806463
 20
125.9
 10
397.47570560806463
 20
125.8
 10
397.47570560806463
 20
125.11549790941002
 10
397.47603220742593
 20
125.11545110025898
 10
397.4763600190127
 20
125.11526207646739
 10
397.4980281758119
 20
125.09650907271916
 10
397.49821278143594
 20
125.09640844858741
 10
397.7971417355495
 20
125.00892470778128
 10
397.7974995793074
 20
125.0087344031141
 10
397.7977525018181
 20
125.00841770416405
 10
397.7978589560013
 20
125.008026634441
 10
397.7978014548388
 20
125.00762543419458
 10
397.79758944393296
 20
125.00728000779549
 10
397.79725774989566
 20
125.00704709775482
 10
397.79686085945025
 20
125.00696496374411
 10
397.7817137774333
 20
125.00696496374414
 10
397.78152429183825
 20
125.00692727271583
 10
397.476088291497
 20
124.88041153893595
 10
397.47570560806463
 20
124.88033541846845
 10
397.47570560806463
 20
124.20000000000002
 10
397.47570560806463
 20
124.10000000000001
 10
397.4833176548135
 20
124.0617316567635
 10
397.50499492994595
 20
124.02928932188135
 10
397.5374372648281
 20
124.00761204674887
 10
397.5757056080646
 20
124.00000000000001
 10
397.9071791075328
 20
124.00000000000001
 10
397.94443739774715
 20
124.0072001087808
 10
397.97570560806463
 20
124.027360751467
 10
397.9757056080646
 20
122.3
 10
398.4757056080646
 20
122.3
 10
398.47570560806463
 20
124.1
 10
398.47570560806463
 20
124.2
 10
398.47570560806463
 20
124.99999999999994
 10
398.47570560806463
 20
125.79999999999998
 10
398.47570560806463
 20
125.89999999999999
 10
398.47570560806463
 20
127.69999999999999
 10
397.97570560806463
 20
127.7
 10
397.97570560806463
 20
125.972639248533
  0
LWPOLYLINE
  5
B3
330
17
100
AcDbEntity
  8
0
100
AcDbPolyline
 90
25
 70
0
 10
397.4757056080646
 20
122.30000000000001
 10
397.4757056080646
 20
120.5
 10
396.47680893804034
 20
120.5
 10
396.4959106971121
 20
120.30605658542773
 10
396.495958018687
 20
120.3058186838052
 10
396.64519830473364
 20
119.94552076117225
 10
396.6453056397011
 20
119.94536012304138
 10
396.9210657311227
 20
119.66960003162531
 10
396.92122636925365
 20
119.66949269665781
 10
397.2815242918347
 20
119.52025241062945
 10
397.2817621934573
 20
119.52020508905449
 10
397.4767547349144
 20
119.50099999999999
 10
397.97465648121477
 20
119.50099999999999
 10
398.1696490226718
 20
119.52020508905449
 10
398.1698869242944
 20
119.52025241062945
 10
398.5301848468755
 20
119.66949269665781
 10
398.5303454850064
 20
119.66960003162531
 10
398.806105576428
 20
119.94536012304138
 10
398.8062129113955
 20
119.94552076117225
 10
398.9554531974421
 20
120.3058186838052
 10
398.95550051901705
 20
120.30605658542773
 10
398.9746022780888
 20
120.5
 10
397.9757056080646
 20
120.5
 10
397.9757056080646
 20
122.3
 10
397.4757056080646
 20
122.30000000000001
  0
LWPOLYLINE
  5
B4
330
17
100
AcDbEntity
  8
0
100
AcDbPolyline
 90
12
 70
0
 10
398.9746022780889
 20
129.5
 10
398.9555005190185
 20
129.69394341456533
 10
398.9554531974436
 20
129.69418131618778
 10
398.80621291138436
 20
130.05447923884455
 10
398.8061055764168
 20
130.05463987697547
 10
398.53034548500654
 20
130.33039996837465
 10
398.5301848468756
 20
130.33050730334216
 10
398.16988692429453
 20
130.47974758937056
 10
398.16964902267176
 20
130.47979491094554
 10
397.97570560806463
 20
130.49889667002427
 10
397.9757056080647
 20
129.5
 10
398.9746022780889
 20
129.5
  0
LWPOLYLINE
  5
B5
330
17
100
AcDbEntity
  8
0
100
AcDbPolyline
 90
16
 70
0
 10
382.37570560806466
 20
130.0
 10
382.37570560806466
 20
130.5
 10
381.8757056080646
 20
130.5
 10
381.5225498729409
 20
130.5
 10
381.5224737524734
 20
130.49961731656762
 10
381.3959580186927
 20
130.19418131622288
 10
381.39591069711776
 20
130.1939434146003
 10
381.37670560806464
 20
129.99895087315022
 10
381.37670560806464
 20
129.50104912684978
 10
381.37679928419465
 20
129.50009801714035
 10
381.3767884142985
 20
129.5
 10
381.8757056080646
 20
129.5
 10
382.37570560806466
 20
129.5
 10
385.1757056080646
 20
129.5
 10
385.1757056080646
 20
130.0
 10
382.37570560806466
 20
130.0
  0
LWPOLYLINE
  5
B6
330
17
100
AcDbEntity
  8
0
100
AcDbPolyline
 90
16
 70
0
 10
379.5757056080646
 20
130.5
 10
379.5757056080646
 20
130.0
 10
376.77570560806464
 20
130.0
 10
376.77570560806464
 20
129.5
 10
379.5757056080646
 20
129.5
 10
380.07570560806465
 20
129.5
 10
380.57462280183074
 20
129.5
 10
380.5746119319346
 20
129.50009801714035
 10
380.5747056080646
 20
129.50104912684978
 10
380.5747056080646
 20
129.99895087315022
 10
380.5555005190115
 20
130.1939434146003
 10
380.5554531974366
 20
130.19418131622288
 10
380.42893746365587
 20
130.49961731656762
 10
380.4288613431884
 20
130.5
 10
380.07570560806465
 20
130.5
 10
379.5757056080646
 20
130.5
  0
LWPOLYLINE
  5
B7
330
17
100
AcDbEntity
  8
0
100
AcDbPolyline
 90
29
 70
0
 10
376.77570560806464
 20
130.5
 10
373.97570560806463
 20
130.5
 10
373.97570560806463
 20
131.49889667002427
 10
373.78176219345755
 20
131.47979491094554
 10
373.7815242918348
 20
131.47974758937056
 10
373.42122636926206
 20
131.33050730334776
 10
373.4210657311312
 20
131.3303999683803
 10
373.1453056396956
 20
131.0546398769503
 10
373.14519830472807
 20
131.05447923881937
 10
373.1167178448274
 20
130.98572132626506
 10
373.1164775575969
 20
130.98537414562475
 10
373.1161154047602
 20
130.98515707956795
 10
373.11569594815455
 20
130.98510882497078
 10
372.97570560806463
 20
130.99889667002427
 10
372.97570560806463
 20
130.0
 10
371.1757056080646
 20
130.0
 10
371.1757056080646
 20
129.5
 10
372.97570560806463
 20
129.5
 10
373.01376584180895
 20
129.30865828381758
 10
373.12215221747135
 20
129.14644660940684
 10
373.2843638918821
 20
129.03806023374446
 10
373.4757056080646
 20
129.0000000000001
 10
373.66704732424716
 20
129.03806023374446
 10
373.8292589986579
 20
129.14644660940684
 10
373.93764537432025
 20
129.30865828381755
 10
373.97570560806463
 20
129.5000000000001
 10
373.97570560806463
 20
130.0
 10
376.77570560806464
 20
130.0
 10
376.77570560806464
 20
130.5
  0
LWPOLYLINE
  5
B8
330
17
100
AcDbEntity
  8
0
100
AcDbPolyline
 90
47
 70
0
 10
369.4483448565976
 20
129.5
 10
369.4479420042706
 20
129.50062480504633
 10
369.4460607277782
 20
129.50195743933475
 10
369.4677773907944
 20
129.53361082645904
 10
369.47570560806463
 20
129.5726337277474
 10
369.47570560806463
 20
129.9
 10
369.46809356131575
 20
129.9382683432365
 10
369.4464162861833
 20
129.97071067811865
 10
369.41397395130116
 20
129.99238795325113
 10
369.3757056080646
 20
130.0
 10
369.2757056080646
 20
130.0
 10
368.59120351747623
 20
130.0
 10
368.5911567083252
 20
129.9996734006387
 10
368.5909676845336
 20
129.9993455890519
 10
368.57221468077995
 20
129.97767743224568
 10
368.57211405664816
 20
129.97749282662159
 10
368.4766653521018
 20
129.65134786346766
 10
368.47650038221275
 20
129.65102183425842
 10
368.4762293019401
 20
129.6507768330434
 10
368.47588830324077
 20
129.6506455699617
 10
368.47552291288844
 20
129.6506455699617
 10
368.47518191418914
 20
129.6507768330434
 10
368.4749108339165
 20
129.65102183425842
 10
368.47474586402745
 20
129.65134786346766
 10
368.3792971594811
 20
129.97749282662159
 10
368.37919653534925
 20
129.97767743224568
 10
368.36044353159565
 20
129.9993455890519
 10
368.36025450780403
 20
129.9996734006387
 10
368.360207698653
 20
130.0
 10
367.6757056080646
 20
130.0
 10
367.5757056080646
 20
130.0
 10
367.5374372648281
 20
129.99238795325113
 10
367.50499492994595
 20
129.97071067811865
 10
367.4833176548135
 20
129.9382683432365
 10
367.47570560806463
 20
129.9
 10
367.47570560806463
 20
129.56852650053185
 10
367.4829057168454
 20
129.53126821031745
 10
367.5030663595316
 20
129.5
 10
365.7757056080645
 20
129.5
 10
365.7757056080645
 20
129.0
 10
367.5757056080646
 20
129.0
 10
367.6757056080646
 20
129.0
 10
369.2757056080646
 20
129.0
 10
369.3757056080646
 20
129.0
 10
371.1757056080646
 20
129.0
 10
371.1757056080646
 20
129.5
 10
369.4483448565976
 20
129.5
  0
LWPOLYLINE
  5
B9
330
17
100
AcDbEntity
  8
0
100
AcDbPolyline
 90
25
 70
0
 10
365.7757056080645
 20
130.0
 10
363.97570560806463
 20
130.0
 10
363.97570560806463
 20
130.99889667002427
 10
363.7817621934575
 20
130.97979491094554
 10
363.7815242918347
 20
130.97974758937056
 10
363.421226369262
 20
130.83050730334776
 10
363.4210657311312
 20
130.8303999683803
 10
363.14530563969555
 20
130.5546398769503
 10
363.14519830472807
 20
130.55447923881937
 10
363.0797569562896
 20
130.3964898478804
 10
363.07954018353826
 20
130.39616542453157
 10
363.07921576018947
 20
130.39594865178026
 10
362.92122636926194
 20
130.33050730334776
 10
362.9210657311311
 20
130.3303999683803
 10
362.6453056396955
 20
130.0546398769503
 10
362.64519830472796
 20
130.05447923881937
 10
362.4959580186926
 20
129.69418131622288
 10
362.4959106971176
 20
129.6939434146003
 10
362.4768089380403
 20
129.50000000000006
 10
363.4757056080645
 20
129.5
 10
363.4757056080646
 20
127.70000000000003
 10
363.9757056080646
 20
127.70000000000003
 10
363.9757056080645
 20
129.5
 10
365.7757056080645
 20
129.5
 10
365.7757056080645
 20
130.0
  0
LWPOLYLINE
  5
BA
330
17
100
AcDbEntity
  8
0
100
AcDbPolyline
 90
46
 70
0
 10
363.9757056080646
 20
125.97140610309307
 10
363.97428578113954
 20
125.96998627616809
 10
363.9420947816055
 20
125.99207178272981
 10
363.90307188031716
 20
125.99999999999999
 10
363.5757056080646
 20
125.99999999999999
 10
363.53743726482804
 20
125.99238795325113
 10
363.5049949299459
 20
125.97071067811865
 10
363.48331765481345
 20
125.9382683432365
 10
363.4757056080646
 20
125.90000000000006
 10
363.4757056080646
 20
125.80000000000005
 10
363.4757056080646
 20
125.11966458152781
 10
363.4760882914969
 20
125.11958846106032
 10
363.7643968784697
 20
125.00016713418896
 10
363.76471194363717
 20
124.99995959737568
 10
363.76492769295146
 20
124.99965009806712
 10
363.7650134171755
 20
124.99928268964854
 10
363.7649569145298
 20
124.99890966814826
 10
363.76476622746486
 20
124.99858412854717
 10
363.76446849791756
 20
124.99835240736707
 10
363.7641061039938
 20
124.99824748724198
 10
363.715056749225
 20
124.99372025031099
 10
363.7148915703585
 20
124.99367535648534
 10
363.4761303877458
 20
124.88164480077232
 10
363.4757424152875
 20
124.88155077514706
 10
363.4757056080646
 20
124.88155687137933
 10
363.4757056080646
 20
124.2000000000001
 10
363.4757056080646
 20
124.1000000000001
 10
363.48331765481345
 20
124.0617316567635
 10
363.50499492994595
 20
124.02928932188135
 10
363.5374372648281
 20
124.00761204674887
 10
363.5757056080646
 20
124.00000000000001
 10
363.86585646772886
 20
124.00000000000001
 10
363.8834730636619
 20
123.99649584119781
 10
363.9224911280651
 20
123.99649584119781
 10
363.95853911916544
 20
124.01142740800789
 10
363.9757056080646
 20
124.02859389690704
 10
363.9757056080646
 20
122.30000000000014
 10
364.4757056080646
 20
122.30000000000014
 10
364.4757056080646
 20
124.10000000000011
 10
364.4757056080646
 20
124.20000000000012
 10
364.4757056080646
 20
125.00000000000084
 10
364.4757056080646
 20
125.80000000000007
 10
364.4757056080646
 20
125.90000000000008
 10
364.4757056080646
 20
127.70000000000005
 10
363.9757056080646
 20
127.70000000000003
 10
363.9757056080646
 20
125.97140610309307
  0
LWPOLYLINE
  5
BB
330
17
100
AcDbEntity
  8
0
100
AcDbPolyline
 90
25
 70
0
 10
363.4757056080646
 20
122.30000000000013
 10
363.47570560806463
 20
120.50000000000017
 10
362.47680893804034
 20
120.50000000000017
 10
362.4959106971191
 20
120.30605658539292
 10
362.49595801869407
 20
120.3058186837703
 10
362.6451983047168
 20
119.94552076119763
 10
362.6453056396843
 20
119.94536012306675
 10
362.9210657311312
 20
119.66960003161985
 10
362.92122636926206
 20
119.66949269665237
 10
363.2815242918347
 20
119.52025241062962
 10
363.2817621934574
 20
119.52020508905466
 10
363.4767547349144
 20
119.50100000000016
 10
363.9746564812148
 20
119.50100000000016
 10
364.1696490226719
 20
119.52020508905466
 10
364.1698869242945
 20
119.52025241062962
 10
364.53018484686714
 20
119.66949269665237
 10
364.53034548499807
 20
119.66960003161985
 10
364.8061055764449
 20
119.94536012306675
 10
364.80621291141244
 20
119.94552076119763
 10
364.9554531974352
 20
120.3058186837703
 10
364.9555005190101
 20
120.30605658539292
 10
364.97460227808887
 20
120.50000000000016
 10
363.97570560806463
 20
120.50000000000017
 10
363.9757056080646
 20
122.30000000000014
 10
363.4757056080646
 20
122.30000000000013
  0
LWPOLYLINE
  5
BC
330
17
100
AcDbEntity
  8
0
100
AcDbPolyline
 90
5
 70
0
 10
373.47570560806463
 20
127.3000000000001
 10
373.97570560806463
 20
127.3000000000001
 10
373.97570560806463
 20
129.0000000000001
 10
373.4757056080646
 20
129.0000000000001
 10
373.47570560806463
 20
127.3000000000001
  0
LWPOLYLINE
  5
BD
330
17
100
AcDbEntity
  8
0
100
AcDbPolyline
 90
31
 70
0
 10
372.97570560806463
 20
127.3000000000001
 10
372.97570560806463
 20
125.89999999999999
 10
372.97570560806463
 20
125.60000000000007
 10
372.97570560806463
 20
125.50000000000006
 10
372.97570560806463
 20
124.92236882356809
 10
372.97580362520495
 20
124.92237969346425
 10
373.0624110652638
 20
124.91384960515236
 10
373.0625918766055
 20
124.91386517569416
 10
373.2128411734856
 20
124.95544475595509
 10
373.21321985071916
 20
124.95547469209919
 10
373.5726178352995
 20
124.91498026457825
 10
373.57282333944056
 20
124.9150005049695
 10
373.97055090858555
 20
125.04176768303165
 10
373.9707302222548
 20
125.04187009510821
 10
373.97503926148664
 20
125.04572088799748
 10
373.9753665182795
 20
125.04591599984806
 10
373.97570560806463
 20
125.04596873181964
 10
373.97570560806463
 20
125.50000000000006
 10
373.97570560806463
 20
125.60000000000007
 10
373.97570560806463
 20
125.89999999999999
 10
373.96809356131575
 20
125.9382683432365
 10
373.9464162861833
 20
125.97071067811865
 10
373.91397395130116
 20
125.99238795325113
 10
373.8757056080646
 20
125.99999999999999
 10
373.57570560806465
 20
125.99999999999999
 10
373.5374372648281
 20
125.99238795325113
 10
373.50499492994595
 20
125.97071067811865
 10
373.4833176548135
 20
125.9382683432365
 10
373.47570560806463
 20
125.89999999999999
 10
373.47570560806463
 20
127.3000000000001
 10
372.97570560806463
 20
127.3000000000001
  0
LWPOLYLINE
  5
BE
330
17
100
AcDbEntity
  8
0
100
AcDbPolyline
 90
16
 70
0
 10
372.97570560806463
 20
123.90000000000005
 10
372.97570560806463
 20
122.20000000000002
 10
373.47570560806463
 20
122.20000000000002
 10
373.47570560806463
 20
123.90000000000005
 10
373.97570560806463
 20
123.90000000000005
 10
373.97570560806463
 20
124.10000000000001
 10
373.97570560806463
 20
124.75315573512765
 10
373.9753229246322
 20
124.75323185559515
 10
373.6698869242945
 20
124.8797475893706
 10
373.6696490226719
 20
124.87979491094556
 10
373.4746564812149
 20
124.89900000000006
 10
372.9767547349144
 20
124.89900000000006
 10
372.975803625205
 20
124.89890632387002
 10
372.97570560806463
 20
124.89891719376618
 10
372.97570560806463
 20
124.10000000000001
 10
372.97570560806463
 20
123.90000000000005
  0
LWPOLYLINE
  5
BF
330
17
100
AcDbEntity
  8
0
100
AcDbPolyline
 90
5
 70
0
 10
373.47570560806463
 20
120.5000000000001
 10
373.97570560806463
 20
120.5
 10
373.97570560806463
 20
122.20000000000002
 10
373.47570560806463
 20
122.20000000000002
 10
373.47570560806463
 20
120.5000000000001
  0
LWPOLYLINE
  5
C0
330
17
100
AcDbEntity
  8
0
100
AcDbPolyline
 90
12
 70
0
 10
372.47680893804034
 20
120.50000000000011
 10
372.4959106971177
 20
120.30605658539984
 10
372.4959580186927
 20
120.30581868377718
 10
372.6451983047168
 20
119.94552076119756
 10
372.6453056396843
 20
119.94536012306668
 10
372.9210657311312
 20
119.66960003161978
 10
372.92122636926206
 20
119.6694926966523
 10
373.2815242918347
 20
119.52025241062955
 10
373.2817621934574
 20
119.52020508905458
 10
373.47570560806463
 20
119.50110332997582
 10
373.47570560806463
 20
120.5000000000001
 10
372.47680893804034
 20
120.50000000000011
  0
LWPOLYLINE
  5
C1
330
17
100
AcDbEntity
  8
0
100
AcDbPolyline
 90
25
 70
0
 10
388.6698869242945
 20
139.02025241062944
 10
389.03018484687556
 20
139.16949269665784
 10
389.0303454850065
 20
139.16960003162535
 10
389.3061055764168
 20
139.44536012302453
 10
389.30621291138436
 20
139.44552076115545
 10
389.45545319744355
 20
139.80581868381222
 10
389.45550051901847
 20
139.80605658543467
 10
389.4747056080646
 20
140.00104912684984
 10
389.4747056080646
 20
140.49895087315016
 10
389.45550051901847
 20
140.69394341456533
 10
389.45545319744355
 20
140.69418131618778
 10
389.30621291138436
 20
141.05447923884455
 10
389.3061055764168
 20
141.05463987697547
 10
389.0303454850065
 20
141.33039996837465
 10
389.03018484687556
 20
141.33050730334216
 10
388.6698869242945
 20
141.47974758937056
 10
388.6696490226717
 20
141.47979491094554
 10
388.47570560806463
 20
141.49889667002427
 10
388.47570560806463
 20
140.5
 10
385.47570560806463
 20
140.5
 10
385.47570560806463
 20
140.0
 10
388.47570560806463
 20
140.0
 10
388.47570560806463
 20
139.00110332997573
 10
388.6696490226717
 20
139.02020508905446
 10
388.6698869242945
 20
139.02025241062944
  0
LWPOLYLINE
  5
C2
330
17
100
AcDbEntity
  8
0
100
AcDbPolyline
 90
16
 70
0
 10
382.47570560806463
 20
140.0
 10
382.47570560806463
 20
140.5
 10
381.8757056080646
 20
140.5
 10
381.6225498729409
 20
140.5
 10
381.6224737524734
 20
140.49961731656762
 10
381.4959580186927
 20
140.19418131622288
 10
381.4959106971177
 20
140.1939434146003
 10
381.47670560806466
 20
139.99895087315022
 10
381.47670560806466
 20
139.50104912684978
 10
381.47679928419467
 20
139.50009801714035
 10
381.47678841429854
 20
139.5
 10
381.8757056080646
 20
139.5
 10
382.47570560806463
 20
139.5
 10
385.47570560806463
 20
139.5
 10
385.47570560806463
 20
140.0
 10
382.47570560806463
 20
140.0
  0
LWPOLYLINE
  5
C3
330
17
100
AcDbEntity
  8
0
100
AcDbPolyline
 90
16
 70
0
 10
379.4757056080647
 20
140.5
 10
379.4757056080647
 20
140.0
 10
376.4757056080647
 20
140.0
 10
376.4757056080647
 20
139.5
 10
379.4757056080647
 20
139.5
 10
380.07570560806465
 20
139.5
 10
380.4746228018308
 20
139.5
 10
380.47461193193465
 20
139.50009801714035
 10
380.47470560806465
 20
139.50104912684978
 10
380.47470560806465
 20
139.99895087315022
 10
380.4555005190116
 20
140.1939434146003
 10
380.4554531974366
 20
140.19418131622288
 10
380.3289374636559
 20
140.49961731656762
 10
380.3288613431884
 20
140.5
 10
380.07570560806465
 20
140.5
 10
379.4757056080647
 20
140.5
  0
LWPOLYLINE
  5
C4
330
17
100
AcDbEntity
  8
0
100
AcDbPolyline
 90
25
 70
0
 10
376.4757056080647
 20
140.5
 10
373.4757056080647
 20
140.5
 10
373.4757056080647
 20
141.49889667002427
 10
373.28176219345755
 20
141.47979491094554
 10
373.2815242918348
 20
141.47974758937056
 10
372.92122636926206
 20
141.33050730334776
 10
372.92106573113125
 20
141.3303999683803
 10
372.6453056396956
 20
141.0546398769503
 10
372.6451983047281
 20
141.05447923881937
 10
372.4959580186927
 20
140.69418131622288
 10
372.4959106971178
 20
140.6939434146003
 10
372.47670560806466
 20
140.49895087315022
 10
372.47670560806466
 20
140.00104912684978
 10
372.4959106971178
 20
139.8060565853997
 10
372.4959580186927
 20
139.80581868377712
 10
372.6451983047281
 20
139.44552076118063
 10
372.6453056396956
 20
139.4453601230497
 10
372.92106573113125
 20
139.1696000316197
 10
372.92122636926206
 20
139.16949269665224
 10
373.2815242918348
 20
139.02025241062944
 10
373.28176219345755
 20
139.02020508905446
 10
373.4757056080647
 20
139.00110332997573
 10
373.4757056080647
 20
140.0
 10
376.4757056080647
 20
140.0
 10
376.4757056080647
 20
140.5
  0
LWPOLYLINE
  5
C5
330
17
100
AcDbEntity
  8
0
100
AcDbPolyline
 90
46
 70
0
 10
382.5757056080646
 20
235.5
 10
382.58331765481347
 20
235.4617316567635
 10
382.604994929946
 20
235.42928932188136
 10
382.6374372648281
 20
235.40761204674888
 10
382.6757056080646
 20
235.4
 10
383.00307188031724
 20
235.4
 10
383.04209478160544
 20
235.40792821727018
 10
383.0742857811396
 20
235.43001372383193
 10
383.0757056080646
 20
235.42859389690696
 10
383.0757056080646
 20
233.70000000000002
 10
383.5757056080646
 20
233.7
 10
383.5757056080646
 20
235.5
 10
383.5757056080646
 20
235.6
 10
383.5757056080646
 20
236.4
 10
383.5757056080646
 20
237.20000000000002
 10
383.5757056080646
 20
237.3
 10
383.57570560806465
 20
239.1
 10
383.07570560806465
 20
239.1
 10
383.0757056080646
 20
237.37140610309305
 10
383.0585391191655
 20
237.38857259199216
 10
383.02249112806516
 20
237.40350415880224
 10
382.9834730636619
 20
237.40350415880224
 10
382.9658564677288
 20
237.4
 10
382.6757056080646
 20
237.4
 10
382.6374372648281
 20
237.39238795325113
 10
382.604994929946
 20
237.37071067811866
 10
382.5833176548135
 20
237.3382683432365
 10
382.5757056080646
 20
237.3
 10
382.57570560806465
 20
237.20000000000002
 10
382.5757056080646
 20
236.51844312862906
 10
382.57574241528755
 20
236.51844922486134
 10
382.5761303877458
 20
236.51835519923605
 10
382.8148915703584
 20
236.40632464351475
 10
382.8150567492251
 20
236.40627974968908
 10
382.86410610399406
 20
236.40175251275815
 10
382.8644684979178
 20
236.40164759263305
 10
382.8647662274651
 20
236.40141587145294
 10
382.86495691453007
 20
236.40109033185186
 10
382.8650134171757
 20
236.40071731035158
 10
382.8649276929517
 20
236.400349901933
 10
382.8647119436374
 20
236.40004040262443
 10
382.8643968784699
 20
236.39983286581116
 10
382.576088291497
 20
236.2804115389397
 10
382.5757056080646
 20
236.2803354184722
 10
382.5757056080646
 20
235.6
 10
382.5757056080646
 20
235.5
  0
LWPOLYLINE
  5
C6
330
17
100
AcDbEntity
  8
0
100
AcDbPolyline
 90
25
 70
0
 10
382.5757056080646
 20
233.70000000000002
 10
382.5757056080646
 20
231.9
 10
381.5768089380403
 20
231.9
 10
381.5959106971177
 20
231.7060565853997
 10
381.5959580186926
 20
231.70581868377712
 10
381.745198304728
 20
231.34552076118064
 10
381.7453056396955
 20
231.34536012304972
 10
382.02106573113116
 20
231.0696000316197
 10
382.02122636926197
 20
231.06949269665225
 10
382.3815242918347
 20
230.92025241062944
 10
382.38176219345746
 20
230.92020508905446
 10
382.5767547349142
 20
230.901
 10
383.0746564812149
 20
230.901
 10
383.2696490226717
 20
230.92020508905446
 10
383.26988692429444
 20
230.92025241062944
 10
383.63018484686717
 20
231.06949269665225
 10
383.630345484998
 20
231.0696000316197
 10
383.9061055764336
 20
231.34536012304972
 10
383.9062129114011
 20
231.34552076118064
 10
384.0554531974365
 20
231.70581868377712
 10
384.0555005190115
 20
231.7060565853997
 10
384.07460227808883
 20
231.9
 10
383.0757056080646
 20
231.9
 10
383.0757056080646
 20
233.70000000000002
 10
382.5757056080646
 20
233.70000000000002
  0
LWPOLYLINE
  5
C7
330
17
100
AcDbEntity
  8
0
100
AcDbPolyline
 90
9
 70
0
 10
383.07570560806465
 20
240.4
 10
383.07570560806465
 20
240.9
 10
382.57570560806465
 20
240.9
 10
381.27570560806464
 20
240.9
 10
381.27570560806464
 20
240.4
 10
382.57570560806465
 20
240.4
 10
382.57570560806465
 20
239.10000000000002
 10
383.07570560806465
 20
239.1
 10
383.07570560806465
 20
240.4
  0
LWPOLYLINE
  5
C8
330
17
100
AcDbEntity
  8
0
100
AcDbPolyline
 90
12
 70
0
 10
384.07460227808895
 20
240.90000000000003
 10
384.05550051901156
 20
241.09394341460032
 10
384.0554531974366
 20
241.0941813162229
 10
383.9062129114012
 20
241.45447923881937
 10
383.9061055764337
 20
241.4546398769503
 10
383.6303454849981
 20
241.7303999683803
 10
383.6301848468672
 20
241.73050730334776
 10
383.2698869242945
 20
241.87974758937057
 10
383.26964902267173
 20
241.87979491094555
 10
383.07570560806465
 20
241.89889667002427
 10
383.07570560806465
 20
240.9
 10
384.07460227808895
 20
240.90000000000003
  0
LWPOLYLINE
  5
C9
330
17
100
AcDbEntity
  8
0
100
AcDbPolyline
 90
46
 70
0
 10
381.27570560806464
 20
241.4
 10
379.47570560806463
 20
241.4
 10
379.37570560806466
 20
241.4
 10
377.77570560806464
 20
241.4
 10
377.6757056080646
 20
241.4
 10
375.87570560806466
 20
241.4
 10
375.87570560806466
 20
240.9
 10
377.6073750839647
 20
240.9
 10
377.6061613445638
 20
240.89922443403077
 10
377.58363382533486
 20
240.866389173541
 10
377.57570560806465
 20
240.82736627225265
 10
377.57570560806465
 20
240.5
 10
377.5833176548135
 20
240.4617316567635
 10
377.604994929946
 20
240.42928932188136
 10
377.6374372648281
 20
240.40761204674888
 10
377.6757056080646
 20
240.4
 10
377.77570560806464
 20
240.4
 10
378.456866128789
 20
240.4
 10
378.4568625729094
 20
240.40001963369247
 10
378.4569481703942
 20
240.40040524131402
 10
378.5799182198342
 20
240.67782122771243
 10
378.579960450896
 20
240.67800575695304
 10
378.58150457801275
 20
240.72517396092468
 10
378.5815976689663
 20
240.72556371886583
 10
378.58183630284054
 20
240.72588563663857
 10
378.58218216048124
 20
240.7260880215953
 10
378.5825797050444
 20
240.7261383753307
 10
378.5829650999457
 20
240.72602861218405
 10
378.58327645955944
 20
240.7257763576117
 10
378.58346378663737
 20
240.72542211794112
 10
378.6721140566482
 20
240.42250717337842
 10
378.6722146807799
 20
240.42232256775432
 10
378.6909676845336
 20
240.4006544109481
 10
378.69115670832514
 20
240.4003265993613
 10
378.6912035174762
 20
240.4
 10
379.37570560806466
 20
240.4
 10
379.47570560806463
 20
240.4
 10
379.5139739513011
 20
240.40761204674888
 10
379.5464162861833
 20
240.42928932188136
 10
379.5680935613158
 20
240.4617316567635
 10
379.5757056080646
 20
240.5
 10
379.5757056080646
 20
240.83147349946813
 10
379.56850549928384
 20
240.86873178968253
 10
379.5483448565976
 20
240.9
 10
381.27570560806464
 20
240.9
 10
381.27570560806464
 20
241.4
  0
LWPOLYLINE
  5
CA
330
17
100
AcDbEntity
  8
0
100
AcDbPolyline
 90
30
 70
0
 10
374.07570560806465
 20
240.9
 10
374.07570560806465
 20
241.89889865548076
 10
374.0753273855862
 20
241.89893590714345
 10
374.0749832769793
 20
241.8991198370258
 10
374.0747357489991
 20
241.89942145074235
 10
374.0746224855368
 20
241.89979483033883
 10
374.05550051901156
 20
242.09394341460032
 10
374.0554531974366
 20
242.0941813162229
 10
373.9062129114012
 20
242.45447923881937
 10
373.9061055764337
 20
242.4546398769503
 10
373.6303454849981
 20
242.7303999683803
 10
373.6301848468672
 20
242.73050730334776
 10
373.2698869242945
 20
242.87974758937057
 10
373.26964902267173
 20
242.87979491094555
 10
373.07570560806465
 20
242.89889667002427
 10
373.07570560806465
 20
241.9
 10
370.27570560806464
 20
241.9
 10
370.27570560806464
 20
241.4
 10
373.07570560806465
 20
241.4
 10
373.07570560806465
 20
240.9
 10
373.113765841809
 20
240.70865828381747
 10
373.2221522174714
 20
240.54644660940673
 10
373.3843638918821
 20
240.43806023374435
 10
373.57570560806465
 20
240.4
 10
373.57570560806465
 20
238.70000000000002
 10
374.07570560806465
 20
238.70000000000002
 10
374.07570560806465
 20
240.4
 10
375.87570560806466
 20
240.4
 10
375.87570560806466
 20
240.9
 10
374.07570560806465
 20
240.9
  0
LWPOLYLINE
  5
CB
330
17
100
AcDbEntity
  8
0
100
AcDbPolyline
 90
16
 70
0
 10
367.47570560806463
 20
241.4
 10
367.47570560806463
 20
241.9
 10
366.9698043900646
 20
241.9
 10
366.6225498729409
 20
241.9
 10
366.6224737524734
 20
241.89961731656763
 10
366.4959580186927
 20
241.5941813162229
 10
366.4959106971177
 20
241.59394341460032
 10
366.4767056080646
 20
241.39895087315023
 10
366.4767056080646
 20
240.90104912684978
 10
366.47679928419467
 20
240.90009801714035
 10
366.4767884142985
 20
240.9
 10
366.9698043900646
 20
240.9
 10
367.47570560806463
 20
240.9
 10
370.27570560806464
 20
240.9
 10
370.27570560806464
 20
241.4
 10
367.47570560806463
 20
241.4
  0
LWPOLYLINE
  5
CC
330
17
100
AcDbEntity
  8
0
100
AcDbPolyline
 90
28
 70
0
 10
373.07570560806465
 20
238.70000000000002
 10
373.07570560806465
 20
237.3
 10
373.07570560806465
 20
237.0
 10
373.07570560806465
 20
236.9
 10
373.07570560806465
 20
236.32589965013264
 10
373.32559364358855
 20
236.35405526973975
 10
373.32581757254076
 20
236.35405526973975
 10
373.67261783529955
 20
236.31498026457828
 10
373.67282333944047
 20
236.3150005049695
 10
374.0705509086112
 20
236.44176768304635
 10
374.0707302222805
 20
236.44187009512294
 10
374.07503926148667
 20
236.4457208879892
 10
374.07536651827945
 20
236.4459159998398
 10
374.0757056080646
 20
236.44596873181138
 10
374.0757056080646
 20
236.9
 10
374.07570560806465
 20
237.0
 10
374.0757056080646
 20
237.3
 10
374.0680935613158
 20
237.3382683432365
 10
374.0464162861833
 20
237.37071067811866
 10
374.0139739513011
 20
237.39238795325113
 10
373.97570560806463
 20
237.4
 10
373.6757056080646
 20
237.4
 10
373.6374372648281
 20
237.39238795325113
 10
373.604994929946
 20
237.37071067811866
 10
373.5833176548135
 20
237.3382683432365
 10
373.57570560806465
 20
237.3
 10
373.57570560806465
 20
238.70000000000002
 10
373.07570560806465
 20
238.70000000000002
  0
LWPOLYLINE
  5
CD
330
17
100
AcDbEntity
  8
0
100
AcDbPolyline
 90
16
 70
0
 10
373.07570560806465
 20
235.3
 10
373.07570560806465
 20
233.6
 10
373.57570560806465
 20
233.6
 10
373.57570560806465
 20
235.3
 10
374.07570560806465
 20
235.3
 10
374.0757056080646
 20
235.5
 10
374.0757056080646
 20
236.1531557351276
 10
374.07532292463225
 20
236.1532318555951
 10
373.7698869242945
 20
236.27974758937057
 10
373.76964902267173
 20
236.27979491094555
 10
373.574656481215
 20
236.299
 10
373.0767547349143
 20
236.299
 10
373.075803625205
 20
236.29890632386997
 10
373.07570560806465
 20
236.29891719376613
 10
373.07570560806465
 20
235.5
 10
373.07570560806465
 20
235.3
  0
LWPOLYLINE
  5
CE
330
17
100
AcDbEntity
  8
0
100
AcDbPolyline
 90
18
 70
0
 10
373.57570560806465
 20
231.9
 10
373.57570560806465
 20
230.9010828062339
 10
373.57580362520497
 20
230.90109367613005
 10
373.5767547349143
 20
230.901
 10
374.074656481215
 20
230.901
 10
374.26964902267173
 20
230.92020508905446
 10
374.2698869242945
 20
230.92025241062944
 10
374.6301848468672
 20
231.06949269665225
 10
374.6303454849981
 20
231.0696000316197
 10
374.9061055764337
 20
231.34536012304972
 10
374.9062129114012
 20
231.34552076118064
 10
375.0554531974366
 20
231.70581868377712
 10
375.05550051901156
 20
231.7060565853997
 10
375.0746022780889
 20
231.9
 10
374.07570560806465
 20
231.9
 10
374.07570560806465
 20
233.6
 10
373.57570560806465
 20
233.6
 10
373.57570560806465
 20
231.9
  0
LWPOLYLINE
  5
CF
330
17
100
AcDbEntity
  8
0
100
AcDbPolyline
 90
16
 70
0
 10
364.6757056080646
 20
241.9
 10
364.6757056080646
 20
241.4
 10
361.8757056080646
 20
241.4
 10
361.8757056080646
 20
240.9
 10
364.6757056080646
 20
240.9
 10
365.16980439006466
 20
240.9
 10
365.67462280183076
 20
240.9
 10
365.6746119319346
 20
240.90009801714035
 10
365.67470560806464
 20
240.90104912684978
 10
365.67470560806464
 20
241.39895087315023
 10
365.6555005190115
 20
241.59394341460032
 10
365.6554531974366
 20
241.5941813162229
 10
365.5289374636559
 20
241.89961731656763
 10
365.5288613431884
 20
241.9
 10
365.16980439006466
 20
241.9
 10
364.6757056080646
 20
241.9
  0
LWPOLYLINE
  5
D0
330
17
100
AcDbEntity
  8
0
100
AcDbPolyline
 90
29
 70
0
 10
361.8757056080646
 20
241.9
 10
359.0757056080646
 20
241.9
 10
359.07570560806465
 20
242.89889667002427
 10
358.8817621934575
 20
242.87979491094555
 10
358.88152429183475
 20
242.87974758937057
 10
358.521226369262
 20
242.73050730334776
 10
358.5210657311312
 20
242.7303999683803
 10
358.2453056396956
 20
242.4546398769503
 10
358.2451983047281
 20
242.45447923881937
 10
358.21671784482743
 20
242.38572132626507
 10
358.21647755759693
 20
242.38537414562475
 10
358.2161154047602
 20
242.38515707956796
 10
358.2156959481546
 20
242.38510882497079
 10
358.07570560806465
 20
242.39889667002427
 10
358.0757056080646
 20
241.4
 10
356.2757056080646
 20
241.4
 10
356.2757056080646
 20
240.9
 10
358.0757056080646
 20
240.9
 10
358.11376584180897
 20
240.70865828381756
 10
358.2221522174713
 20
240.54644660940681
 10
358.38436389188206
 20
240.43806023374444
 10
358.5757056080646
 20
240.4000000000001
 10
358.76704732424713
 20
240.43806023374444
 10
358.9292589986579
 20
240.54644660940681
 10
359.0376453743203
 20
240.70865828381753
 10
359.0757056080646
 20
240.9000000000001
 10
359.0757056080646
 20
241.4
 10
361.8757056080646
 20
241.4
 10
361.8757056080646
 20
241.9
  0
LWPOLYLINE
  5
D1
330
17
100
AcDbEntity
  8
0
100
AcDbPolyline
 90
47
 70
0
 10
354.5483448565976
 20
240.9
 10
354.5479420042706
 20
240.90062480504633
 10
354.54606072777824
 20
240.90195743933475
 10
354.5677773907944
 20
240.93361082645905
 10
354.5757056080646
 20
240.9726337277474
 10
354.5757056080646
 20
241.3
 10
354.5680935613158
 20
241.3382683432365
 10
354.5464162861833
 20
241.37071067811866
 10
354.5139739513011
 20
241.39238795325113
 10
354.4757056080646
 20
241.4
 10
354.3757056080646
 20
241.4
 10
353.6912035174762
 20
241.4
 10
353.69115670832514
 20
241.3996734006387
 10
353.6909676845336
 20
241.3993455890519
 10
353.6722146807799
 20
241.3776774322457
 10
353.6721140566482
 20
241.3774928266216
 10
353.57666535210177
 20
241.05134786346764
 10
353.5765003822127
 20
241.0510218342584
 10
353.5762293019401
 20
241.0507768330434
 10
353.57588830324073
 20
241.0506455699617
 10
353.57552291288846
 20
241.0506455699617
 10
353.5751819141891
 20
241.0507768330434
 10
353.5749108339165
 20
241.0510218342584
 10
353.5747458640274
 20
241.05134786346764
 10
353.47929715948106
 20
241.3774928266216
 10
353.4791965353493
 20
241.3776774322457
 10
353.4604435315956
 20
241.3993455890519
 10
353.46025450780405
 20
241.3996734006387
 10
353.460207698653
 20
241.4
 10
352.7757056080646
 20
241.4
 10
352.67570560806456
 20
241.4
 10
352.6374372648281
 20
241.39238795325113
 10
352.604994929946
 20
241.37071067811866
 10
352.5833176548135
 20
241.3382683432365
 10
352.57570560806465
 20
241.3
 10
352.57570560806465
 20
240.96852650053182
 10
352.5829057168454
 20
240.9312682103174
 10
352.6030663595316
 20
240.9
 10
350.87570560806455
 20
240.9
 10
350.87570560806455
 20
240.4
 10
352.67570560806456
 20
240.4
 10
352.7757056080646
 20
240.4
 10
354.37570560806455
 20
240.4
 10
354.4757056080646
 20
240.4
 10
356.2757056080646
 20
240.4
 10
356.2757056080646
 20
240.9
 10
354.5483448565976
 20
240.9
  0
LWPOLYLINE
  5
D2
330
17
100
AcDbEntity
  8
0
100
AcDbPolyline
 90
25
 70
0
 10
350.87570560806455
 20
241.4
 10
349.0757056080646
 20
241.4
 10
349.0757056080646
 20
242.39889667002427
 10
348.8817621934575
 20
242.37979491094555
 10
348.88152429183475
 20
242.37974758937057
 10
348.521226369262
 20
242.23050730334776
 10
348.5210657311312
 20
242.2303999683803
 10
348.2453056396956
 20
241.9546398769503
 10
348.24519830472804
 20
241.95447923881937
 10
348.17975695628957
 20
241.7964898478804
 10
348.1795401835383
 20
241.79616542453158
 10
348.17921576018944
 20
241.79594865178026
 10
348.0212263692619
 20
241.73050730334776
 10
348.0210657311311
 20
241.7303999683803
 10
347.74530563969546
 20
241.4546398769503
 10
347.745198304728
 20
241.45447923881937
 10
347.59595801869256
 20
241.0941813162229
 10
347.59591069711763
 20
241.09394341460032
 10
347.57680893804024
 20
240.90000000000006
 10
348.57570560806454
 20
240.9
 10
348.57570560806454
 20
239.10000000000005
 10
349.07570560806454
 20
239.10000000000005
 10
349.07570560806454
 20
240.9
 10
350.87570560806455
 20
240.9
 10
350.87570560806455
 20
241.4
  0
LWPOLYLINE
  5
D3
330
17
100
AcDbEntity
  8
0
100
AcDbPolyline
 90
46
 70
0
 10
349.07570560806454
 20
237.3714061030931
 10
349.07428578113957
 20
237.36998627616813
 10
349.0420947816054
 20
237.39207178272986
 10
349.0030718803172
 20
237.4
 10
348.67570560806456
 20
237.4
 10
348.63743726482807
 20
237.39238795325113
 10
348.6049949299459
 20
237.37071067811866
 10
348.5833176548134
 20
237.3382683432365
 10
348.57570560806454
 20
237.3000000000001
 10
348.5757056080646
 20
237.2000000000001
 10
348.5757056080646
 20
236.51966458152788
 10
348.57608829149694
 20
236.51958846106038
 10
348.86439687846985
 20
236.40016713418893
 10
348.8647119436373
 20
236.39995959737567
 10
348.8649276929516
 20
236.3996500980671
 10
348.86501341717565
 20
236.39928268964852
 10
348.86495691452996
 20
236.39890966814824
 10
348.864766227465
 20
236.39858412854716
 10
348.8644684979177
 20
236.39835240736704
 10
348.86410610399395
 20
236.39824748724195
 10
348.81505674922505
 20
236.39372025031102
 10
348.8148915703583
 20
236.39367535648535
 10
348.5761303877458
 20
236.28164480076404
 10
348.57574241528755
 20
236.28155077513875
 10
348.5757056080646
 20
236.28155687137104
 10
348.5757056080646
 20
235.60000000000014
 10
348.5757056080646
 20
235.50000000000014
 10
348.58331765481347
 20
235.4617316567635
 10
348.6049949299459
 20
235.42928932188136
 10
348.63743726482807
 20
235.40761204674888
 10
348.6757056080646
 20
235.4
 10
348.9658564677288
 20
235.4
 10
348.98347306366185
 20
235.3964958411978
 10
349.0224911280651
 20
235.3964958411978
 10
349.0585391191654
 20
235.41142740800788
 10
349.0757056080646
 20
235.42859389690707
 10
349.0757056080646
 20
233.7000000000002
 10
349.5757056080646
 20
233.7000000000002
 10
349.5757056080646
 20
235.50000000000014
 10
349.5757056080646
 20
235.60000000000014
 10
349.57570560806454
 20
236.40000000000103
 10
349.57570560806454
 20
237.2000000000001
 10
349.57570560806454
 20
237.3000000000001
 10
349.57570560806454
 20
239.10000000000005
 10
349.07570560806454
 20
239.10000000000005
 10
349.07570560806454
 20
237.3714061030931
  0
LWPOLYLINE
  5
D4
330
17
100
AcDbEntity
  8
0
100
AcDbPolyline
 90
25
 70
0
 10
348.5757056080646
 20
233.7000000000002
 10
348.5757056080646
 20
231.90000000000023
 10
347.57680893804036
 20
231.90000000000023
 10
347.5959106971177
 20
231.70605658539992
 10
347.59595801869267
 20
231.70581868377735
 10
347.74519830472804
 20
231.34552076118086
 10
347.7453056396956
 20
231.34536012304994
 10
348.0210657311312
 20
231.06960003161993
 10
348.021226369262
 20
231.06949269665247
 10
348.38152429183475
 20
230.92025241062967
 10
348.3817621934575
 20
230.9202050890547
 10
348.57675473491423
 20
230.90100000000024
 10
349.07465648121496
 20
230.90100000000024
 10
349.26964902267173
 20
230.9202050890547
 10
349.2698869242945
 20
230.92025241062967
 10
349.6301848468672
 20
231.06949269665247
 10
349.63034548499803
 20
231.06960003161993
 10
349.9061055764337
 20
231.34536012304994
 10
349.90621291140116
 20
231.34552076118086
 10
350.0554531974366
 20
231.70581868377735
 10
350.0555005190115
 20
231.70605658539992
 10
350.0746022780889
 20
231.9000000000002
 10
349.0757056080646
 20
231.90000000000023
 10
349.0757056080646
 20
233.7000000000002
 10
348.5757056080646
 20
233.7000000000002
  0
LWPOLYLINE
  5
D5
330
17
100
AcDbEntity
  8
0
100
AcDbPolyline
 90
5
 70
0
 10
358.5757056080646
 20
238.70000000000007
 10
359.0757056080646
 20
238.70000000000007
 10
359.0757056080646
 20
240.4000000000001
 10
358.5757056080646
 20
240.4000000000001
 10
358.5757056080646
 20
238.70000000000007
  0
LWPOLYLINE
  5
D6
330
17
100
AcDbEntity
  8
0
100
AcDbPolyline
 90
28
 70
0
 10
358.0757056080646
 20
238.70000000000007
 10
358.07570560806465
 20
237.3
 10
358.0757056080646
 20
237.00000000000006
 10
358.07570560806465
 20
236.90000000000006
 10
358.07570560806465
 20
236.32589965013264
 10
358.32559364358855
 20
236.35405526973975
 10
358.32581757254076
 20
236.35405526973975
 10
358.67261783529955
 20
236.31498026457828
 10
358.6728233394404
 20
236.3150005049695
 10
359.0705509086112
 20
236.44176768304635
 10
359.0707302222804
 20
236.44187009512294
 10
359.07503926148667
 20
236.4457208879892
 10
359.07536651827945
 20
236.4459159998398
 10
359.0757056080646
 20
236.44596873181138
 10
359.0757056080646
 20
236.90000000000006
 10
359.0757056080646
 20
237.00000000000006
 10
359.0757056080646
 20
237.3
 10
359.0680935613158
 20
237.3382683432365
 10
359.0464162861833
 20
237.37071067811866
 10
359.0139739513011
 20
237.39238795325113
 10
358.97570560806463
 20
237.4
 10
358.6757056080646
 20
237.4
 10
358.6374372648281
 20
237.39238795325113
 10
358.604994929946
 20
237.37071067811866
 10
358.5833176548135
 20
237.3382683432365
 10
358.57570560806465
 20
237.3
 10
358.5757056080646
 20
238.70000000000007
 10
358.0757056080646
 20
238.70000000000007
  0
LWPOLYLINE
  5
D7
330
17
100
AcDbEntity
  8
0
100
AcDbPolyline
 90
25
 70
0
 10
373.7698869242945
 20
250.42025241062953
 10
374.1301848468672
 20
250.56949269665233
 10
374.13034548499803
 20
250.56960003161979
 10
374.4061055764337
 20
250.8453601230498
 10
374.40621291140116
 20
250.84552076118072
 10
374.5554531974366
 20
251.2058186837772
 10
374.5555005190115
 20
251.20605658539978
 10
374.5747056080646
 20
251.40104912684987
 10
374.5747056080646
 20
251.8989508731503
 10
374.5555005190115
 20
252.0939434146004
 10
374.5554531974366
 20
252.09418131622297
 10
374.40621291140116
 20
252.45447923881946
 10
374.4061055764337
 20
252.45463987695038
 10
374.13034548499803
 20
252.7303999683804
 10
374.1301848468672
 20
252.73050730334785
 10
373.7698869242945
 20
252.87974758937065
 10
373.76964902267173
 20
252.87979491094563
 10
373.5757056080646
 20
252.89889667002436
 10
373.5757056080646
 20
251.9000000000001
 10
370.5757056080646
 20
251.90000000000006
 10
370.5757056080646
 20
251.40000000000006
 10
373.5757056080646
 20
251.4000000000001
 10
373.5757056080646
 20
250.40110332997583
 10
373.76964902267173
 20
250.42020508905455
 10
373.7698869242945
 20
250.42025241062953
  0
LWPOLYLINE
  5
D8
330
17
100
AcDbEntity
  8
0
100
AcDbPolyline
 90
16
 70
0
 10
367.57570560806465
 20
251.40000000000006
 10
367.57570560806465
 20
251.90000000000006
 10
366.9698043900646
 20
251.90000000000006
 10
366.7225498729409
 20
251.90000000000006
 10
366.7224737524734
 20
251.89961731656769
 10
366.59595801869267
 20
251.59418131622294
 10
366.59591069711774
 20
251.59394341460037
 10
366.57670560806463
 20
251.39895087315026
 10
366.57670560806463
 20
250.9010491268498
 10
366.5767992841947
 20
250.9000980171404
 10
366.5767884142985
 20
250.90000000000006
 10
366.9698043900646
 20
250.90000000000006
 10
367.57570560806465
 20
250.90000000000006
 10
370.5757056080646
 20
250.90000000000006
 10
370.5757056080646
 20
251.40000000000006
 10
367.57570560806465
 20
251.40000000000006
  0
LWPOLYLINE
  5
D9
330
17
100
AcDbEntity
  8
0
100
AcDbPolyline
 90
16
 70
0
 10
364.57570560806465
 20
251.90000000000003
 10
364.57570560806465
 20
251.40000000000003
 10
361.5757056080647
 20
251.40000000000003
 10
361.5757056080647
 20
250.90000000000003
 10
364.57570560806465
 20
250.90000000000003
 10
365.16980439006466
 20
250.90000000000003
 10
365.5746228018308
 20
250.90000000000003
 10
365.57461193193467
 20
250.90009801714038
 10
365.5747056080647
 20
250.90104912684984
 10
365.5747056080647
 20
251.39895087315028
 10
365.55550051901156
 20
251.59394341460035
 10
365.5554531974366
 20
251.59418131622292
 10
365.42893746365587
 20
251.89961731656766
 10
365.4288613431884
 20
251.90000000000003
 10
365.16980439006466
 20
251.90000000000003
 10
364.57570560806465
 20
251.90000000000003
  0
LWPOLYLINE
  5
DA
330
17
100
AcDbEntity
  8
0
100
AcDbPolyline
 90
25
 70
0
 10
361.5757056080647
 20
251.90000000000003
 10
358.5757056080647
 20
251.9
 10
358.5757056080647
 20
252.89889667002427
 10
358.3817621934576
 20
252.87979491094555
 10
358.3815242918348
 20
252.87974758937057
 10
358.0212263692621
 20
252.73050730334776
 10
358.0210657311313
 20
252.7303999683803
 10
357.74530563969563
 20
252.4546398769503
 10
357.74519830472815
 20
252.45447923881937
 10
357.5959580186927
 20
252.0941813162229
 10
357.5959106971178
 20
252.09394341460032
 10
357.5767056080647
 20
251.89895087315023
 10
357.5767056080647
 20
251.40104912684978
 10
357.5959106971178
 20
251.2060565853997
 10
357.5959580186927
 20
251.20581868377712
 10
357.74519830472815
 20
250.84552076118064
 10
357.74530563969563
 20
250.84536012304972
 10
358.0210657311313
 20
250.5696000316197
 10
358.0212263692621
 20
250.56949269665225
 10
358.3815242918348
 20
250.42025241062944
 10
358.3817621934576
 20
250.42020508905446
 10
358.5757056080647
 20
250.40110332997574
 10
358.5757056080647
 20
251.4
 10
361.5757056080647
 20
251.40000000000003
 10
361.5757056080647
 20
251.90000000000003
  0
LWPOLYLINE
  5
DB
330
17
100
AcDbEntity
  8
0
100
AcDbPolyline
 90
34
 70
0
 10
308.97105424272195
 20
80.97247318365947
 10
309.9324168011067
 20
81.87216330072754
 10
309.59076717073856
 20
82.23723251343846
 10
308.97106130448935
 20
81.65728144451982
 10
308.9711828550937
 20
93.4445371859616
 10
308.4711828551202
 20
93.44454234197954
 10
308.4710564791623
 20
81.18935246610307
 10
308.13036638379526
 20
80.87051800650057
 10
302.47184945526124
 20
80.86966075804041
 10
302.47193692210635
 20
80.29231049547626
 10
296.4728681602403
 20
80.29140165442772
 10
296.4727806933952
 20
80.86875191699185
 10
295.6646769129749
 20
80.86862949167615
 10
295.6646008504837
 20
80.86824679671615
 10
295.66438412688404
 20
80.86792234053063
 10
295.6423841751148
 20
80.84591572189645
 10
295.64227686448464
 20
80.84575506750637
 10
295.493091164219
 20
80.48543453957281
 10
295.49304387868597
 20
80.48519663078395
 10
295.47386833064405
 20
80.29020118206734
 10
295.47395563854957
 20
79.71390004634095
 10
295.47404294645503
 20
79.13759891061453
 10
295.4741367666743
 20
79.13664781510765
 10
295.47412591162754
 20
79.13654979632169
 10
296.4730430939304
 20
79.13670112929942
 10
302.47211185579647
 20
79.13760997034798
 10
302.4720243889514
 20
79.71496023291212
 10
308.47109315081747
 20
79.71586907396066
 10
308.47104941739497
 20
80.00454420524274
 10
308.4710056839724
 20
80.29321933652481
 10
308.47097365661995
 20
80.50462515930802
 10
308.47104941739497
 20
80.50454420524274
 10
308.97104941736836
 20
80.50453904922479
 10
308.97105424272195
 20
80.97247318365947
  0
LWPOLYLINE
  5
DC
330
17
100
AcDbEntity
  8
0
100
AcDbPolyline
 90
17
 70
0
 10
310.2740664314747
 20
81.50709408801661
 10
311.7354338151864
 20
82.87471318350141
 10
312.1434644422933
 20
83.2565682073604
 10
312.46478164216967
 20
83.55727256353843
 10
312.4647067306013
 20
83.55733670222692
 10
312.46412523458196
 20
83.558095152803
 10
312.1239093394156
 20
83.9216323498616
 10
311.97664870650715
 20
84.05088107389632
 10
311.976451597204
 20
84.0510224402153
 10
311.67537340531584
 20
84.18758489320456
 10
311.6750563395311
 20
84.18781229202413
 10
311.6750563395311
 20
84.18781229202416
 10
311.4715314905601
 20
83.99734378084698
 10
311.0521345544503
 20
83.60485160892324
 10
311.3937841848184
 20
83.23978239621233
 10
309.9324168011067
 20
81.87216330072754
 10
310.2740664314747
 20
81.50709408801661
  0
LWPOLYLINE
  5
DD
330
17
100
AcDbEntity
  8
0
100
AcDbPolyline
 90
14
 70
0
 10
308.4713162928456
 20
106.38454047871636
 10
308.971316292819
 20
106.38453532269841
 10
308.97132509059156
 20
107.23769105777846
 10
308.97094240794416
 20
107.2377671821922
 10
308.66550771226383
 20
107.36428606562882
 10
308.6652698111291
 20
107.36433338965705
 10
308.4702774677197
 20
107.38354048948189
 10
307.9723757214458
 20
107.38354562386256
 10
307.9714246107703
 20
107.38345195754042
 10
307.9713265937421
 20
107.38346282844734
 10
307.9713162928722
 20
106.38454563473431
 10
307.9711828551468
 20
93.44454749799749
 10
308.4711828551202
 20
93.44454234197954
 10
308.4713162928456
 20
106.38454047871636
  0
LWPOLYLINE
  5
DE
330
17
100
AcDbEntity
  8
0
100
AcDbPolyline
 90
35
 70
0
 10
278.812699047763
 20
80.86961341795366
 10
278.47104235562756
 20
81.18935246610307
 10
278.4709159796696
 20
93.44454234197954
 10
277.9709159796962
 20
93.4445371859616
 10
277.9710375303006
 20
81.65728144451982
 10
277.35133166405126
 20
82.23723251343846
 10
277.00968203368325
 20
81.87216330072754
 10
277.9710445920679
 20
80.97247318365947
 10
277.9710494174215
 20
80.50453904922479
 10
278.47104941739497
 20
80.50454420524274
 10
278.47562842986105
 20
80.5094371023145
 10
278.4756618746421
 20
80.28867513128208
 10
278.47570560806463
 20
80.0
 10
278.47574934148713
 20
79.71132486871792
 10
284.47481810335324
 20
79.71223370976648
 10
284.4749055701983
 20
79.13488344720233
 10
290.47397433206436
 20
79.13579228825088
 10
291.47289151436723
 20
79.13594362122862
 10
291.4728806296219
 20
79.13604163672106
 10
291.47297416166055
 20
79.13699276061122
 10
291.4728868537551
 20
79.7132938963376
 10
291.4727995458496
 20
80.28959503206406
 10
291.4535649162308
 20
80.48458466174854
 10
291.453517558615
 20
80.48482255619948
 10
291.30422269020585
 20
80.84509786524984
 10
291.30411533090347
 20
80.84525848711789
 10
291.2821087122985
 20
80.86725843885841
 10
291.2818918904005
 20
80.86758282936309
 10
291.28181571195853
 20
80.86796550125904
 10
290.4737119315291
 20
80.86784307594331
 10
290.47379939837424
 20
80.29049281337916
 10
284.4747306365082
 20
80.28958397233062
 10
284.47464316966307
 20
80.86693423489476
 10
278.8093885268647
 20
80.86607596569095
 10
278.812699047763
 20
80.86961341795366
  0
LWPOLYLINE
  5
DF
330
17
100
AcDbEntity
  8
0
100
AcDbPolyline
 90
14
 70
0
 10
278.970915979643
 20
93.44454749799749
 10
278.97078254191774
 20
106.38454563473431
 10
278.9707722410477
 20
107.38346282844734
 10
278.9706742240195
 20
107.38345195754042
 10
278.9697231133441
 20
107.38354562386256
 10
278.4718213670701
 20
107.38354048948189
 10
278.27682902366075
 20
107.36433338965705
 10
278.27659112252604
 20
107.36428606562882
 10
277.9711564268457
 20
107.2377671821922
 10
277.97077374419825
 20
107.23769105777846
 10
277.97078254197083
 20
106.38453532269841
 10
278.4707825419443
 20
106.38454047871636
 10
278.4709159796696
 20
93.44454234197954
 10
278.970915979643
 20
93.44454749799749
  0
LWPOLYLINE
  5
E0
330
17
100
AcDbEntity
  8
0
100
AcDbPolyline
 90
16
 70
0
 10
275.54831464997153
 20
83.23978239621233
 10
275.88996428033954
 20
83.60485160892325
 10
275.47113763007894
 20
83.99681007944795
 10
275.26704249525875
 20
84.18781229202413
 10
275.26672542947404
 20
84.18758489320456
 10
274.9656472375858
 20
84.0510224402153
 10
274.9654501282827
 20
84.05088107389632
 10
274.81818949537427
 20
83.9216323498616
 10
274.477973600208
 20
83.55809515280306
 10
274.47739210418865
 20
83.55733670222692
 10
274.47731719262026
 20
83.55727256353843
 10
274.7986343926808
 20
83.256568207188
 10
275.2066650196034
 20
82.87471318350141
 10
276.6680324033151
 20
81.50709408801661
 10
277.00968203368325
 20
81.87216330072754
 10
275.54831464997153
 20
83.23978239621233
  0
LWPOLYLINE
  5
E1
330
17
100
AcDbEntity
  8
0
100
AcDbPolyline
 90
12
 70
0
 10
277.5116355094315
 20
79.479093977228
 10
277.51165801209436
 20
79.47907926744955
 10
277.51187953208597
 20
79.47875021126984
 10
277.6453260496555
 20
79.15671981684724
 10
277.6454334089579
 20
79.1565591949792
 10
277.9212352739933
 20
78.88084088360914
 10
277.92139592838333
 20
78.88073357297905
 10
278.281716456377
 20
78.73154787268969
 10
278.28195436516603
 20
78.73150058715667
 10
278.471843604744
 20
78.71282717575416
 10
278.47104941739497
 20
80.50454420524274
 10
277.5116355094315
 20
79.479093977228
  0
LWPOLYLINE
  5
E2
330
17
100
AcDbEntity
  8
0
100
AcDbPolyline
 90
23
 70
0
 10
309.5263650460578
 20
146.03492398174885
 10
309.52620440903377
 20
146.0350313183728
 10
309.47132955619657
 20
146.05776188961494
 10
309.4710051387159
 20
146.05797866207885
 10
309.4707883696094
 20
146.05830308180276
 10
309.470712249156
 20
146.0586857601003
 10
309.4707096434491
 20
146.5695255368736
 10
309.4514999912617
 20
146.7645359191159
 10
309.4514526598133
 20
146.76477384127836
 10
309.3021836184672
 20
147.12509868606364
 10
309.3020762641835
 20
147.1252593322368
 10
309.02626921090314
 20
147.40102319809787
 10
309.02610854792044
 20
147.40113052722344
 10
308.6657603323744
 20
147.55034314062428
 10
308.6655224028032
 20
147.5503904348139
 10
308.47170454298123
 20
147.56945197113626
 10
308.4717166060215
 20
145.2045348889268
 10
309.9705885601553
 20
145.20507688275
 10
309.951513531959
 20
145.3984629678123
 10
309.95146619772777
 20
145.3987009458873
 10
309.80222962709325
 20
145.7590004074834
 10
309.80212229378225
 20
145.75916104672118
 10
309.5263650460578
 20
146.03492398174885
  0
LWPOLYLINE
  5
E3
330
17
100
AcDbEntity
  8
0
100
AcDbPolyline
 90
11
 70
0
 10
308.0518592792358
 20
144.93302093874308
 10
308.4717071112318
 20
144.28378656872508
 10
308.4715831682962
 20
132.26453675218997
 10
308.9715831682696
 20
132.26453159617202
 10
308.9716991383443
 20
143.5106207119593
 10
313.2645049782237
 20
136.87241305035474
 10
313.6843623050095
 20
137.14392700053844
 10
308.971708633134
 20
144.431369032161
 10
308.97171660599497
 20
145.20452973290884
 10
308.4717166060215
 20
145.2045348889268
 10
308.0518592792358
 20
144.93302093874308
  0
LWPOLYLINE
  5
E4
330
17
100
AcDbEntity
  8
0
100
AcDbPolyline
 90
24
 70
0
 10
307.9715831683228
 20
132.26454190820792
 10
307.97146796836273
 20
121.09313393452004
 10
307.9714579231992
 20
120.11901363337067
 10
308.2841187926947
 20
120.1526849135322
 10
308.284314448726
 20
120.15274910973874
 10
308.4848733772354
 20
120.2693996724435
 10
308.48516523961234
 20
120.26951275834186
 10
308.4854777650792
 20
120.26953007596404
 10
308.5774387998217
 20
120.26013660095141
 10
308.5776428876253
 20
120.2601585797095
 10
308.97114959597536
 20
120.38897111887977
 10
308.97146070747533
 20
120.38901104488457
 10
308.97147287665223
 20
121.56910554870612
 10
308.9624049466404
 20
121.61071617794482
 10
308.9368449233392
 20
121.64478019164234
 10
308.89942855614754
 20
121.66511949562555
 10
308.85694194614496
 20
121.66804520764649
 10
308.8170907700618
 20
121.65302669956048
 10
308.5170887653037
 20
121.45861871885687
 10
308.49271004329785
 20
121.43631622556397
 10
308.47692982441373
 20
121.40728679247121
 10
308.4714708719049
 20
121.3746996304097
 10
308.4715831682962
 20
132.26453675218997
 10
307.9715831683228
 20
132.26454190820792
  0
LWPOLYLINE
  5
E5
330
17
100
AcDbEntity
  8
0
100
AcDbPolyline
 90
15
 70
0
 10
318.8970080039975
 20
129.08331911215006
 10
318.47715067721174
 20
128.8118051619664
 10
318.9404380447375
 20
128.095397789412
 10
318.940800725161
 20
128.0955416777208
 10
319.2659813836765
 20
128.15516483211982
 10
319.2662068500903
 20
128.1552542827184
 10
319.4403738436537
 20
128.24501387838265
 10
319.8584692360611
 20
128.5153884182655
 10
319.85921702806894
 20
128.51598355859304
 10
319.8593052371549
 20
128.51602765702387
 10
319.78031867601084
 20
128.63816902910253
 10
319.3168653307832
 20
129.35483306233377
 10
314.1042196317952
 20
137.41544095072211
 10
313.6843623050095
 20
137.14392700053844
 10
318.8970080039975
 20
129.08331911215006
  0
LWPOLYLINE
  5
E6
330
17
100
AcDbEntity
  8
0
100
AcDbPolyline
 90
14
 70
0
 10
324.52951102977113
 20
121.29422517394539
 10
323.98707112339946
 20
122.13303057925525
 10
323.9869947196273
 20
122.13296822560224
 10
323.9861451901148
 20
122.13253040771274
 10
323.5680497977077
 20
121.86215586783008
 10
323.4147406025174
 20
121.74014268277517
 10
323.4145665299743
 20
121.73997375893669
 10
323.2267890180188
 20
121.46787637339031
 10
323.22650900867063
 20
121.46760464613754
 10
323.6897963761997
 20
120.75119727357801
 10
324.1096537029854
 20
121.0227112237617
 10
329.3222994019734
 20
112.96210333537334
 10
329.7421567287591
 20
113.23361728555705
 10
324.52951102977113
 20
121.29422517394539
  0
LWPOLYLINE
  5
E7
330
17
100
AcDbEntity
  8
0
100
AcDbPolyline
 90
5
 70
0
 10
328.90244207518765
 20
112.69058938518967
 10
334.1150877741756
 20
104.6299814968013
 10
334.53494510096135
 20
104.901495446985
 10
329.3222994019734
 20
112.96210333537334
 10
328.90244207518765
 20
112.69058938518967
  0
LWPOLYLINE
  5
E8
330
17
100
AcDbEntity
  8
0
100
AcDbPolyline
 90
32
 70
0
 10
313.19680119889813
 20
84.24233227898621
 10
313.45796241039443
 20
84.48673971808967
 10
314.65816858260985
 20
85.60995137447101
 10
314.31651895224184
 20
85.97502058718193
 10
313.12398700881806
 20
84.85899084956768
 10
313.1484866234423
 20
84.8948203355358
 10
313.15549730872465
 20
84.9376552917439
 10
313.1436982633489
 20
84.9794256844844
 10
313.1256936899368
 20
85.00025312105743
 10
313.1268127122885
 20
85.00126024117402
 10
312.92868879935804
 20
85.22139792219797
 10
312.89699114299003
 20
85.24495880466681
 10
312.8586435436654
 20
85.25440963679792
 10
312.8196276769815
 20
85.24827622430192
 10
312.78602945866123
 20
85.22751529157624
 10
312.513501938162
 20
84.97247070440805
 10
312.44048809561986
 20
84.90414077833445
 10
312.1550992946251
 20
84.63705997563676
 10
312.1552926707601
 20
84.63677578196571
 10
312.15537361343274
 20
84.63640335670586
 10
312.1554798756717
 20
84.6316344537644
 10
312.15552741324046
 20
84.63143367018458
 10
312.33419823216764
 20
84.25453785623608
 10
312.3343235756272
 20
84.25437395723212
 10
312.5995294311468
 20
84.02747376827121
 10
312.599765970845
 20
84.0271763816725
 10
312.67782691562775
 20
83.87751719033453
 10
312.67793898979164
 20
83.87737426580185
 10
312.744297223127
 20
83.81898950659783
 10
312.7443554565201
 20
83.81891141723459
 10
313.12378735635593
 20
84.17400235291262
 10
313.19680119889813
 20
84.24233227898621
  0
LWPOLYLINE
  5
E9
330
17
100
AcDbEntity
  8
0
100
AcDbPolyline
 90
5
 70
0
 10
315.77788633595355
 20
87.34263968266673
 10
315.43623670558543
 20
87.70770889537765
 10
313.9748693218737
 20
86.34008979989285
 10
314.31651895224184
 20
85.97502058718193
 10
315.77788633595355
 20
87.34263968266673
  0
LWPOLYLINE
  5
EA
330
17
100
AcDbEntity
  8
0
100
AcDbPolyline
 90
27
 70
0
 10
278.46512047193244
 20
121.30609898699316
 10
278.4492023814865
 20
121.33522378861412
 10
278.42462833647426
 20
121.35753423425383
 10
278.1246263516644
 20
121.55000775463967
 10
278.08479736410106
 20
121.56483173818002
 10
278.04240907302153
 20
121.5617769848866
 10
278.00511722232966
 20
121.54139521336634
 10
277.9796570884739
 20
121.507367572802
 10
277.97062702301776
 20
121.46583979106272
 10
277.9706391591071
 20
120.288953924543
 10
277.97095008509376
 20
120.28891407786573
 10
278.3646833758012
 20
120.16011245203731
 10
278.36488749918533
 20
120.16009051646954
 10
278.39837087254006
 20
120.16351952302509
 10
278.3987482826848
 20
120.16348601736203
 10
278.3990861369172
 20
120.16331450769918
 10
278.5127412401352
 20
120.07504369804842
 10
278.5129042546565
 20
120.07495998496321
 10
278.8671667210922
 20
119.96982780086637
 10
278.8673490111097
 20
119.96980904015379
 10
278.9705590946997
 20
119.97843400790701
 10
278.9706423613593
 20
119.97842368061922
 10
278.9706323158333
 20
120.95257913244106
 10
278.97051566646707
 20
132.26454190820792
 10
278.4705156664936
 20
132.26453675218997
 10
278.47062900781697
 20
121.27336833308408
 10
278.46512047193244
 20
121.30609898699316
  0
LWPOLYLINE
  5
EB
330
17
100
AcDbEntity
  8
0
100
AcDbPolyline
 90
33
 70
0
 10
278.47039172355807
 20
144.28378656872508
 10
278.89023955555405
 20
144.93302093874308
 10
278.47038222876836
 20
145.2045348889268
 10
278.47047827674317
 20
147.56443427559856
 10
278.2814825594277
 20
147.5457909117028
 10
278.2812446649767
 20
147.54574355408698
 10
277.9209693559096
 20
147.39644868566668
 10
277.92080873404143
 20
147.39634132636417
 10
277.6450904226715
 20
147.12053946131488
 10
277.64498311204136
 20
147.12037880692486
 10
277.4957974117757
 20
146.76005827899124
 10
277.49575012624274
 20
146.75982037020242
 10
277.4765745782008
 20
146.5648249214858
 10
277.47665112651754
 20
146.05954556990824
 10
277.4765752646859
 20
146.059163359951
 10
277.4763590822073
 20
146.05883916154744
 10
277.47603540411444
 20
146.058622200811
 10
277.41470594974874
 20
146.0330945953657
 10
277.4145456924907
 20
146.03298718073205
 10
277.1395000594863
 20
145.7573059084504
 10
277.1393930150704
 20
145.75714540366732
 10
276.99057679513294
 20
145.3972787661497
 10
276.99052961123743
 20
145.39704118883807
 10
276.97138225143794
 20
145.20232878932723
 10
276.97138226421134
 20
145.20109010353232
 10
277.97038224059054
 20
145.2033858611101
 10
277.97039020165585
 20
144.431369032161
 10
273.25773652978035
 20
137.14392700053844
 10
273.6775938565661
 20
136.87241305035474
 10
277.97039969644555
 20
143.5106207119593
 10
277.9705156665202
 20
132.26453159617202
 10
278.4705156664936
 20
132.26453675218997
 10
278.47039172355807
 20
144.28378656872508
  0
LWPOLYLINE
  5
EC
330
17
100
AcDbEntity
  8
0
100
AcDbPolyline
 90
14
 70
0
 10
272.83787920299466
 20
137.41544095072211
 10
267.6252335040067
 20
129.35483306233377
 10
267.08279359763503
 20
128.51602765702384
 10
267.08288180672093
 20
128.515983558593
 10
267.08362959872875
 20
128.5153884182655
 10
267.50172499113614
 20
128.24501387838265
 10
267.67589198469955
 20
128.1552542827184
 10
267.6761174511133
 20
128.15516483211982
 10
268.00129810962886
 20
128.0955416777208
 10
268.00166079005237
 20
128.095397789412
 10
268.46494815757814
 20
128.8118051619664
 10
268.04509083079245
 20
129.08331911215006
 10
273.25773652978035
 20
137.14392700053844
 10
272.83787920299466
 20
137.41544095072211
  0
LWPOLYLINE
  5
ED
330
17
100
AcDbEntity
  8
0
100
AcDbPolyline
 90
14
 70
0
 10
263.2523024585902
 20
120.75119727357801
 10
263.7155898261156
 20
121.46760464613187
 10
263.7153098167674
 20
121.46787637338464
 10
263.5275323047973
 20
121.73997375895442
 10
263.52735823225436
 20
121.74014268279284
 10
263.3740490370823
 20
121.86215586783004
 10
262.955953644675
 20
122.13253040771279
 10
262.9551041151626
 20
122.13296822560227
 10
262.95502771139047
 20
122.13303057925528
 10
262.41258780501875
 20
121.2942251739454
 10
257.1999421060308
 20
113.23361728555705
 10
257.6197994328165
 20
112.96210333537336
 10
262.83244513180443
 20
121.02271122376172
 10
263.2523024585902
 20
120.75119727357801
  0
LWPOLYLINE
  5
EE
330
17
100
AcDbEntity
  8
0
100
AcDbPolyline
 90
5
 70
0
 10
252.40715373382852
 20
104.901495446985
 10
252.82701106061424
 20
104.6299814968013
 10
258.03965675960217
 20
112.69058938518967
 10
257.6197994328165
 20
112.96210333537336
 10
252.40715373382852
 20
104.901495446985
  0
LWPOLYLINE
  5
EF
330
17
100
AcDbEntity
  8
0
100
AcDbPolyline
 90
29
 70
0
 10
272.62557988254804
 20
85.97502058718193
 10
272.28393025217997
 20
85.60995137447101
 10
273.48356613891474
 20
84.48727341914388
 10
273.7452976358917
 20
84.24233227898621
 10
273.8183114784339
 20
84.17400235291262
 10
274.1948172319983
 20
83.82164984807793
 10
274.3704307171792
 20
84.0512818959222
 10
274.3705749552703
 20
84.05143426814841
 10
274.6077752593469
 20
84.25437395705967
 10
274.6079006028065
 20
84.25453785606364
 10
274.7865714217337
 20
84.63143367001213
 10
274.7866189593025
 20
84.63163445359196
 10
274.78672522154136
 20
84.63640335653339
 10
274.78680616421406
 20
84.63677578179325
 10
274.78699954034903
 20
84.6370599754643
 10
274.50161073917
 20
84.90414077833445
 10
274.4285968966278
 20
84.97247070440805
 10
274.15606937631287
 20
85.22751529140382
 10
274.1224711579926
 20
85.2482762241295
 10
274.0834552913088
 20
85.2544096366255
 10
274.0451076919841
 20
85.2449588044944
 10
274.01341003561606
 20
85.22139792202555
 10
273.8152861226856
 20
85.0012602410016
 10
273.81640514503727
 20
85.00025312088502
 10
273.79840057162517
 20
84.97942568431198
 10
273.7866015262494
 20
84.93765529157147
 10
273.79361221153175
 20
84.89482033536338
 10
273.818111826156
 20
84.85899084939525
 10
272.62557988254804
 20
85.97502058718193
  0
LWPOLYLINE
  5
F0
330
17
100
AcDbEntity
  8
0
100
AcDbPolyline
 90
5
 70
0
 10
272.9672295129161
 20
86.34008979989285
 10
271.5058621292044
 20
87.70770889537765
 10
271.1642124988363
 20
87.34263968266673
 10
272.62557988254804
 20
85.97502058718193
 10
272.9672295129161
 20
86.34008979989285
  0
LWPOLYLINE
  5
F1
330
17
100
AcDbEntity
  8
0
100
AcDbPolyline
 90
44
 70
0
 10
309.2583468411248
 20
274.6016088077172
 10
309.25847996301934
 20
274.60177940635145
 10
309.44571278334877
 20
274.9976879741719
 10
309.4457723745812
 20
274.9979533721931
 10
309.4700534348981
 20
275.2169292345426
 10
309.4700520566613
 20
275.48712776063525
 10
309.4700494059309
 20
275.504695549534
 10
309.4700372939022
 20
275.58464450595744
 10
309.47011484094855
 20
275.5850307669849
 10
309.47033556295446
 20
275.58535709951747
 10
309.6459320023806
 20
275.75831355483916
 10
308.47104941739497
 20
276.0045442052428
 10
314.24200547223745
 20
281.6875070291835
 10
313.89117856177654
 20
282.0437660345384
 10
308.47104941739497
 20
276.70628085257596
 10
308.47104941739497
 20
286.96454420524276
 10
307.97104941739497
 20
286.96454420524276
 10
307.97104941739497
 20
276.3704938704547
 10
302.47184945526124
 20
276.3696607580404
 10
302.47193692210635
 20
275.7923104954763
 10
296.4728681602403
 20
275.7914016544277
 10
296.4727806933952
 20
276.36875191699187
 10
295.66467691297555
 20
276.36862949167613
 10
295.66460085048436
 20
276.36824679671616
 10
295.66438412688467
 20
276.36792234053064
 10
295.6423841751147
 20
276.3459157218964
 10
295.64227686448464
 20
276.3457550675064
 10
295.49309116421625
 20
275.9854345395588
 10
295.49304387868324
 20
275.98519663077
 10
295.47386833064405
 20
275.79020118206734
 10
295.47395563854957
 20
275.213900046341
 10
295.47404294645503
 20
274.6375989106145
 10
295.4741367666743
 20
274.6366478151077
 10
295.47412591162754
 20
274.63654979632173
 10
296.4730430939304
 20
274.63670112929947
 10
302.47211185579647
 20
274.637609970348
 10
302.4720243889514
 20
275.2149602329122
 10
308.47105344029285
 20
275.2158690679447
 10
308.4710585358027
 20
274.21691208621553
 10
308.5921182702558
 20
274.2243543464471
 10
308.5922456219607
 20
274.224370020714
 10
308.9196112202444
 20
274.323644794821
 10
308.91982655015806
 20
274.3237532057774
 10
309.2583468411248
 20
274.6016088077172
  0
LWPOLYLINE
  5
F2
330
17
100
AcDbEntity
  8
0
100
AcDbPolyline
 90
14
 70
0
 10
314.5928323826983
 20
281.3312480238286
 10
320.3637884375408
 20
287.01421084776933
 10
321.07553492930685
 20
287.71510491355986
 10
321.075458410209
 20
287.7151671256335
 10
321.07485780637717
 20
287.7159105366461
 10
320.72550314364173
 20
288.0706744984491
 10
320.57500191013605
 20
288.19613487200206
 10
320.5748012680792
 20
288.19627117782903
 10
320.27034619232654
 20
288.325129581244
 10
320.27002344383004
 20
288.3253488398651
 10
319.662134616619
 20
287.72672885847913
 10
320.0129615270799
 20
287.37046985312423
 10
314.24200547223745
 20
281.6875070291835
 10
314.5928323826983
 20
281.3312480238286
  0
LWPOLYLINE
  5
F3
330
17
100
AcDbEntity
  8
0
100
AcDbPolyline
 90
16
 70
0
 10
308.97104941739497
 20
286.96454420524276
 10
308.97104941739497
 20
297.92454420524274
 10
308.97104941739497
 20
298.18227680311014
 10
308.97104941739497
 20
298.9234613990089
 10
308.97095140025465
 20
298.9234505291127
 10
308.97000029054504
 20
298.9235442052427
 10
308.4720985442448
 20
298.9235442052427
 10
308.27710600293494
 20
298.90433911621744
 10
308.2768681013122
 20
298.9042917946425
 10
307.97143210082726
 20
298.7777760608185
 10
307.97104941739497
 20
298.77769994035106
 10
307.97104941739497
 20
298.7442590612682
 10
307.97104941739497
 20
297.92454420524274
 10
308.47104941739497
 20
297.92454420524274
 10
308.47104941739497
 20
286.96454420524276
 10
308.97104941739497
 20
286.96454420524276
  0
LWPOLYLINE
  5
F4
330
17
100
AcDbEntity
  8
0
100
AcDbPolyline
 90
47
 70
0
 10
291.45356491622806
 20
275.98458466176254
 10
291.4535175586122
 20
275.9848225562136
 10
291.3042226902396
 20
276.3450978651994
 10
291.30411533093724
 20
276.3452584870675
 10
291.28210871228123
 20
276.36725843885836
 10
291.28189189038324
 20
276.367582829363
 10
291.28181571194125
 20
276.367965501259
 10
290.4737119315291
 20
276.3678430759433
 10
290.47379939837424
 20
275.79049281337916
 10
284.4747306365082
 20
275.7895839723306
 10
284.47464316966307
 20
276.36693423489476
 10
278.475574407797
 20
276.3660253938462
 10
278.4756298619609
 20
275.9999841120788
 10
278.4641974413256
 20
275.9975861353047
 10
278.47104941739497
 20
276.0045442052428
 10
278.47104941739497
 20
286.96278414929566
 10
277.97104941739497
 20
286.96278414929566
 10
277.97104941739497
 20
276.49692040512497
 10
272.6999778471762
 20
281.68762078322743
 10
272.3491509367154
 20
281.33136177787253
 10
277.88820049046205
 20
275.87676943740684
 10
276.7144338273027
 20
275.63056915434476
 10
277.18683698267193
 20
275.16536901343864
 10
277.3125826923165
 20
275.060380815746
 10
277.3127490002035
 20
275.0602636772846
 10
277.5190824346415
 20
274.9607054745462
 10
277.519374735586
 20
274.96049161149864
 10
277.51957168781576
 20
274.96018765909383
 10
277.64532604962176
 20
274.6567198168977
 10
277.64543340892413
 20
274.6565591950296
 10
277.9212352740689
 20
274.38084088355856
 10
277.92139592845865
 20
274.38073357292865
 10
278.281716456272
 20
274.23154787271056
 10
278.281954365061
 20
274.2315005871775
 10
278.47563285491185
 20
274.2124545468077
 10
278.4756895674094
 20
275.60588099392055
 10
278.47570560806463
 20
275.5
 10
278.47574934148713
 20
275.21132486871795
 10
284.47481810335324
 20
275.2122337097665
 10
284.4749055701983
 20
274.63488344720236
 10
290.47397433206436
 20
274.6357922882509
 10
291.47289151436723
 20
274.63594362122865
 10
291.4728806296219
 20
274.6360416367211
 10
291.47297416166055
 20
274.63699276061124
 10
291.4728868537551
 20
275.21329389633763
 10
291.4727995458496
 20
275.78959503206414
 10
291.45356491622806
 20
275.98458466176254
  0
LWPOLYLINE
  5
F5
330
17
100
AcDbEntity
  8
0
100
AcDbPolyline
 90
14
 70
0
 10
278.97104941739497
 20
286.96278414929566
 10
278.97104941739497
 20
297.92102409334854
 10
278.97104941739497
 20
298.9199412871147
 10
278.97095140025465
 20
298.9199304172185
 10
278.97000029054504
 20
298.9200240933485
 10
278.4720985442448
 20
298.9200240933485
 10
278.27710600293494
 20
298.90081900432324
 10
278.2768681013122
 20
298.9007716827483
 10
277.97143210082726
 20
298.7742559489243
 10
277.97104941739497
 20
298.77417982845685
 10
277.97104941739497
 20
297.92102409334854
 10
278.47104941739497
 20
297.92102409334854
 10
278.47104941739497
 20
286.96278414929566
 10
278.97104941739497
 20
286.96278414929566
  0
LWPOLYLINE
  5
F6
330
17
100
AcDbEntity
  8
0
100
AcDbPolyline
 90
14
 70
0
 10
273.05080475763714
 20
282.04387978858233
 10
267.27973318741846
 20
287.726956366567
 10
266.5679866956524
 20
288.42785043235745
 10
266.56792566654815
 20
288.42777296647546
 10
266.5671915708566
 20
288.4271610118919
 10
266.2178369081213
 20
288.0723970500889
 10
266.0947036182422
 20
287.9199860282866
 10
266.0945704111341
 20
287.9197833157317
 10
265.97040481337484
 20
287.6133844162973
 10
265.97019053928636
 20
287.6130583372425
 10
266.5780793664967
 20
287.0144383558572
 10
266.9289062769576
 20
287.3706973612121
 10
272.6999778471762
 20
281.68762078322743
 10
273.05080475763714
 20
282.04387978858233
  0
LWPOLYLINE
  5
F7
330
17
100
AcDbEntity
  8
0
100
AcDbPolyline
 90
16
 70
0
 10
358.0757056080646
 20
235.30000000000004
 10
358.0757056080646
 20
233.60000000000002
 10
358.5757056080646
 20
233.60000000000002
 10
358.5757056080646
 20
235.30000000000004
 10
359.0757056080646
 20
235.30000000000004
 10
359.0757056080646
 20
235.5
 10
359.0757056080646
 20
236.15315573512763
 10
359.07532292463225
 20
236.15323185559512
 10
358.7698869242945
 20
236.2797475893706
 10
358.76964902267173
 20
236.27979491094558
 10
358.574656481215
 20
236.29900000000004
 10
358.0767547349143
 20
236.29900000000004
 10
358.07580362520497
 20
236.29890632387
 10
358.07570560806465
 20
236.29891719376616
 10
358.07570560806465
 20
235.5
 10
358.0757056080646
 20
235.30000000000004
  0
LWPOLYLINE
  5
F8
330
17
100
AcDbEntity
  8
0
100
AcDbPolyline
 90
5
 70
0
 10
358.5757056080646
 20
231.9
 10
359.0757056080646
 20
231.9
 10
359.0757056080646
 20
233.60000000000002
 10
358.5757056080646
 20
233.60000000000002
 10
358.5757056080646
 20
231.9
  0
LWPOLYLINE
  5
F9
330
17
100
AcDbEntity
  8
0
100
AcDbPolyline
 90
28
 70
0
 10
249.6156915663015
 20
304.41992709516603
 10
249.61570560806462
 20
304.42
 10
250.35404987300888
 20
305.09489680212164
 10
250.31801267076412
 20
305.13038452351293
 10
250.14923188349593
 20
305.26404797933554
 10
250.14900681244504
 20
305.2641896814846
 10
249.74629882334443
 20
305.40939783381526
 10
249.74608897696305
 20
305.4094253207479
 10
249.3195678785237
 20
305.37283454804367
 10
249.31936578009365
 20
305.37277172082185
 10
248.9472746001206
 20
305.1610944058714
 10
248.94711732352403
 20
305.1609527898147
 10
248.69771421006962
 20
304.813020010228
 10
248.69760914723778
 20
304.8127756779166
 10
248.63435770599102
 20
304.60697934956335
 10
248.52122079007358
 20
304.01957248212
 10
248.50353007686914
 20
303.85690457688656
 10
248.5035247169259
 20
303.85670145441145
 10
248.54823334545227
 20
303.5336251798846
 10
248.54828145438668
 20
303.53347042626297
 10
248.69462299480517
 20
303.2419892192323
 10
248.69474257164123
 20
303.24182493639984
 10
248.80154087348765
 20
303.1178574749795
 10
249.27509082135583
 20
302.651528027408
 10
249.5020822451055
 20
303.83006749951625
 10
255.0359362260593
 20
298.3805915118265
 10
255.38676313652022
 20
298.7368505171814
 10
249.6156915663015
 20
304.41992709516603
  0
LWPOLYLINE
  5
FA
330
17
100
AcDbEntity
  8
0
100
AcDbPolyline
 90
14
 70
0
 10
261.15783470673887
 20
293.05377393919673
 10
260.80700779627796
 20
292.69751493384183
 10
261.41489662348897
 20
292.09889495245585
 10
261.4152193719856
 20
292.09911421107694
 10
261.71967444773827
 20
292.22797261449193
 10
261.71987508979504
 20
292.22810892031885
 10
261.8703763233008
 20
292.35356929387194
 10
262.21973098603604
 20
292.70833325567475
 10
262.220331589868
 20
292.7090766666875
 10
262.2204081089658
 20
292.70913887876117
 10
261.5086616171998
 20
293.41003294455163
 10
255.73759004698113
 20
299.0931095225363
 10
255.38676313652022
 20
298.7368505171814
 10
261.15783470673887
 20
293.05377393919673
  0
LWPOLYLINE
  5
FB
330
17
100
AcDbEntity
  8
0
100
AcDbPolyline
 90
36
 70
0
 10
336.6281845760566
 20
305.70079657182345
 10
336.2642105057258
 20
305.47761964347904
 10
336.26398259743183
 20
305.47740072334665
 10
336.2550760436501
 20
305.46873834860605
 10
336.2190782989871
 20
305.43328947828513
 10
336.95685176952327
 20
304.75774307804727
 10
331.20404672630394
 20
299.0926545063606
 10
331.55487363676485
 20
298.7363955010057
 10
337.32582969160734
 20
304.4193583249464
 10
337.55358383874443
 20
303.2415699465243
 10
338.02466290941396
 20
303.7054661918449
 10
338.0165584329046
 20
303.7136961555508
 10
338.01635305128775
 20
303.71400099672866
 10
338.0162716868622
 20
303.7143594511644
 10
338.0163253327553
 20
303.714723088168
 10
338.01650674088364
 20
303.7150427768341
 10
338.1942286966716
 20
303.92562223918674
 10
338.1943186215826
 20
303.92578071044767
 10
338.3138219592773
 20
304.2731889263853
 10
338.3138485518132
 20
304.27336918305565
 10
338.2997562290002
 20
304.6404862253402
 10
338.29971589625
 20
304.6406639129859
 10
338.1539319231394
 20
304.9778886888533
 10
338.1538041658501
 20
304.9780783147952
 10
338.0370451600877
 20
305.1209096520177
 10
338.0323681875974
 20
305.12565904129707
 10
338.01400978187405
 20
305.1438261071849
 10
338.01398188401805
 20
305.1438530097996
 10
337.99516019664725
 20
305.1615396567706
 10
337.6322203063054
 20
305.49386759510776
 10
337.4592017692661
 20
305.6210217160974
 10
337.4589723832105
 20
305.62115493583076
 10
337.05249451415807
 20
305.751771960424
 10
337.0522843902199
 20
305.75179212587267
 10
336.6283839445772
 20
305.7008659325309
 10
336.6281845760566
 20
305.70079657182345
  0
LWPOLYLINE
  5
FC
330
17
100
AcDbEntity
  8
0
100
AcDbPolyline
 90
14
 70
0
 10
325.78391758192237
 20
293.05343267706496
 10
325.4330906714615
 20
293.40969168241986
 10
324.8252018442512
 20
292.81107170103456
 10
324.8254161183396
 20
292.8107456219797
 10
324.94958171609886
 20
292.50434672254534
 10
324.949714923207
 20
292.50414400999045
 10
325.0728482130861
 20
292.35173298818813
 10
325.4222028758213
 20
291.99696902638533
 10
325.422936971513
 20
291.9963570718015
 10
325.4229980006172
 20
291.99627960591954
 10
326.1347444923833
 20
292.69717367171006
 10
331.90570054722576
 20
298.3801364956508
 10
331.55487363676485
 20
298.7363955010057
 10
325.78391758192237
 20
293.05343267706496
  0
LWPOLYLINE
  5
FD
330
17
100
AcDbEntity
  8
0
100
AcDbPolyline
 90
14
 70
0
 10
277.97104941739497
 20
308.8792640374014
 10
277.97104941739497
 20
308.0261083022931
 10
277.97143210082726
 20
308.02603218182566
 10
278.2768681013122
 20
307.89951644800163
 10
278.27710600293494
 20
307.8994691264267
 10
278.4720985442448
 20
307.88026403740145
 10
278.97000029054504
 20
307.88026403740145
 10
278.97095140025465
 20
307.88035771353145
 10
278.97104941739497
 20
307.88034684363527
 10
278.97104941739497
 20
308.8792640374014
 10
278.97104941739497
 20
319.8375039814543
 10
278.47104941739497
 20
319.8375039814543
 10
278.47104941739497
 20
308.8792640374014
 10
277.97104941739497
 20
308.8792640374014
  0
LWPOLYLINE
  5
FE
330
17
100
AcDbEntity
  8
0
100
AcDbPolyline
 90
50
 70
0
 10
278.47104941739497
 20
330.79574392550717
 10
278.47570560806463
 20
330.8000000000001
 10
278.47570560806463
 20
331.3
 10
278.47574934148713
 20
331.01132486871796
 10
284.4748181033532
 20
331.01223370976646
 10
284.4749055701983
 20
330.4348834472023
 10
290.47397433206436
 20
330.43579228825087
 10
291.47289151436723
 20
330.4359436212286
 10
291.4728806296219
 20
330.43604163672103
 10
291.47297416166055
 20
330.4369927606112
 10
291.4728868537551
 20
331.0132938963376
 10
291.4727995458496
 20
331.58959503206415
 10
291.45356491622806
 20
331.78458466176255
 10
291.4535175586122
 20
331.7848225562136
 10
291.3042226902396
 20
332.14509786519943
 10
291.30411533093724
 20
332.1452584870675
 10
291.28210871228134
 20
332.1672584388583
 10
291.2818918903833
 20
332.16758282936297
 10
291.28181571194125
 20
332.16796550125895
 10
290.4737119315291
 20
332.16784307594327
 10
290.47379939837424
 20
331.59049281337917
 10
284.4747306365082
 20
331.5895839723306
 10
284.47464316966307
 20
332.16693423489477
 10
278.47570560806463
 20
332.16602541372265
 10
278.47570560806463
 20
333.1649370240934
 10
278.2816321667492
 20
333.1457946267682
 10
278.28139429380315
 20
333.1457472781164
 10
277.9211476303499
 20
332.9964802669482
 10
277.92098701736995
 20
332.9963729267872
 10
277.6452740663223
 20
332.72061820288803
 10
277.64516675049487
 20
332.7204575736481
 10
277.49595431730995
 20
332.3601883007164
 10
277.4959070046957
 20
332.3599504205993
 10
277.47670560806466
 20
332.1649764431042
 10
277.47670560806466
 20
331.30000022705286
 10
277.4767145813041
 20
331.2407541357934
 10
277.47662967514
 20
331.24035074335063
 10
277.47638926294644
 20
331.24001587547104
 10
277.29704246818415
 20
331.0760807248879
 10
277.29686859720687
 20
331.07592179500637
 10
277.17810585540195
 20
330.9464429940335
 10
277.17797322241756
 20
330.9462700548054
 10
277.01688241174554
 20
330.6355088014457
 10
277.0168269714616
 20
330.6353309818783
 10
276.97152568765614
 20
330.337783557091
 10
276.9715712134873
 20
329.42511901147105
 10
277.97104941739497
 20
330.3387099684732
 10
277.97104941739497
 20
319.8375039814543
 10
278.47104941739497
 20
319.8375039814543
 10
278.47104941739497
 20
330.79574392550717
  0
LWPOLYLINE
  5
FF
330
17
100
AcDbEntity
  8
0
100
AcDbPolyline
 90
14
 70
0
 10
307.97104941739497
 20
308.8845442052427
 10
307.97104941739497
 20
308.0313884701344
 10
307.97143210082726
 20
308.03131234966696
 10
308.2768681013122
 20
307.90479661584294
 10
308.27710600293494
 20
307.904749294268
 10
308.4720985442448
 20
307.88554420524275
 10
308.97000029054504
 20
307.88554420524275
 10
308.97095140025465
 20
307.88563788137276
 10
308.97104941739497
 20
307.8856270114766
 10
308.97104941739497
 20
308.8845442052427
 10
308.97104941739497
 20
319.8445442052427
 10
308.47104941739497
 20
319.8445442052427
 10
308.47104941739497
 20
308.8845442052427
 10
307.97104941739497
 20
308.8845442052427
  0
LWPOLYLINE
  5
100
330
17
100
AcDbEntity
  8
0
100
AcDbPolyline
 90
5
 70
0
 10
308.47104941739497
 20
330.8045442052427
 10
307.97104941739497
 20
330.8045442052427
 10
307.97104941739497
 20
319.8445442052427
 10
308.47104941739497
 20
319.8445442052427
 10
308.47104941739497
 20
330.8045442052427
  0
LWPOLYLINE
  5
101
330
17
100
AcDbEntity
  8
0
100
AcDbPolyline
 90
43
 70
0
 10
389.3061055764281
 20
81.42066528074305
 10
389.0303454850065
 20
81.69642537215913
 10
389.0301848468756
 20
81.69653270712662
 10
388.6698869242945
 20
81.84577299315498
 10
388.6696490226719
 20
81.84582031472995
 10
388.47570560806463
 20
81.8649220738087
 10
388.47570560806463
 20
80.86602540378443
 10
385.47570560806463
 20
80.86602540378443
 10
385.47570560806463
 20
80.28867513459481
 10
382.47570560806463
 20
80.28867513459481
 10
382.47570560806463
 20
80.86602540378443
 10
381.8757056080646
 20
80.86602540378442
 10
381.6676018183781
 20
80.86602540378442
 10
381.6675256979106
 20
80.86564272035206
 10
381.6673089251593
 20
80.86531829700323
 10
381.6453056396843
 20
80.84331501152823
 10
381.6451983047168
 20
80.84315437339735
 10
381.49595801869407
 20
80.48285645082468
 10
381.49591069711914
 20
80.48261854920206
 10
381.4767056080646
 20
80.28762600774503
 10
381.4767056080646
 20
79.13502372306533
 10
381.47679928419467
 20
79.13407261335591
 10
381.4767884142985
 20
79.13397459621558
 10
381.8757056080646
 20
79.13397459621558
 10
382.47570560806463
 20
79.13397459621557
 10
385.47570560806463
 20
79.13397459621557
 10
385.47570560806463
 20
79.71132486540519
 10
388.47570560806463
 20
79.71132486540519
 10
388.47570560806463
 20
78.71239232178473
 10
388.66964893264355
 20
78.73152993655194
 10
388.6698869242945
 20
78.73157727603464
 10
389.0301848468756
 20
78.880817562063
 10
389.0303454850065
 20
78.8809248970305
 10
389.3061055764281
 20
79.15668498844657
 10
389.30621291139556
 20
79.15684562657744
 10
389.4554531974421
 20
79.51714354921039
 10
389.4555005190171
 20
79.51738145083291
 10
389.4747056080646
 20
79.712373992255
 10
389.4747056080646
 20
80.86497627693463
 10
389.4555005190171
 20
81.05996881835671
 10
389.4554531974421
 20
81.06020671997923
 10
389.30621291139556
 20
81.42050464261219
 10
389.3061055764281
 20
81.42066528074305
  0
LWPOLYLINE
  5
102
330
17
100
AcDbEntity
  8
0
100
AcDbPolyline
 90
43
 70
0
 10
373.2815242918348
 20
81.84577299315498
 10
372.92122636926206
 20
81.69653270713223
 10
372.9210657311312
 20
81.69642537216475
 10
372.6453056396843
 20
81.42066528071786
 10
372.6451983047168
 20
81.42050464258698
 10
372.49595801869407
 20
81.0602067200143
 10
372.49591069711914
 20
81.05996881839168
 10
372.4767056080646
 20
80.86497627693466
 10
372.4767056080646
 20
79.71237399225497
 10
372.49591069711914
 20
79.51738145079794
 10
372.49595801869407
 20
79.51714354917532
 10
372.6451983047168
 20
79.15684562660265
 10
372.6453056396843
 20
79.15668498847177
 10
372.9210657311312
 20
78.88092489702487
 10
372.92122636926206
 20
78.88081756205739
 10
373.2815242918348
 20
78.73157727603464
 10
373.2817621934574
 20
78.73152995445967
 10
373.47570560806463
 20
78.71242819538092
 10
373.47570560806463
 20
79.71132486540519
 10
376.47570560806463
 20
79.71132486540519
 10
376.47570560806463
 20
79.13397459621557
 10
379.47570560806463
 20
79.13397459621557
 10
380.07570560806465
 20
79.13397459621558
 10
380.4746228018308
 20
79.13397459621558
 10
380.4746119319346
 20
79.13407261335591
 10
380.47470560806465
 20
79.13502372306533
 10
380.47470560806465
 20
80.28762600774503
 10
380.4555005190101
 20
80.48261854920206
 10
380.4554531974352
 20
80.48285645082468
 10
380.30621291141244
 20
80.84315437339735
 10
380.30610557644496
 20
80.84331501152823
 10
380.28410229096994
 20
80.86531829700323
 10
380.28388551821865
 20
80.86564272035206
 10
380.28380939775116
 20
80.86602540378442
 10
380.07570560806465
 20
80.86602540378442
 10
379.47570560806463
 20
80.86602540378443
 10
379.47570560806463
 20
80.28867513459481
 10
376.47570560806463
 20
80.28867513459481
 10
376.47570560806463
 20
80.86602540378443
 10
373.47570560806463
 20
80.86602540378443
 10
373.47570560806463
 20
81.8649220738087
 10
373.2817621934574
 20
81.84582031472995
 10
373.2815242918348
 20
81.84577299315498
  0
LWPOLYLINE
  5
103
330
17
100
AcDbEntity
  8
0
100
AcDbPolyline
 90
12
 70
0
 10
309.4331841764581
 20
79.478914667667
 10
309.43320616296853
 20
79.47892905662917
 10
308.47560732590125
 20
80.5002786914656
 10
308.47562401354276
 20
78.71740292778155
 10
308.66518499532583
 20
78.73610355533543
 10
308.6654228936377
 20
78.73615091371987
 10
309.02569820267973
 20
78.8854457821234
 10
309.02585882454787
 20
78.8855531414259
 10
309.301577135943
 20
79.16135500649193
 10
309.3016844465731
 20
79.161515660882
 10
309.43296286311136
 20
79.47858564995695
 10
309.4331841764581
 20
79.478914667667
  0
LWPOLYLINE
  5
104
330
17
100
AcDbEntity
  8
0
100
AcDbPolyline
 90
12
 70
0
 10
316.62579364125173
 20
87.87052728169355
 10
316.5111681814364
 20
88.02003431724071
 10
315.7825425266232
 20
87.33809547742399
 10
316.46097471178024
 20
86.61392553490933
 10
316.5889850136203
 20
86.75977516095394
 10
316.58912637993933
 20
86.7599722702571
 10
316.75021796072576
 20
87.11512964191053
 10
316.75026190689374
 20
87.11531777521084
 10
316.76317827922543
 20
87.50508748072585
 10
316.7631468846935
 20
87.50527811070164
 10
316.62592164795444
 20
87.87032124578019
 10
316.62579364125173
 20
87.87052728169355
  0
LWPOLYLINE
  5
105
330
17
100
AcDbEntity
  8
0
100
AcDbPolyline
 90
21
 70
0
 10
334.5404139950517
 20
104.8940530835162
 10
333.4656087367184
 20
103.88811615821717
 10
333.71879631852966
 20
103.71338851768844
 10
333.7189736802617
 20
103.71331191337802
 10
334.1002788933229
 20
103.63149754719643
 10
334.1004720693974
 20
103.63149464743832
 10
334.4840611538671
 20
103.70182721677604
 10
334.4842866202812
 20
103.70191666737472
 10
334.65845361383185
 20
103.79167626303393
 10
335.076549006239
 20
104.06205080291662
 10
335.22985820142935
 20
104.18406398797153
 10
335.2300322739724
 20
104.18423291181001
 10
335.4515380800742
 20
104.50520399133902
 10
335.4516146843846
 20
104.50538135307107
 10
335.5334290505662
 20
104.88668656613228
 10
335.5334319503243
 20
104.8868797422068
 10
335.4630993809866
 20
105.27046882667649
 10
335.4630099303879
 20
105.27069429309053
 10
335.3732503347287
 20
105.44486128664126
 10
335.01691022256347
 20
105.99589008946705
 10
334.5404139950517
 20
104.8940530835162
  0
LWPOLYLINE
  5
106
330
17
100
AcDbEntity
  8
0
100
AcDbPolyline
 90
21
 70
0
 10
252.40570560806464
 20
104.9
 10
251.92732140071922
 20
105.99918814054178
 10
251.56884850006108
 20
105.44486128664121
 10
251.47908890439686
 20
105.27069429307797
 10
251.47899945379828
 20
105.2704688266641
 10
251.40866688446604
 20
104.88687974216982
 10
251.40866978422414
 20
104.88668656609535
 10
251.49048415039195
 20
104.50538135310174
 10
251.49056075470233
 20
104.50520399136978
 10
251.71206656083564
 20
104.1842329117923
 10
251.71224063337863
 20
104.18406398795388
 10
251.86554982855074
 20
104.06205080291667
 10
252.28364522095802
 20
103.79167626303392
 10
252.45781221452114
 20
103.70191666736979
 10
252.45803768093532
 20
103.70182721677105
 10
252.84162676539245
 20
103.6314946474383
 10
252.84181994146698
 20
103.63149754719642
 10
253.22312515452825
 20
103.71331191337802
 10
253.2233025162602
 20
103.7133885176884
 10
253.48242661516082
 20
103.89221301643016
 10
252.40570560806464
 20
104.9
  0
LWPOLYLINE
  5
107
330
17
100
AcDbEntity
  8
0
100
AcDbPolyline
 90
15
 70
0
 10
270.17765231809994
 20
87.18752879551393
 10
270.1776858966392
 20
87.18731501697079
 10
270.33878702430684
 20
86.7800550807893
 10
270.3389400701549
 20
86.77983020368761
 10
270.4822239528491
 20
86.61245803141897
 10
270.48605874584473
 20
86.60886875022149
 10
270.4861489387984
 20
86.60878435480596
 10
270.4861490638583
 20
86.60878418044847
 10
271.16886868950604
 20
87.33809547742399
 10
270.43480135363274
 20
88.02516622396031
 10
270.3574151688566
 20
87.93159531005449
 10
270.3573397055819
 20
87.93149175463944
 10
270.206206131768
 20
87.62479879908311
 10
270.2061381088026
 20
87.62456745375557
 10
270.17765231809994
 20
87.18752879551393
  0
LWPOLYLINE
  5
108
330
17
100
AcDbEntity
  8
0
100
AcDbPolyline
 90
50
 70
0
 10
361.57128900227815
 20
179.80133231622705
 10
361.571897739109
 20
180.37868226450175
 10
358.57071749555854
 20
180.38184660002418
 10
358.5701087587277
 20
179.80449665174947
 10
358.5698043903123
 20
179.5158216776121
 10
358.5698043903123
 20
181.38055114377093
 10
358.37780724838194
 20
181.36184545314518
 10
358.3775692969974
 20
181.36179838243123
 10
358.0171142212134
 20
181.2129380641912
 10
358.0169534700017
 20
181.21283089865426
 10
357.7409027806086
 20
180.93736171181084
 10
357.7407952763299
 20
180.9372011869393
 10
357.59117518838127
 20
180.57706081800035
 10
357.5911276159979
 20
180.5768229664041
 10
357.571716944683
 20
180.38185078251388
 10
357.5711093140128
 20
179.80554996050577
 10
357.5708049468483
 20
179.5168761727524
 10
357.5708045298299
 20
179.5163484671505
 10
357.57080439033797
 20
179.22819442425828
 10
357.5899837884575
 20
179.03333108238704
 10
357.59003104768556
 20
179.03309333044348
 10
357.73907753590726
 20
178.67299483445913
 10
357.7391847376936
 20
178.67283425824246
 10
358.01461679777594
 20
178.39711163896447
 10
358.01477726087353
 20
178.3970042679318
 10
358.3747184072826
 20
178.24757818729054
 10
358.37495610926544
 20
178.2475306774115
 10
358.5697991209888
 20
178.22814583283014
 10
358.5698043903123
 20
178.22814582727435
 10
358.5698043903123
 20
179.22714638255974
 10
361.5706802654473
 20
179.22398236795235
 10
361.5700715286165
 20
178.64663241967764
 10
364.571251772167
 20
178.64346808415522
 10
365.1696989537527
 20
178.64283710316727
 10
365.57016841069407
 20
178.64241486270672
 10
365.5701576441496
 20
178.64251289125338
 10
365.57025232304255
 20
178.6434639016655
 10
365.5708599537127
 20
179.21976472367362
 10
365.57146758438284
 20
179.7960655456818
 10
365.5524680989483
 20
179.99107822788815
 10
365.55242102823433
 20
179.9913161792726
 10
365.4035607099957
 20
180.35177125504975
 10
365.4034535444588
 20
180.35193200626145
 10
365.3814734706835
 20
180.37395847894288
 10
365.3812570401127
 20
180.37428313066857
 10
365.3811813231748
 20
180.37466589414683
 10
365.16990982637657
 20
180.37488865114506
 10
364.57307798265947
 20
180.37551792897932
 10
364.57246924582864
 20
179.79816798070462
 10
361.57128900227815
 20
179.80133231622705
  0
LWPOLYLINE
  5
109
330
17
100
AcDbEntity
  8
0
100
AcDbPolyline
 90
47
 70
0
 10
373.77079159095535
 20
181.3455940804544
 10
373.77055388897276
 20
181.34564159033332
 10
373.5757108773892
 20
181.3650264348867
 10
373.5757056080646
 20
181.36502644044248
 10
373.5757056080646
 20
180.3660258851571
 10
370.5754384697604
 20
180.36918925793447
 10
370.5748297329296
 20
179.79183930965976
 10
367.57364948937914
 20
179.7950036451822
 10
367.5742582262099
 20
180.3723535934569
 10
366.9699517916579
 20
180.3729907522285
 10
366.7661548856869
 20
180.37320562828944
 10
366.7660783617744
 20
180.37282302532842
 10
366.76586124708354
 20
180.37249883071712
 10
366.7438347744292
 20
180.35051875696885
 10
366.7437272701505
 20
180.3503582320973
 10
366.5941071822018
 20
179.99021786315836
 10
366.5940596098185
 20
179.98998001156212
 10
366.57464893850357
 20
179.7950078276719
 10
366.5734336771632
 20
178.64240618365562
 10
366.57352635042616
 20
178.64145497570627
 10
366.5735153771904
 20
178.64135697008123
 10
366.9696989537527
 20
178.6409392484974
 10
367.5724320157175
 20
178.6403037486328
 10
370.5736122592679
 20
178.63713941311036
 10
370.57422099609875
 20
179.21448936138506
 10
373.5754012396492
 20
179.21132502586264
 10
373.5757056080646
 20
179.5
 10
373.5757056080646
 20
178.21256117475997
 10
373.7683114868258
 20
178.23132617274163
 10
373.7685494382103
 20
178.23137324345558
 10
374.12900451399435
 20
178.3802335616956
 10
374.1291652652061
 20
178.38034072723255
 10
374.4052159545991
 20
178.65580991407597
 10
374.40532345887783
 20
178.65597043894752
 10
374.5549435468265
 20
179.01611080788646
 10
374.55499111920983
 20
179.0163486594827
 10
374.57440179052475
 20
179.2113208433729
 10
374.57470505152867
 20
179.49894550485925
 10
374.5747054685472
 20
179.49947321093927
 10
374.5747056080561
 20
180.36497784458172
 10
374.5555262097008
 20
180.5598411864367
 10
374.55547895047266
 20
180.56007893837992
 10
374.40643246203297
 20
180.92017743391398
 10
374.4063252602466
 20
180.92033801013045
 10
374.13089320020026
 20
181.19606062902145
 10
374.13073273710256
 20
181.19616800005406
 10
373.77079159095535
 20
181.3455940804544
  0
LWPOLYLINE
  5
10A
330
17
100
AcDbEntity
  8
0
100
AcDbPolyline
 90
22
 70
0
 10
278.2819543651309
 20
232.73150058716365
 10
278.47394381044535
 20
232.71262064480396
 10
278.47407210378185
 20
235.86478878641083
 10
278.2814825594277
 20
235.8457909117028
 10
278.2812446649767
 20
235.845743554087
 10
277.9209693559096
 20
235.6964486856667
 10
277.92080873404143
 20
235.69634132636418
 10
277.6450904226715
 20
235.4205394613149
 10
277.64498311204136
 20
235.42037880692487
 10
277.4957974117757
 20
235.06005827899125
 10
277.49575012624274
 20
235.05982037020243
 10
277.4765745782008
 20
234.86482492148582
 10
277.4766618861063
 20
234.28852378575942
 10
277.47674919401175
 20
233.71222265003306
 10
277.4959838236306
 20
233.51723302034858
 10
277.4960311812464
 20
233.51699512589764
 10
277.64532604966666
 20
233.1567198168305
 10
277.6454334089692
 20
233.15655919496234
 10
277.9212352740185
 20
232.88084088359238
 10
277.9213959284085
 20
232.8807335729623
 10
278.2817164563421
 20
232.73154787269664
 10
278.2819543651309
 20
232.73150058716365
  0
LWPOLYLINE
  5
10B
330
17
100
AcDbEntity
  8
0
100
AcDbPolyline
 90
22
 70
0
 10
278.2819543651309
 20
193.43150058716364
 10
278.4723443056854
 20
193.41277793760526
 10
278.47247258619836
 20
196.5646310030029
 10
278.2814825594277
 20
196.5457909117028
 10
278.2812446649767
 20
196.54574355408698
 10
277.9209693559096
 20
196.39644868566668
 10
277.92080873404143
 20
196.39634132636417
 10
277.6450904226715
 20
196.12053946131488
 10
277.64498311204136
 20
196.12037880692486
 10
277.4957974117757
 20
195.76005827899124
 10
277.49575012624274
 20
195.75982037020242
 10
277.4765745782008
 20
195.5648249214858
 10
277.4766618861063
 20
194.9885237857594
 10
277.47674919401175
 20
194.41222265003304
 10
277.4959838236306
 20
194.21723302034857
 10
277.4960311812464
 20
194.21699512589763
 10
277.64532604966666
 20
193.8567198168305
 10
277.6454334089692
 20
193.85655919496233
 10
277.9212352740185
 20
193.58084088359237
 10
277.9213959284085
 20
193.5807335729623
 10
278.2817164563421
 20
193.43154787269663
 10
278.2819543651309
 20
193.43150058716364
  0
LWPOLYLINE
  5
10C
330
17
100
AcDbEntity
  8
0
100
AcDbPolyline
 90
21
 70
0
 10
308.4714546023058
 20
196.56945193327098
 10
308.47147068287563
 20
193.41691214941935
 10
308.5925304172186
 20
193.42435440887263
 10
308.59265776891937
 20
193.424370083139
 10
308.92002336731747
 20
193.52364485726014
 10
308.92023869723096
 20
193.52375326821647
 10
309.2587589882223
 20
193.80160887018778
 10
309.2588921101168
 20
193.80177946882196
 10
309.4461249304187
 20
194.19768803659724
 10
309.44618452165105
 20
194.19795343461826
 10
309.47046558197104
 20
194.4169292969817
 10
309.4704597027736
 20
195.5695254990083
 10
309.4512500505862
 20
195.76453588125062
 10
309.4512027191379
 20
195.76477380341308
 10
309.3019336777918
 20
196.12509864819836
 10
309.301826323508
 20
196.12525929437152
 10
309.02601927022766
 20
196.4010231602326
 10
309.025858607245
 20
196.40113048935817
 10
308.66551039169894
 20
196.550343102759
 10
308.66527246212775
 20
196.55039039694861
 10
308.4714546023058
 20
196.56945193327098
  0
LWPOLYLINE
  5
10D
330
17
100
AcDbEntity
  8
0
100
AcDbPolyline
 90
21
 70
0
 10
308.4712541396824
 20
235.86945190290152
 10
308.4712702202523
 20
232.7169121186779
 10
308.59232995459354
 20
232.7243543785029
 10
308.592457306296
 20
232.7243700527695
 10
308.9198229046941
 20
232.82364482689064
 10
308.92003823460755
 20
232.82375323784697
 10
309.25855852559897
 20
233.10160883981828
 10
309.2586916474935
 20
233.10177943845247
 10
309.4459244677953
 20
233.49768800622775
 10
309.44598405902775
 20
233.49795340424876
 10
309.4702651193477
 20
233.71692926661223
 10
309.47025924015026
 20
234.86952546863887
 10
309.45104958796287
 20
235.06453585088116
 10
309.45100225651447
 20
235.0647737730436
 10
309.3017332151684
 20
235.4250986178289
 10
309.30162586088466
 20
235.42525926400205
 10
309.0258188076043
 20
235.70102312986313
 10
309.0256581446216
 20
235.7011304589887
 10
308.6653099290756
 20
235.85034307238953
 10
308.6650719995044
 20
235.85039036657915
 10
308.4712541396824
 20
235.86945190290152
  0
LWPOLYLINE
  5
10E
330
17
100
AcDbEntity
  8
0
100
AcDbPolyline
 90
24
 70
0
 10
295.47395563854957
 20
145.41390004634096
 10
295.47404294645503
 20
144.83759891061453
 10
295.4741367666743
 20
144.83664781510768
 10
295.47412591162754
 20
144.83654979632172
 10
296.4730430939304
 20
144.83670112929946
 10
302.47211185579647
 20
144.837609970348
 10
302.4720243889514
 20
145.41496023291216
 10
308.47109315081747
 20
145.41586907396072
 10
308.47104941739497
 20
145.7045442052428
 10
308.4710056839724
 20
145.99321933652487
 10
308.4709182171273
 20
146.570569599089
 10
302.47184945526124
 20
146.56966075804044
 10
302.47193692210635
 20
145.99231049547632
 10
296.4728681602403
 20
145.99140165442773
 10
296.4727806933952
 20
146.56875191699189
 10
295.6646769129743
 20
146.56862949167618
 10
295.6646008504831
 20
146.5682467967162
 10
295.6643841268834
 20
146.56792234053069
 10
295.6423841751147
 20
146.54591572189642
 10
295.64227686448464
 20
146.5457550675064
 10
295.493091164219
 20
146.18543453957278
 10
295.49304387868597
 20
146.18519663078396
 10
295.47386833064405
 20
145.99020118206735
 10
295.47395563854957
 20
145.41390004634096
  0
LWPOLYLINE
  5
10F
330
17
100
AcDbEntity
  8
0
100
AcDbPolyline
 90
24
 70
0
 10
278.47574934148713
 20
145.4113248687179
 10
284.47481810335324
 20
145.41223370976647
 10
284.4749055701983
 20
144.83488344720234
 10
290.47397433206436
 20
144.8357922882509
 10
291.47289151436723
 20
144.83594362122864
 10
291.4728806296219
 20
144.83604163672106
 10
291.47297416166055
 20
144.83699276061122
 10
291.4728868537551
 20
145.41329389633765
 10
291.4727995458496
 20
145.9895950320641
 10
291.4535649162308
 20
146.18458466174852
 10
291.453517558615
 20
146.18482255619946
 10
291.3042226901947
 20
146.5450978652666
 10
291.30411533089216
 20
146.54525848713476
 10
291.282108712303
 20
146.5672584388584
 10
291.28189189040495
 20
146.5675828293631
 10
291.28181571196296
 20
146.56796550125904
 10
290.4737119315291
 20
146.56784307594333
 10
290.47379939837424
 20
145.99049281337918
 10
284.4747306365082
 20
145.98958397233062
 10
284.47464316966307
 20
146.56693423489477
 10
278.475574407797
 20
146.5660253938462
 10
278.4756618746421
 20
145.98867513128206
 10
278.47570560806463
 20
145.7
 10
278.47574934148713
 20
145.4113248687179
  0
LWPOLYLINE
  5
110
330
17
100
AcDbEntity
  8
0
100
AcDbPolyline
 90
24
 70
0
 10
295.47395563854957
 20
194.41390004634096
 10
295.47404294645503
 20
193.83759891061453
 10
295.4741367666743
 20
193.83664781510765
 10
295.47412591162754
 20
193.83654979632172
 10
296.4730430939304
 20
193.83670112929946
 10
302.47211185579647
 20
193.837609970348
 10
302.4720243889514
 20
194.41496023291216
 10
308.47109315081747
 20
194.41586907396072
 10
308.47104941739497
 20
194.7045442052428
 10
308.4710056839724
 20
194.99321933652487
 10
308.4709182171273
 20
195.570569599089
 10
302.47184945526124
 20
195.56966075804044
 10
302.47193692210635
 20
194.99231049547632
 10
296.4728681602403
 20
194.99140165442773
 10
296.4727806933952
 20
195.56875191699189
 10
295.6646769129743
 20
195.56862949167618
 10
295.6646008504831
 20
195.5682467967162
 10
295.6643841268834
 20
195.56792234053069
 10
295.6423841751147
 20
195.54591572189642
 10
295.64227686448464
 20
195.5457550675064
 10
295.493091164219
 20
195.18543453957278
 10
295.49304387868597
 20
195.18519663078396
 10
295.47386833064405
 20
194.99020118206735
 10
295.47395563854957
 20
194.41390004634096
  0
LWPOLYLINE
  5
111
330
17
100
AcDbEntity
  8
0
100
AcDbPolyline
 90
24
 70
0
 10
278.47574934148713
 20
194.4113248687179
 10
284.47481810335324
 20
194.41223370976647
 10
284.4749055701983
 20
193.83488344720234
 10
290.47397433206436
 20
193.8357922882509
 10
291.47289151436723
 20
193.83594362122864
 10
291.4728806296219
 20
193.83604163672106
 10
291.47297416166055
 20
193.83699276061122
 10
291.4728868537551
 20
194.41329389633765
 10
291.4727995458496
 20
194.9895950320641
 10
291.4535649162308
 20
195.18458466174852
 10
291.453517558615
 20
195.18482255619946
 10
291.3042226901947
 20
195.5450978652666
 10
291.30411533089216
 20
195.54525848713476
 10
291.282108712303
 20
195.5672584388584
 10
291.28189189040495
 20
195.5675828293631
 10
291.28181571196296
 20
195.56796550125904
 10
290.4737119315291
 20
195.56784307594333
 10
290.47379939837424
 20
194.99049281337918
 10
284.4747306365082
 20
194.98958397233062
 10
284.47464316966307
 20
195.56693423489477
 10
278.475574407797
 20
195.5660253938462
 10
278.4756618746421
 20
194.98867513128206
 10
278.47570560806463
 20
194.7
 10
278.47574934148713
 20
194.4113248687179
  0
LWPOLYLINE
  5
112
330
17
100
AcDbEntity
  8
0
100
AcDbPolyline
 90
24
 70
0
 10
295.47395563854957
 20
233.71390004634097
 10
295.47404294645503
 20
233.13759891061454
 10
295.4741367666743
 20
233.13664781510766
 10
295.47412591162754
 20
233.13654979632173
 10
296.4730430939304
 20
233.13670112929947
 10
302.47211185579647
 20
233.13760997034802
 10
302.4720243889514
 20
233.71496023291218
 10
308.47109315081747
 20
233.71586907396073
 10
308.47104941739497
 20
234.0045442052428
 10
308.4710056839724
 20
234.29321933652488
 10
308.4709182171273
 20
234.870569599089
 10
302.47184945526124
 20
234.86966075804045
 10
302.47193692210635
 20
234.29231049547633
 10
296.4728681602403
 20
234.29140165442774
 10
296.4727806933952
 20
234.8687519169919
 10
295.6646769129743
 20
234.8686294916762
 10
295.6646008504831
 20
234.86824679671622
 10
295.6643841268834
 20
234.8679223405307
 10
295.6423841751147
 20
234.84591572189643
 10
295.64227686448464
 20
234.84575506750642
 10
295.493091164219
 20
234.4854345395728
 10
295.49304387868597
 20
234.48519663078397
 10
295.47386833064405
 20
234.29020118206736
 10
295.47395563854957
 20
233.71390004634097
  0
LWPOLYLINE
  5
113
330
17
100
AcDbEntity
  8
0
100
AcDbPolyline
 90
24
 70
0
 10
278.47574934148713
 20
233.71132486871792
 10
284.47481810335324
 20
233.71223370976648
 10
284.4749055701983
 20
233.13488344720236
 10
290.47397433206436
 20
233.1357922882509
 10
291.47289151436723
 20
233.13594362122865
 10
291.4728806296219
 20
233.13604163672107
 10
291.47297416166055
 20
233.13699276061124
 10
291.4728868537551
 20
233.71329389633766
 10
291.4727995458496
 20
234.2895950320641
 10
291.4535649162308
 20
234.48458466174853
 10
291.453517558615
 20
234.48482255619948
 10
291.3042226901947
 20
234.8450978652666
 10
291.30411533089216
 20
234.84525848713477
 10
291.282108712303
 20
234.8672584388584
 10
291.28189189040495
 20
234.8675828293631
 10
291.28181571196296
 20
234.86796550125905
 10
290.4737119315291
 20
234.86784307594334
 10
290.47379939837424
 20
234.2904928133792
 10
284.4747306365082
 20
234.28958397233063
 10
284.47464316966307
 20
234.86693423489479
 10
278.475574407797
 20
234.8660253938462
 10
278.4756618746421
 20
234.28867513128208
 10
278.47570560806463
 20
234.0
 10
278.47574934148713
 20
233.71132486871792
  0
LWPOLYLINE
  5
114
330
17
100
AcDbEntity
  8
0
100
AcDbPolyline
 90
12
 70
0
 10
358.3817621934575
 20
230.92020508905446
 10
358.5698043903123
 20
230.90168454919373
 10
358.5698043903123
 20
231.9000000000001
 10
357.57680893804036
 20
231.90000000000012
 10
357.5959106971177
 20
231.7060565853997
 10
357.59595801869267
 20
231.70581868377712
 10
357.7451983047281
 20
231.34552076118064
 10
357.7453056396956
 20
231.34536012304972
 10
358.0210657311312
 20
231.0696000316197
 10
358.021226369262
 20
231.06949269665225
 10
358.38152429183475
 20
230.92025241062944
 10
358.3817621934575
 20
230.92020508905446
  0
LWPOLYLINE
  5
115
330
17
100
AcDbEntity
  8
0
100
AcDbPolyline
 90
17
 70
0
 10
412.00241418897735
 20
62.540301168721776
 10
412.813472561031
 20
63.082233047033625
 10
413.35540443934286
 20
63.89329141908727
 10
413.5457056080646
 20
64.85
 10
413.35540443934286
 20
65.80670858091271
 10
412.813472561031
 20
66.61776695296636
 10
412.00241418897735
 20
67.1596988312782
 10
411.0457056080646
 20
67.35
 10
410.0889970271519
 20
67.1596988312782
 10
409.27793865509824
 20
66.61776695296636
 10
408.7360067767864
 20
65.80670858091273
 10
408.5457056080646
 20
64.85
 10
408.7360067767864
 20
63.89329141908727
 10
409.27793865509824
 20
63.082233047033625
 10
410.0889970271519
 20
62.540301168721776
 10
411.0457056080646
 20
62.349999999999994
 10
412.00241418897735
 20
62.540301168721776
  0
LWPOLYLINE
  5
116
330
17
100
AcDbEntity
  8
0
100
AcDbPolyline
 90
17
 70
0
 10
240.00241418897735
 20
62.540301168721776
 10
240.81347256103098
 20
63.082233047033625
 10
241.35540443934283
 20
63.89329141908727
 10
241.54570560806462
 20
64.85
 10
241.35540443934283
 20
65.80670858091271
 10
240.813472561031
 20
66.61776695296636
 10
240.00241418897735
 20
67.1596988312782
 10
239.04570560806462
 20
67.35
 10
238.0889970271519
 20
67.1596988312782
 10
237.27793865509827
 20
66.61776695296636
 10
236.7360067767864
 20
65.80670858091273
 10
236.54570560806462
 20
64.85
 10
236.7360067767864
 20
63.89329141908727
 10
237.27793865509824
 20
63.082233047033625
 10
238.0889970271519
 20
62.540301168721776
 10
239.04570560806462
 20
62.349999999999994
 10
240.00241418897735
 20
62.540301168721776
  0
LWPOLYLINE
  5
117
330
17
100
AcDbEntity
  8
0
100
AcDbPolyline
 90
17
 70
0
 10
412.00241418897735
 20
384.5403011687218
 10
412.813472561031
 20
385.08223304703364
 10
413.35540443934286
 20
385.8932914190873
 10
413.5457056080646
 20
386.85
 10
413.35540443934286
 20
387.80670858091275
 10
412.813472561031
 20
388.6177669529664
 10
412.00241418897735
 20
389.15969883127826
 10
411.0457056080646
 20
389.35
 10
410.0889970271519
 20
389.15969883127826
 10
409.27793865509824
 20
388.6177669529664
 10
408.7360067767864
 20
387.80670858091275
 10
408.5457056080646
 20
386.85
 10
408.7360067767864
 20
385.8932914190873
 10
409.27793865509824
 20
385.08223304703364
 10
410.0889970271519
 20
384.5403011687218
 10
411.0457056080646
 20
384.35
 10
412.00241418897735
 20
384.5403011687218
  0
LWPOLYLINE
  5
118
330
17
100
AcDbEntity
  8
0
100
AcDbPolyline
 90
17
 70
0
 10
240.00241418897735
 20
384.5403011687218
 10
240.81347256103098
 20
385.08223304703364
 10
241.35540443934283
 20
385.8932914190873
 10
241.54570560806462
 20
386.85
 10
241.35540443934283
 20
387.80670858091275
 10
240.813472561031
 20
388.6177669529664
 10
240.00241418897735
 20
389.15969883127826
 10
239.04570560806462
 20
389.35
 10
238.0889970271519
 20
389.15969883127826
 10
237.27793865509827
 20
388.6177669529664
 10
236.7360067767864
 20
387.80670858091275
 10
236.54570560806462
 20
386.85
 10
236.7360067767864
 20
385.8932914190873
 10
237.27793865509824
 20
385.08223304703364
 10
238.0889970271519
 20
384.5403011687218
 10
239.04570560806462
 20
384.35
 10
240.00241418897735
 20
384.5403011687218
  0
LWPOLYLINE
  5
119
330
17
100
AcDbEntity
  8
0
100
AcDbPolyline
 90
11
 70
0
 10
399.4193384205646
 20
62.34531249999999
 10
400.4037134205646
 20
64.94296874999999
 10
399.9302759205646
 20
64.94296874999999
 10
399.20215092056463
 20
62.840624999999996
 10
398.46777592056463
 20
64.94296874999999
 10
398.0279321705646
 20
64.94296874999999
 10
399.30899467056463
 20
61.635468749999994
 10
399.9698227955646
 20
61.3025078125
 10
400.1136196705646
 20
61.739062499999996
 10
399.67180717056465
 20
61.81921875
 10
399.4193384205646
 20
62.34531249999999
  0
LWPOLYLINE
  5
11A
330
17
100
AcDbEntity
  8
0
100
AcDbPolyline
 90
15
 70
0
 10
401.27978763931463
 20
63.9953125
 10
401.3574438893146
 20
64.43865625
 10
401.77619388931464
 20
64.6315625
 10
403.0086938893146
 20
64.203125
 10
402.42744388931465
 20
64.909375
 10
401.3879126393146
 20
64.9515625
 10
400.8866235768146
 20
64.5303984375
 10
400.6961938893146
 20
62.349999999999994
 10
401.1555688893146
 20
62.349999999999994
 10
401.2430688893146
 20
62.66953124999999
 10
401.5297563893146
 20
62.4646875
 10
402.50800638931463
 20
62.324781249999994
 10
403.0477251393146
 20
62.792218749999996
 10
402.7704126393146
 20
63.63437499999999
 10
401.27978763931463
 20
63.9953125
  0
LWPOLYLINE
  5
11B
330
17
100
AcDbEntity
  8
0
100
AcDbPolyline
 90
14
 70
0
 10
396.4882759205646
 20
64.9980234375
 10
395.74043217056465
 20
64.64765625
 10
395.41308842056463
 20
63.534375
 10
397.3399087330646
 20
63.450906249999996
 10
396.8611352955646
 20
62.709765624999996
 10
396.2595727955646
 20
62.715140625
 10
395.8794946705646
 20
63.18515624999999
 10
395.4255884205646
 20
63.12890624999999
 10
395.5785181080646
 20
62.7755859375
 10
396.47672904556464
 20
62.293601562499994
 10
397.46777592056463
 20
62.641406249999996
 10
397.79800248306464
 20
63.75221875
 10
397.3951587330646
 20
64.7085703125
 10
396.4882759205646
 20
64.9980234375
  0
LWPOLYLINE
  5
11C
330
17
100
AcDbEntity
  8
0
100
AcDbPolyline
 90
10
 70
0
 10
393.6213892018146
 20
64.45234375
 10
394.3165454518146
 20
64.33268749999999
 10
394.4393579518146
 20
62.349999999999994
 10
394.87842045181463
 20
62.349999999999994
 10
394.87842045181463
 20
64.94296874999999
 10
394.48310795181465
 20
64.94296874999999
 10
394.42342045181465
 20
64.65278124999999
 10
394.0403892018146
 20
64.9874375
 10
393.4698267018146
 20
64.86015624999999
 10
393.6213892018146
 20
64.45234375
  0
LWPOLYLINE
  5
11D
330
17
100
AcDbEntity
  8
0
100
AcDbPolyline
 90
24
 70
0
 10
390.0813149830646
 20
62.49521874999999
 10
390.8015649830646
 20
62.28671874999999
 10
391.5843774830646
 20
62.567187499999996
 10
391.9390649830646
 20
63.29453124999999
 10
391.50000248306463
 20
63.35312499999999
 10
391.39765873306465
 20
63.03183593749999
 10
390.7381587330646
 20
62.652148437499996
 10
390.09597123306463
 20
63.159781249999995
 10
390.29998685806464
 20
63.933499999999995
 10
391.0726587330646
 20
64.04453124999999
 10
391.02343998306463
 20
64.43046874999999
 10
390.2789087330646
 20
64.75761718749999
 10
390.38672123306463
 20
65.42343749999999
 10
390.9999712330646
 20
65.55693749999999
 10
391.4554712330646
 20
64.93828124999999
 10
391.8953149830646
 20
65.01640624999999
 10
391.4097524830646
 20
65.78824999999999
 10
390.4315649830646
 20
65.8821171875
 10
389.80390873306465
 20
65.2509765625
 10
389.8510962330646
 20
64.66928125
 10
390.2640649830646
 20
64.28828125
 10
389.6814477955646
 20
63.83561718749999
 10
389.6500649830646
 20
63.054906249999995
 10
390.0813149830646
 20
62.49521874999999
  0
LWPOLYLINE
  5
11E
330
17
100
AcDbEntity
  8
0
100
AcDbPolyline
 90
7
 70
0
 10
405.6792993580646
 20
62.349999999999994
 10
405.6792993580646
 20
65.92890625
 10
405.2058618580646
 20
65.92890625
 10
405.2058618580646
 20
62.77265625
 10
403.44336185806463
 20
62.77265625
 10
403.44336185806463
 20
62.349999999999994
 10
405.6792993580646
 20
62.349999999999994
  0
LWPOLYLINE
  5
11F
330
17
100
AcDbEntity
  8
0
100
AcDbPolyline
 90
18
 70
0
 10
309.45957141131316
 20
330.9098800594478
 10
309.4595713964752
 20
330.9100759429598
 10
309.4700929804137
 20
331.01706954632095
 10
309.47000567250825
 20
331.5933706820473
 10
309.46991836460273
 20
332.16967181777386
 10
309.4506837349811
 20
332.36466144747226
 10
309.4506363773653
 20
332.3648993419233
 10
309.3013415089928
 20
332.72517465090914
 10
309.30123414969034
 20
332.7253352727772
 10
309.02543228454556
 20
333.00105358424827
 10
309.02527163015577
 20
333.0011608948782
 10
308.66495110234246
 20
333.15034659509627
 10
308.66471319355344
 20
333.15039388062934
 10
308.50122652976233
 20
333.1664709039523
 10
308.50246452215754
 20
330.8121617357967
 10
309.47004941739493
 20
329.9261872205745
 10
309.47004941739493
 20
330.80349507839304
 10
309.45957141131316
 20
330.9098800594478
  0
LWPOLYLINE
  5
120
330
17
100
AcDbEntity
  8
0
100
AcDbPolyline
 90
22
 70
0
 10
308.6647301090737
 20
372.5503921058164
 10
308.4805073203205
 20
372.56850999186247
 10
308.4821639700784
 20
369.4180336815776
 10
308.66517332992794
 20
369.4361017681
 10
308.66541126986556
 20
369.4361491325039
 10
309.02568794697413
 20
369.5854406992275
 10
309.0258485698264
 20
369.5855480570582
 10
309.3015694087692
 20
369.86134739542075
 10
309.30167672087157
 20
369.8615080488274
 10
309.45086572318303
 20
370.22182720962826
 10
309.45091301089633
 20
370.222065117984
 10
309.47009034590167
 20
370.41706039091645
 10
309.4700083193246
 20
370.9933615274186
 10
309.4699262927476
 20
371.56966266392067
 10
309.4506934500622
 20
371.7646524698057
 10
309.4506460946265
 20
371.76489036469053
 10
309.3013545277963
 20
372.1251670420176
 10
309.30124716996585
 20
372.1253276648696
 10
309.02544783174324
 20
372.4010485036446
 10
309.0252871783367
 20
372.4011558157469
 10
308.66496801742915
 20
372.5503448181032
 10
308.6647301090737
 20
372.5503921058164
  0
LWPOLYLINE
  5
121
330
17
100
AcDbEntity
  8
0
100
AcDbPolyline
 90
23
 70
0
 10
278.3084637462211
 20
369.4318283419465
 10
278.30870165457657
 20
369.43178105423334
 10
278.47570560806463
 20
369.4153566008906
 10
278.47570560806463
 20
372.56258755938126
 10
278.3082583886697
 20
372.54607138298155
 10
278.30802049378474
 20
372.54602402754585
 10
277.94774381667617
 20
372.39673246082225
 10
277.94758319382385
 20
372.39662510299155
 10
277.671862354881
 20
372.120825764629
 10
277.6717550427786
 20
372.12066511122237
 10
277.52256604046727
 20
371.7603459504215
 10
277.52251875275397
 20
371.7601080420657
 10
277.50334141774863
 20
371.56511276913335
 10
277.5034234443256
 20
370.98881163263127
 10
277.5034645322768
 20
370.70013650096047
 10
277.5035054709026
 20
370.41251049612913
 10
277.522738313588
 20
370.21752069024404
 10
277.52278566902373
 20
370.2172827953592
 10
277.67207723585386
 20
369.85700611803213
 10
277.6721845936844
 20
369.85684549518015
 10
277.94798393190695
 20
369.58112465640517
 10
277.94814458531346
 20
369.58101734430284
 10
278.3084637462211
 20
369.4318283419465
  0
LWPOLYLINE
  5
122
330
17
100
AcDbEntity
  8
0
100
AcDbPolyline
 90
24
 70
0
 10
302.47184945526124
 20
332.1696607580404
 10
302.47193692210635
 20
331.5923104954762
 10
296.4728681602403
 20
331.59140165442767
 10
296.4727806933952
 20
332.1687519169918
 10
295.66467691297555
 20
332.1686294916761
 10
295.66460085048436
 20
332.16824679671606
 10
295.66438412688467
 20
332.16792234053054
 10
295.6423841751147
 20
332.14591572189636
 10
295.64227686448464
 20
332.14575506750634
 10
295.49309116421625
 20
331.78543453955876
 10
295.49304387868324
 20
331.78519663077
 10
295.47386833064405
 20
331.5902011820673
 10
295.47395563854957
 20
331.0139000463409
 10
295.47404294645503
 20
330.4375989106145
 10
295.47413676667423
 20
330.4366478151077
 10
295.47412591162754
 20
330.4365497963217
 10
296.4730430939304
 20
330.4367011292994
 10
302.47211185579647
 20
330.4376099703479
 10
302.4720243889514
 20
331.0149602329121
 10
308.47109315081747
 20
331.01586907396063
 10
308.47104941739497
 20
331.3045442052427
 10
308.4710056839724
 20
331.5932193365247
 10
308.4709182171273
 20
332.1705695990889
 10
302.47184945526124
 20
332.1696607580404
  0
LWPOLYLINE
  5
123
330
17
100
AcDbEntity
  8
0
100
AcDbPolyline
 90
12
 70
0
 10
334.30251902969746
 20
303.4489739722232
 10
334.3529706817433
 20
303.53314746841676
 10
334.3949289499062
 20
303.6218607728777
 10
334.40326735151086
 20
303.64516504418447
 10
333.8164970314816
 20
303.06734148391365
 10
333.85373284976004
 20
303.0806646727315
 10
333.94244615422093
 20
303.1226229408944
 10
334.02661965041455
 20
303.1730745929402
 10
334.10544270155856
 20
303.23153375188
 10
334.17815619858146
 20
303.2974374240562
 10
334.24405987075767
 20
303.37015092107913
 10
334.30251902969746
 20
303.4489739722232
  0
LWPOLYLINE
  5
124
330
17
100
AcDbEntity
  8
0
100
AcDbPolyline
 90
24
 70
0
 10
295.48483239545055
 20
369.83676844468715
 10
295.48482153950556
 20
369.8366704260007
 10
296.48373872315335
 20
369.8368126047197
 10
302.4774557022008
 20
369.83766570747514
 10
302.4773735262986
 20
370.4150159708166
 10
308.47109050534607
 20
370.4158690735721
 10
308.47104941739497
 20
370.7045442052428
 10
308.4710083294438
 20
370.99321933691357
 10
308.47092615354154
 20
371.570569600255
 10
302.4772091744941
 20
371.56971649749954
 10
302.47729135039634
 20
370.9923662341581
 10
296.4835743713488
 20
370.9915131314026
 10
296.4834921954466
 20
371.5688633947441
 10
295.67538841394014
 20
371.5687483750384
 10
295.6753123479418
 20
371.5683656807755
 10
295.67509562136877
 20
371.5680412265761
 10
295.6530954679257
 20
371.54603480955393
 10
295.6529881558233
 20
371.5458741561473
 10
295.5037991535119
 20
371.1855549953464
 10
295.5037518657986
 20
371.18531708699066
 10
295.4845745307933
 20
370.9903218140583
 10
295.4846565573703
 20
370.4140206775562
 10
295.4847385839473
 20
369.83771954105396
 10
295.48483239545055
 20
369.83676844468715
  0
LWPOLYLINE
  5
125
330
17
100
AcDbEntity
  8
0
100
AcDbPolyline
 90
24
 70
0
 10
278.50250561010864
 20
370.41160355979474
 10
284.4962225891561
 20
370.4124566625502
 10
284.49630476505837
 20
369.83510639920877
 10
290.4900217441059
 20
369.8359595019642
 10
291.4889389277536
 20
369.83610168068316
 10
291.4889280439065
 20
369.83619969627534
 10
291.48902158466143
 20
369.83715081930853
 10
291.48893955808444
 20
370.4134519558107
 10
291.4888575315074
 20
370.98975309231287
 10
291.469624688822
 20
371.18474289819784
 10
291.46957733338627
 20
371.1849807930827
 10
291.32028576655614
 20
371.54525747040975
 10
291.3201784087256
 20
371.54541809326173
 10
291.29817199179746
 20
371.5674182466086
 10
291.2979551728722
 20
371.56774263910023
 10
291.2978789979371
 20
371.5681253116943
 10
290.48977521639915
 20
371.5680102919886
 10
290.48985739230136
 20
370.99066002864714
 10
284.4961404132539
 20
370.9898069258917
 10
284.4960582373517
 20
371.56715718923317
 10
278.50234125830417
 20
371.56630408647766
 10
278.50242343420643
 20
370.9889538231362
 10
278.50246452215754
 20
370.7002786914655
 10
278.50250561010864
 20
370.41160355979474
  0
LWPOLYLINE
  5
126
330
17
100
AcDbEntity
  8
0
100
AcDbPolyline
 90
7
 70
0
 10
89.90000000000003
 20
240.4000000000001
 10
90.09134171618257
 20
240.43806023374444
 10
90.2535533905933
 20
240.54644660940681
 10
90.36193976625567
 20
240.70865828381756
 10
90.4
 20
240.9
 10
90.4
 20
240.4
 10
89.90000000000003
 20
240.4000000000001
  0
LWPOLYLINE
  5
127
330
17
100
AcDbEntity
  8
0
100
AcDbPolyline
 90
7
 70
0
 10
374.07570560806465
 20
240.9
 10
374.07570560806465
 20
240.4
 10
373.57570560806465
 20
240.4
 10
373.7670473242472
 20
240.43806023374435
 10
373.92925899865793
 20
240.54644660940673
 10
374.0376453743203
 20
240.70865828381747
 10
374.07570560806465
 20
240.9
  0
LWPOLYLINE
  5
128
330
17
100
AcDbEntity
  8
0
100
AcDbPolyline
 90
6
 70
0
 10
308.4710520566732
 20
275.4871228841285
 10
308.47104941739497
 20
275.5045442052428
 10
308.4710056839724
 20
275.7932193365248
 10
308.47097366888426
 20
276.0045442052428
 10
308.47104941739497
 20
276.0045442052428
 10
308.4710520566732
 20
275.4871228841285
  0
LWPOLYLINE
  5
129
330
17
100
AcDbEntity
  8
0
100
AcDbPolyline
 90
4
 70
0
 10
198.8600140417631
 20
304.41992709516603
 10
198.85942173047096
 20
304.42052857762224
 10
198.86
 20
304.42
 10
198.8600140417631
 20
304.41992709516603
  0
LWPOLYLINE
  5
12A
330
17
100
AcDbEntity
  8
0
100
AcDbPolyline
 90
4
 70
0
 10
337.32582969160734
 20
304.4193583249464
 10
337.3205400261516
 20
304.4247298939388
 10
337.3257056080646
 20
304.42
 10
337.32582969160734
 20
304.4193583249464
  0
LWPOLYLINE
  5
12B
330
17
100
AcDbEntity
  8
0
100
AcDbPolyline
 90
6
 70
0
 10
170.0046561906697
 20
330.79574392550717
 10
169.9999236067067
 20
330.79574392550717
 10
169.99995626657747
 20
331.01132486871796
 10
170.0
 20
331.3
 10
170.0
 20
330.8000000000001
 10
170.0046561906697
 20
330.79574392550717
  0
LWPOLYLINE
  5
12C
330
17
100
AcDbEntity
  8
0
100
AcDbPolyline
 90
2
 70
0
 10
74.5
 20
130.0
 10
74.50000000000001
 20
129.5000000000001
  0
LWPOLYLINE
  5
12D
330
17
100
AcDbEntity
  8
0
100
AcDbPolyline
 90
2
 70
0
 10
60.00000000000001
 20
139.5
 10
60.00000000000001
 20
140.0
  0
LWPOLYLINE
  5
12E
330
17
100
AcDbEntity
  8
0
100
AcDbPolyline
 90
2
 70
0
 10
84.50000000000001
 20
120.50000000000017
 10
84.00000000000001
 20
120.50000000000017
  0
LWPOLYLINE
  5
12F
330
17
100
AcDbEntity
  8
0
100
AcDbPolyline
 90
2
 70
0
 10
59.49999999999999
 20
130.0
 10
59.49999999999999
 20
129.5
  0
LWPOLYLINE
  5
130
330
17
100
AcDbEntity
  8
0
100
AcDbPolyline
 90
2
 70
0
 10
74.90000000000002
 20
250.9000000000001
 10
74.90000000000002
 20
251.4000000000001
  0
LWPOLYLINE
  5
131
330
17
100
AcDbEntity
  8
0
100
AcDbPolyline
 90
2
 70
0
 10
89.89999999999993
 20
251.4
 10
89.89999999999993
 20
250.9
  0
LWPOLYLINE
  5
132
330
17
100
AcDbEntity
  8
0
100
AcDbPolyline
 90
2
 70
0
 10
89.4
 20
241.4
 10
89.40000000000002
 20
240.9000000000001
  0
LWPOLYLINE
  5
133
330
17
100
AcDbEntity
  8
0
100
AcDbPolyline
 90
2
 70
0
 10
65.39999999999998
 20
240.9
 10
64.89999999999998
 20
240.9
  0
LWPOLYLINE
  5
134
330
17
100
AcDbEntity
  8
0
100
AcDbPolyline
 90
2
 70
0
 10
99.40000000000002
 20
231.90000000000023
 10
98.90000000000002
 20
231.90000000000023
  0
LWPOLYLINE
  5
135
330
17
100
AcDbEntity
  8
0
100
AcDbPolyline
 90
2
 70
0
 10
74.39999999999999
 20
241.4
 10
74.39999999999999
 20
240.9
  0
LWPOLYLINE
  5
136
330
17
100
AcDbEntity
  8
0
100
AcDbPolyline
 90
2
 70
0
 10
363.9757056080645
 20
129.5
 10
363.4757056080645
 20
129.5
  0
LWPOLYLINE
  5
137
330
17
100
AcDbEntity
  8
0
100
AcDbPolyline
 90
2
 70
0
 10
363.47570560806463
 20
120.50000000000017
 10
363.97570560806463
 20
120.50000000000017
  0
LWPOLYLINE
  5
138
330
17
100
AcDbEntity
  8
0
100
AcDbPolyline
 90
2
 70
0
 10
373.97570560806463
 20
130.0
 10
373.97570560806463
 20
130.33333333333346
  0
LWPOLYLINE
  5
139
330
17
100
AcDbEntity
  8
0
100
AcDbPolyline
 90
2
 70
0
 10
388.47570560806463
 20
140.0
 10
388.47570560806463
 20
140.5
  0
LWPOLYLINE
  5
13A
330
17
100
AcDbEntity
  8
0
100
AcDbPolyline
 90
2
 70
0
 10
349.07570560806454
 20
240.9
 10
348.57570560806454
 20
240.9
  0
LWPOLYLINE
  5
13B
330
17
100
AcDbEntity
  8
0
100
AcDbPolyline
 90
2
 70
0
 10
348.5757056080646
 20
231.90000000000023
 10
349.0757056080646
 20
231.90000000000023
  0
LWPOLYLINE
  5
13C
330
17
100
AcDbEntity
  8
0
100
AcDbPolyline
 90
2
 70
0
 10
359.0757056080646
 20
241.4
 10
359.0757056080646
 20
241.73333333333343
  0
LWPOLYLINE
  5
13D
330
17
100
AcDbEntity
  8
0
100
AcDbPolyline
 90
2
 70
0
 10
373.5757056080646
 20
251.4000000000001
 10
373.5757056080646
 20
251.9000000000001
  0
LWPOLYLINE
  5
13E
330
17
100
AcDbEntity
  8
0
100
AcDbPolyline
 90
2
 70
0
 10
358.5757056080647
 20
251.4
 10
358.5757056080647
 20
251.7571428571429
  0
ENDSEC
  0
SECTION
  2
OBJECTS
  0
DICTIONARY
  5
A
330
0
100
AcDbDictionary
281
1
  3
ACAD_COLOR
350
B
  3
ACAD_GROUP
350
C
  3
ACAD_LAYOUT
350
D
  3
ACAD_MATERIAL
350
E
  3
ACAD_MLEADERSTYLE
350
F
  3
ACAD_MLINESTYLE
350
10
  3
ACAD_PLOTSETTINGS
350
11
  3
ACAD_PLOTSTYLENAME
350
12
  3
ACAD_SCALELIST
350
14
  3
ACAD_TABLESTYLE
350
15
  3
ACAD_VISUALSTYLE
350
16
  3
EZDXF_META
350
2D
  0
DICTIONARY
  5
B
330
A
100
AcDbDictionary
281
1
  0
DICTIONARY
  5
C
330
A
100
AcDbDictionary
281
1
  0
DICTIONARY
  5
D
330
A
100
AcDbDictionary
281
1
  3
Model
350
1A
  3
Layout1
350
1E
  0
DICTIONARY
  5
E
330
A
100
AcDbDictionary
281
1
  3
ByBlock
350
1F
  3
ByLayer
350
20
  3
Global
350
21
  0
DICTIONARY
  5
F
330
A
100
AcDbDictionary
281
1
  3
Standard
350
2C
  0
DICTIONARY
  5
10
330
A
100
AcDbDictionary
281
1
  3
Standard
350
22
  0
DICTIONARY
  5
11
330
A
100
AcDbDictionary
281
1
  0
ACDBDICTIONARYWDFLT
  5
12
330
A
100
AcDbDictionary
281
1
  3
Normal
350
13
100
AcDbDictionaryWithDefault
340
13
  0
ACDBPLACEHOLDER
  5
13
330
12
  0
DICTIONARY
  5
14
330
A
100
AcDbDictionary
281
1
  0
DICTIONARY
  5
15
330
A
100
AcDbDictionary
281
1
  0
DICTIONARY
  5
16
330
A
100
AcDbDictionary
281
1
  0
LAYOUT
  5
1A
330
D
100
AcDbPlotSettings
  1

  4
A3
  6

 40
7.5
 41
20.0
 42
7.5
 43
20.0
 44
420.0
 45
297.0
 46
0.0
 47
0.0
 48
0.0
 49
0.0
140
0.0
141
0.0
142
1.0
143
1.0
 70
1024
 72
1
 73
0
 74
5
  7

 75
16
 76
0
 77
2
 78
300
147
1.0
148
0.0
149
0.0
100
AcDbLayout
  1
Model
 70
1
 71
0
 10
0.0
 20
0.0
 11
420.0
 21
297.0
 12
0.0
 22
0.0
 32
0.0
 14
1e+20
 24
1e+20
 34
1e+20
 15
-1e+20
 25
-1e+20
 35
-1e+20
146
0.0
 13
0.0
 23
0.0
 33
0.0
 16
1.0
 26
0.0
 36
0.0
 17
0.0
 27
1.0
 37
0.0
 76
1
330
17
  0
LAYOUT
  5
1E
330
D
100
AcDbPlotSettings
  1

  4
A3
  6

 40
7.5
 41
20.0
 42
7.5
 43
20.0
 44
420.0
 45
297.0
 46
0.0
 47
0.0
 48
0.0
 49
0.0
140
0.0
141
0.0
142
1.0
143
1.0
 70
0
 72
1
 73
0
 74
5
  7

 75
16
 76
0
 77
2
 78
300
147
1.0
148
0.0
149
0.0
100
AcDbLayout
  1
Layout1
 70
1
 71
1
 10
0.0
 20
0.0
 11
420.0
 21
297.0
 12
0.0
 22
0.0
 32
0.0
 14
1e+20
 24
1e+20
 34
1e+20
 15
-1e+20
 25
-1e+20
 35
-1e+20
146
0.0
 13
0.0
 23
0.0
 33
0.0
 16
1.0
 26
0.0
 36
0.0
 17
0.0
 27
1.0
 37
0.0
 76
1
330
1B
  0
MATERIAL
  5
1F
102
{ACAD_REACTORS
330
E
102
}
330
E
100
AcDbMaterial
  1
ByBlock
  2

 70
0
 40
1.0
 71
1
 41
1.0
 91
-1023410177
 42
1.0
 72
1
  3

 73
1
 74
1
 75
1
 44
0.5
 73
0
 45
1.0
 46
1.0
 77
1
  4

 78
1
 79
1
170
1
 48
1.0
171
1
  6

172
1
173
1
174
1
140
1.0
141
1.0
175
1
  7

176
1
177
1
178
1
143
1.0
179
1
  8

270
1
271
1
272
1
145
1.0
146
1.0
273
1
  9

274
1
275
1
276
1
 42
1.0
 72
1
  3

 73
1
 74
1
 75
1
 94
63
  0
MATERIAL
  5
20
102
{ACAD_REACTORS
330
E
102
}
330
E
100
AcDbMaterial
  1
ByLayer
  2

 70
0
 40
1.0
 71
1
 41
1.0
 91
-1023410177
 42
1.0
 72
1
  3

 73
1
 74
1
 75
1
 44
0.5
 73
0
 45
1.0
 46
1.0
 77
1
  4

 78
1
 79
1
170
1
 48
1.0
171
1
  6

172
1
173
1
174
1
140
1.0
141
1.0
175
1
  7

176
1
177
1
178
1
143
1.0
179
1
  8

270
1
271
1
272
1
145
1.0
146
1.0
273
1
  9

274
1
275
1
276
1
 42
1.0
 72
1
  3

 73
1
 74
1
 75
1
 94
63
  0
MATERIAL
  5
21
102
{ACAD_REACTORS
330
E
102
}
330
E
100
AcDbMaterial
  1
Global
  2

 70
0
 40
1.0
 71
1
 41
1.0
 91
-1023410177
 42
1.0
 72
1
  3

 73
1
 74
1
 75
1
 44
0.5
 73
0
 45
1.0
 46
1.0
 77
1
  4

 78
1
 79
1
170
1
 48
1.0
171
1
  6

172
1
173
1
174
1
140
1.0
141
1.0
175
1
  7

176
1
177
1
178
1
143
1.0
179
1
  8

270
1
271
1
272
1
145
1.0
146
1.0
273
1
  9

274
1
275
1
276
1
 42
1.0
 72
1
  3

 73
1
 74
1
 75
1
 94
63
  0
MLINESTYLE
  5
22
102
{ACAD_REACTORS
330
10
102
}
330
10
100
AcDbMlineStyle
  2
Standard
 70
0
  3

 62
256
 51
90.0
 52
90.0
 71
2
 49
0.5
 62
256
  6
BYLAYER
 49
-0.5
 62
256
  6
BYLAYER
  0
MLEADERSTYLE
  5
2C
102
{ACAD_REACTORS
330
F
102
}
330
F
100
AcDbMLeaderStyle
179
2
170
2
171
1
172
0
 90
2
 40
0.0
 41
0.0
173
1
 91
-1056964608
 92
-2
290
1
 42
2.0
291
1
 43
8.0
  3
Standard
 44
4.0
300

342
29
174
1
175
1
176
0
178
1
 93
-1056964608
 45
4.0
292
0
297
0
 46
4.0
 94
-1056964608
 47
1.0
 49
1.0
140
1.0
294
1
141
0.0
177
0
142
1.0
295
0
296
0
143
3.75
271
0
272
9
273
9
  0
DICTIONARY
  5
2D
330
A
100
AcDbDictionary
280
1
281
1
  3
CREATED_BY_EZDXF
350
2E
  3
WRITTEN_BY_EZDXF
350
141
  0
DICTIONARYVAR
  5
2E
330
2D
100
DictionaryVariables
280
0
  1
1.4.2 @ 2025-11-21T22:57:03.159088+00:00
  0
DICTIONARYVAR
  5
141
330
2D
100
DictionaryVariables
280
0
  1
1.4.2 @ 2025-11-21T22:57:03.182575+00:00
  0
ENDSEC
  0
EOF
