  0
SECTION
  2
HEADER
  9
$ACADVER
  1
AC1024
  9
$ACADMAINTVER
 70
6
  9
$DWGCODEPAGE
  3
ANSI_1252
  9
$LASTSAVEDBY
  1
ezdxf
  9
$INSBASE
 10
0.0
 20
0.0
 30
0.0
  9
$EXTMIN
 10
1e+20
 20
1e+20
 30
1e+20
  9
$EXTMAX
 10
-1e+20
 20
-1e+20
 30
-1e+20
  9
$LIMMIN
 10
0.0
 20
0.0
  9
$LIMMAX
 10
420.0
 20
297.0
  9
$ORTHOMODE
 70
0
  9
$REGENMODE
 70
1
  9
$FILLMODE
 70
1
  9
$QTEXTMODE
 70
0
  9
$MIRRTEXT
 70
1
  9
$LTSCALE
 40
1.0
  9
$ATTMODE
 70
1
  9
$TEXTSIZE
 40
2.5
  9
$TRACEWID
 40
1.0
  9
$TEXTSTYLE
  7
Standard
  9
$CLAYER
  8
0
  9
$CELTYPE
  6
ByLayer
  9
$CECOLOR
 62
256
  9
$CELTSCALE
 40
1.0
  9
$DISPSILH
 70
0
  9
$DIMSCALE
 40
1.0
  9
$DIMASZ
 40
2.5
  9
$DIMEXO
 40
0.625
  9
$DIMDLI
 40
3.75
  9
$DIMRND
 40
0.0
  9
$DIMDLE
 40
0.0
  9
$DIMEXE
 40
1.25
  9
$DIMTP
 40
0.0
  9
$DIMTM
 40
0.0
  9
$DIMTXT
 40
2.5
  9
$DIMCEN
 40
2.5
  9
$DIMTSZ
 40
0.0
  9
$DIMTOL
 70
0
  9
$DIMLIM
 70
0
  9
$DIMTIH
 70
0
  9
$DIMTOH
 70
0
  9
$DIMSE1
 70
0
  9
$DIMSE2
 70
0
  9
$DIMTAD
 70
1
  9
$DIMZIN
 70
8
  9
$DIMBLK
  1

  9
$DIMASO
 70
1
  9
$DIMSHO
 70
1
  9
$DIMPOST
  1

  9
$DIMAPOST
  1

  9
$DIMALT
 70
0
  9
$DIMALTD
 70
3
  9
$DIMALTF
 40
0.03937007874
  9
$DIMLFAC
 40
1.0
  9
$DIMTOFL
 70
1
  9
$DIMTVP
 40
0.0
  9
$DIMTIX
 70
0
  9
$DIMSOXD
 70
0
  9
$DIMSAH
 70
0
  9
$DIMBLK1
  1

  9
$DIMBLK2
  1

  9
$DIMSTYLE
  2
ISO-25
  9
$DIMCLRD
 70
0
  9
$DIMCLRE
 70
0
  9
$DIMCLRT
 70
0
  9
$DIMTFAC
 40
1.0
  9
$DIMGAP
 40
0.625
  9
$DIMJUST
 70
0
  9
$DIMSD1
 70
0
  9
$DIMSD2
 70
0
  9
$DIMTOLJ
 70
0
  9
$DIMTZIN
 70
8
  9
$DIMALTZ
 70
0
  9
$DIMALTTZ
 70
0
  9
$DIMUPT
 70
0
  9
$DIMDEC
 70
2
  9
$DIMTDEC
 70
2
  9
$DIMALTU
 70
2
  9
$DIMALTTD
 70
3
  9
$DIMTXSTY
  7
Standard
  9
$DIMAUNIT
 70
0
  9
$DIMADEC
 70
0
  9
$DIMALTRND
 40
0.0
  9
$DIMAZIN
 70
0
  9
$DIMDSEP
 70
44
  9
$DIMATFIT
 70
3
  9
$DIMFRAC
 70
0
  9
$DIMLDRBLK
  1

  9
$DIMLUNIT
 70
2
  9
$DIMLWD
 70
-2
  9
$DIMLWE
 70
-2
  9
$DIMTMOVE
 70
0
  9
$DIMFXL
 40
1.0
  9
$DIMFXLON
 70
0
  9
$DIMJOGANG
 40
0.785398163397
  9
$DIMTFILL
 70
0
  9
$DIMTFILLCLR
 70
0
  9
$DIMARCSYM
 70
0
  9
$DIMLTYPE
  6

  9
$DIMLTEX1
  6

  9
$DIMLTEX2
  6

  9
$DIMTXTDIRECTION
 70
0
  9
$LUNITS
 70
2
  9
$LUPREC
 70
4
  9
$SKETCHINC
 40
1.0
  9
$FILLETRAD
 40
10.0
  9
$AUNITS
 70
0
  9
$AUPREC
 70
2
  9
$MENU
  1
.
  9
$ELEVATION
 40
0.0
  9
$PELEVATION
 40
0.0
  9
$THICKNESS
 40
0.0
  9
$LIMCHECK
 70
0
  9
$CHAMFERA
 40
0.0
  9
$CHAMFERB
 40
0.0
  9
$CHAMFERC
 40
0.0
  9
$CHAMFERD
 40
0.0
  9
$SKPOLY
 70
0
  9
$TDCREATE
 40
2461011.9479282405
  9
$TDUCREATE
 40
2458532.153996898
  9
$TDUPDATE
 40
2461011.9479282405
  9
$TDUUPDATE
 40
2458532.1544311
  9
$TDINDWG
 40
0.0
  9
$TDUSRTIMER
 40
0.0
  9
$USRTIMER
 70
1
  9
$ANGBASE
 50
0.0
  9
$ANGDIR
 70
0
  9
$PDMODE
 70
0
  9
$PDSIZE
 40
0.0
  9
$PLINEWID
 40
0.0
  9
$SPLFRAME
 70
0
  9
$SPLINETYPE
 70
6
  9
$SPLINESEGS
 70
8
  9
$HANDSEED
  5
13A
  9
$SURFTAB1
 70
6
  9
$SURFTAB2
 70
6
  9
$SURFTYPE
 70
6
  9
$SURFU
 70
6
  9
$SURFV
 70
6
  9
$UCSBASE
  2

  9
$UCSNAME
  2

  9
$UCSORG
 10
0.0
 20
0.0
 30
0.0
  9
$UCSXDIR
 10
1.0
 20
0.0
 30
0.0
  9
$UCSYDIR
 10
0.0
 20
1.0
 30
0.0
  9
$UCSORTHOREF
  2

  9
$UCSORTHOVIEW
 70
0
  9
$UCSORGTOP
 10
0.0
 20
0.0
 30
0.0
  9
$UCSORGBOTTOM
 10
0.0
 20
0.0
 30
0.0
  9
$UCSORGLEFT
 10
0.0
 20
0.0
 30
0.0
  9
$UCSORGRIGHT
 10
0.0
 20
0.0
 30
0.0
  9
$UCSORGFRONT
 10
0.0
 20
0.0
 30
0.0
  9
$UCSORGBACK
 10
0.0
 20
0.0
 30
0.0
  9
$PUCSBASE
  2

  9
$PUCSNAME
  2

  9
$PUCSORG
 10
0.0
 20
0.0
 30
0.0
  9
$PUCSXDIR
 10
1.0
 20
0.0
 30
0.0
  9
$PUCSYDIR
 10
0.0
 20
1.0
 30
0.0
  9
$PUCSORTHOREF
  2

  9
$PUCSORTHOVIEW
 70
0
  9
$PUCSORGTOP
 10
0.0
 20
0.0
 30
0.0
  9
$PUCSORGBOTTOM
 10
0.0
 20
0.0
 30
0.0
  9
$PUCSORGLEFT
 10
0.0
 20
0.0
 30
0.0
  9
$PUCSORGRIGHT
 10
0.0
 20
0.0
 30
0.0
  9
$PUCSORGFRONT
 10
0.0
 20
0.0
 30
0.0
  9
$PUCSORGBACK
 10
0.0
 20
0.0
 30
0.0
  9
$USERI1
 70
0
  9
$USERI2
 70
0
  9
$USERI3
 70
0
  9
$USERI4
 70
0
  9
$USERI5
 70
0
  9
$USERR1
 40
0.0
  9
$USERR2
 40
0.0
  9
$USERR3
 40
0.0
  9
$USERR4
 40
0.0
  9
$USERR5
 40
0.0
  9
$WORLDVIEW
 70
1
  9
$SHADEDGE
 70
3
  9
$SHADEDIF
 70
70
  9
$TILEMODE
 70
1
  9
$MAXACTVP
 70
64
  9
$PINSBASE
 10
0.0
 20
0.0
 30
0.0
  9
$PLIMCHECK
 70
0
  9
$PEXTMIN
 10
1e+20
 20
1e+20
 30
1e+20
  9
$PEXTMAX
 10
-1e+20
 20
-1e+20
 30
-1e+20
  9
$PLIMMIN
 10
0.0
 20
0.0
  9
$PLIMMAX
 10
420.0
 20
297.0
  9
$UNITMODE
 70
0
  9
$VISRETAIN
 70
1
  9
$PLINEGEN
 70
0
  9
$PSLTSCALE
 70
1
  9
$TREEDEPTH
 70
3020
  9
$CMLSTYLE
  2
Standard
  9
$CMLJUST
 70
0
  9
$CMLSCALE
 40
20.0
  9
$PROXYGRAPHICS
 70
1
  9
$MEASUREMENT
 70
1
  9
$CELWEIGHT
370
-1
  9
$ENDCAPS
280
0
  9
$JOINSTYLE
280
0
  9
$LWDISPLAY
290
0
  9
$INSUNITS
 70
6
  9
$HYPERLINKBASE
  1

  9
$STYLESHEET
  1

  9
$XEDIT
290
1
  9
$CEPSNTYPE
380
0
  9
$PSTYLEMODE
290
1
  9
$FINGERPRINTGUID
  2
{C77E97FE-0437-4A10-B2E5-8DB7F5AA9A96}
  9
$VERSIONGUID
  2
{A5696EC5-07C3-4783-82F8-3CBC16E17D7D}
  9
$EXTNAMES
290
1
  9
$PSVPSCALE
 40
0.0
  9
$OLESTARTUP
290
0
  9
$SORTENTS
280
127
  9
$INDEXCTL
280
0
  9
$HIDETEXT
280
1
  9
$XCLIPFRAME
280
1
  9
$HALOGAP
280
0
  9
$OBSCOLOR
 70
257
  9
$OBSLTYPE
280
0
  9
$INTERSECTIONDISPLAY
280
0
  9
$INTERSECTIONCOLOR
 70
257
  9
$DIMASSOC
280
2
  9
$PROJECTNAME
  1

  9
$CAMERADISPLAY
290
0
  9
$LENSLENGTH
 40
50.0
  9
$CAMERAHEIGHT
 40
0.0
  9
$STEPSPERSEC
 40
24.0
  9
$STEPSIZE
 40
100.0
  9
$3DDWFPREC
 40
2.0
  9
$PSOLWIDTH
 40
0.005
  9
$PSOLHEIGHT
 40
0.08
  9
$LOFTANG1
 40
1.570796326795
  9
$LOFTANG2
 40
1.570796326795
  9
$LOFTMAG1
 40
0.0
  9
$LOFTMAG2
 40
0.0
  9
$LOFTPARAM
 70
7
  9
$LOFTNORMALS
280
1
  9
$LATITUDE
 40
37.795
  9
$LONGITUDE
 40
-122.394
  9
$NORTHDIRECTION
 40
0.0
  9
$TIMEZONE
 70
-8000
  9
$LIGHTGLYPHDISPLAY
280
1
  9
$TILEMODELIGHTSYNCH
280
1
  9
$CMATERIAL
347
20
  9
$SOLIDHIST
280
0
  9
$SHOWHIST
280
1
  9
$DWFFRAME
280
2
  9
$DGNFRAME
280
2
  9
$REALWORLDSCALE
290
1
  9
$INTERFERECOLOR
 62
256
  9
$CSHADOW
280
0
  9
$SHADOWPLANELOCATION
 40
0.0
  0
ENDSEC
  0
SECTION
  2
CLASSES
  0
CLASS
  1
ACDBDICTIONARYWDFLT
  2
AcDbDictionaryWithDefault
  3
ObjectDBX Classes
 90
0
 91
0
280
0
281
0
  0
CLASS
  1
SUN
  2
AcDbSun
  3
SCENEOE
 90
1153
 91
0
280
0
281
0
  0
CLASS
  1
VISUALSTYLE
  2
AcDbVisualStyle
  3
ObjectDBX Classes
 90
4095
 91
0
280
0
281
0
  0
CLASS
  1
MATERIAL
  2
AcDbMaterial
  3
ObjectDBX Classes
 90
1153
 91
0
280
0
281
0
  0
CLASS
  1
SCALE
  2
AcDbScale
  3
ObjectDBX Classes
 90
1153
 91
0
280
0
281
0
  0
CLASS
  1
TABLESTYLE
  2
AcDbTableStyle
  3
ObjectDBX Classes
 90
4095
 91
0
280
0
281
0
  0
CLASS
  1
MLEADERSTYLE
  2
AcDbMLeaderStyle
  3
ACDB_MLEADERSTYLE_CLASS
 90
4095
 91
0
280
0
281
0
  0
CLASS
  1
DICTIONARYVAR
  2
AcDbDictionaryVar
  3
ObjectDBX Classes
 90
0
 91
0
280
0
281
0
  0
CLASS
  1
CELLSTYLEMAP
  2
AcDbCellStyleMap
  3
ObjectDBX Classes
 90
1152
 91
0
280
0
281
0
  0
CLASS
  1
MENTALRAYRENDERSETTINGS
  2
AcDbMentalRayRenderSettings
  3
SCENEOE
 90
1024
 91
0
280
0
281
0
  0
CLASS
  1
ACDBDETAILVIEWSTYLE
  2
AcDbDetailViewStyle
  3
ObjectDBX Classes
 90
1025
 91
0
280
0
281
0
  0
CLASS
  1
ACDBSECTIONVIEWSTYLE
  2
AcDbSectionViewStyle
  3
ObjectDBX Classes
 90
1025
 91
0
280
0
281
0
  0
CLASS
  1
RASTERVARIABLES
  2
AcDbRasterVariables
  3
ISM
 90
0
 91
0
280
0
281
0
  0
CLASS
  1
LAYOUT
  2
AcDbLayout
  3
ObjectDBX Classes
 90
0
 91
0
280
0
281
0
  0
CLASS
  1
ACDBPLACEHOLDER
  2
AcDbPlaceHolder
  3
ObjectDBX Classes
 90
0
 91
0
280
0
281
0
  0
ENDSEC
  0
SECTION
  2
TABLES
  0
TABLE
  2
VPORT
  5
8
330
0
100
AcDbSymbolTable
 70
1
  0
VPORT
  5
23
330
8
100
AcDbSymbolTableRecord
100
AcDbViewportTableRecord
  2
*Active
 70
0
 10
0.0
 20
0.0
 11
1.0
 21
1.0
 12
0.0
 22
0.0
 13
0.0
 23
0.0
 14
0.5
 24
0.5
 15
0.5
 25
0.5
 16
0.0
 26
0.0
 36
1.0
 17
0.0
 27
0.0
 37
0.0
 40
1000.0
 41
1.34
 42
50.0
 43
0.0
 44
0.0
 50
0.0
 51
0.0
 71
0
 72
1000
 73
1
 74
3
 75
0
 76
0
 77
0
 78
0
281
0
 65
0
146
0.0
  0
ENDTAB
  0
TABLE
  2
LTYPE
  5
2
330
0
100
AcDbSymbolTable
 70
3
  0
LTYPE
  5
24
330
2
100
AcDbSymbolTableRecord
100
AcDbLinetypeTableRecord
  2
ByBlock
 70
0
  3

 72
65
 73
0
 40
0.0
  0
LTYPE
  5
25
330
2
100
AcDbSymbolTableRecord
100
AcDbLinetypeTableRecord
  2
ByLayer
 70
0
  3

 72
65
 73
0
 40
0.0
  0
LTYPE
  5
26
330
2
100
AcDbSymbolTableRecord
100
AcDbLinetypeTableRecord
  2
Continuous
 70
0
  3

 72
65
 73
0
 40
0.0
  0
ENDTAB
  0
TABLE
  2
LAYER
  5
1
330
0
100
AcDbSymbolTable
 70
2
  0
LAYER
  5
27
330
1
100
AcDbSymbolTableRecord
100
AcDbLayerTableRecord
  2
0
 70
0
 62
7
  6
Continuous
370
-3
390
13
347
21
  0
LAYER
  5
28
330
1
100
AcDbSymbolTableRecord
100
AcDbLayerTableRecord
  2
Defpoints
 70
0
 62
7
  6
Continuous
290
0
370
-3
390
13
347
21
  0
ENDTAB
  0
TABLE
  2
STYLE
  5
5
330
0
100
AcDbSymbolTable
 70
1
  0
STYLE
  5
29
330
5
100
AcDbSymbolTableRecord
100
AcDbTextStyleTableRecord
  2
Standard
 70
0
 40
0.0
 41
1.0
 50
0.0
 71
0
 42
2.5
  3
txt
  4

  0
ENDTAB
  0
TABLE
  2
VIEW
  5
7
330
0
100
AcDbSymbolTable
 70
0
  0
ENDTAB
  0
TABLE
  2
UCS
  5
6
330
0
100
AcDbSymbolTable
 70
0
  0
ENDTAB
  0
TABLE
  2
APPID
  5
3
330
0
100
AcDbSymbolTable
 70
3
  0
APPID
  5
2A
330
3
100
AcDbSymbolTableRecord
100
AcDbRegAppTableRecord
  2
ACAD
 70
0
  0
APPID
  5
137
330
3
100
AcDbSymbolTableRecord
100
AcDbRegAppTableRecord
  2
HATCHBACKGROUNDCOLOR
 70
0
  0
APPID
  5
138
330
3
100
AcDbSymbolTableRecord
100
AcDbRegAppTableRecord
  2
EZDXF
 70
0
  0
ENDTAB
  0
TABLE
  2
DIMSTYLE
  5
4
330
0
100
AcDbSymbolTable
 70
1
100
AcDbDimStyleTable
  0
DIMSTYLE
105
2B
330
4
100
AcDbSymbolTableRecord
100
AcDbDimStyleTableRecord
  2
Standard
 70
0
 40
1.0
 41
2.5
 42
0.625
 43
3.75
 44
1.25
 45
0.0
 46
0.0
 47
0.0
 48
0.0
 49
2.5
140
2.5
141
2.5
142
0.0
143
0.03937007874
144
1.0
145
0.0
146
1.0
147
0.625
148
0.0
 69
0
 70
0
 71
0
 72
0
 73
0
 74
0
 75
0
 76
0
 77
1
 78
8
 79
3
170
0
171
3
172
1
173
0
174
0
175
0
176
0
177
0
178
0
179
2
271
2
272
2
273
2
274
3
275
0
276
0
277
2
278
44
279
0
280
0
281
0
282
0
283
0
284
8
285
0
286
0
288
0
289
3
290
0
371
-2
372
-2
  0
ENDTAB
  0
TABLE
  2
BLOCK_RECORD
  5
9
330
0
100
AcDbSymbolTable
 70
2
  0
BLOCK_RECORD
  5
17
330
9
100
AcDbSymbolTableRecord
100
AcDbBlockTableRecord
  2
*Model_Space
340
1A
 70
0
280
1
281
0
  0
BLOCK_RECORD
  5
1B
330
9
100
AcDbSymbolTableRecord
100
AcDbBlockTableRecord
  2
*Paper_Space
340
1E
 70
0
280
1
281
0
  0
ENDTAB
  0
ENDSEC
  0
SECTION
  2
BLOCKS
  0
BLOCK
  5
18
330
17
100
AcDbEntity
  8
0
100
AcDbBlockBegin
  2
*Model_Space
 70
0
 10
0.0
 20
0.0
 30
0.0
  3
*Model_Space
  1

  0
ENDBLK
  5
19
330
17
100
AcDbEntity
  8
0
100
AcDbBlockEnd
  0
BLOCK
  5
1C
330
1B
100
AcDbEntity
  8
0
100
AcDbBlockBegin
  2
*Paper_Space
 70
0
 10
0.0
 20
0.0
 30
0.0
  3
*Paper_Space
  1

  0
ENDBLK
  5
1D
330
1B
100
AcDbEntity
  8
0
100
AcDbBlockEnd
  0
ENDSEC
  0
SECTION
  2
ENTITIES
  0
LWPOLYLINE
  5
2F
330
17
100
AcDbEntity
  8
0
100
AcDbPolyline
 90
7
 70
0
 10
170.00505934947444
 20
119.60049079261641
 10
170.00505650384565
 20
119.32453861545316
 10
169.66013342192596
 20
119.32454217231236
 10
169.9590586781306
 20
119.51632489144593
 10
169.98363272314342
 20
119.53863533708568
 10
169.9995508135898
 20
119.56776013870692
 10
170.00505934947444
 20
119.60049079261641
  0
LWPOLYLINE
  5
30
330
17
100
AcDbEntity
  8
0
100
AcDbPolyline
 90
7
 70
0
 10
75.19134171618256
 20
129.03806023374446
 10
75.35355339059329
 20
129.14644660940684
 10
75.46193976625567
 20
129.30865828381758
 10
75.49999999999999
 20
129.5
 10
75.5
 20
129.0
 10
75.00000000000003
 20
129.0000000000001
 10
75.19134171618256
 20
129.03806023374446
  0
LWPOLYLINE
  5
31
330
17
100
AcDbEntity
  8
0
100
AcDbPolyline
 90
5
 70
0
 10
221.73785280403231
 20
399.15785280403236
 10
221.73785280403231
 20
52.54214719596769
 10
25.122147195967695
 20
52.54214719596769
 10
25.122147195967695
 20
399.15785280403236
 10
221.73785280403231
 20
399.15785280403236
  0
LWPOLYLINE
  5
32
330
17
100
AcDbEntity
  8
0
100
AcDbPolyline
 90
25
 70
0
 10
59.49999999999999
 20
129.5
 10
59.538060233744346
 20
129.30865828381746
 10
59.646446609406716
 20
129.14644660940672
 10
59.808658283817444
 20
129.03806023374435
 10
59.99999999999999
 20
129.0
 10
60.191341716182535
 20
129.03806023374435
 10
60.35355339059326
 20
129.14644660940672
 10
60.46193976625563
 20
129.30865828381746
 10
60.49999999999999
 20
129.5
 10
63.3
 20
129.5
 10
63.3
 20
130.0
 10
60.49999999999999
 20
130.0
 10
60.49999999999999
 20
130.99889667002427
 10
60.30605658539291
 20
130.97979491094554
 10
60.305818683770134
 20
130.97974758937056
 10
60.000382683432356
 20
130.85323185559326
 10
59.99999999999999
 20
130.85315573512577
 10
59.99961731656763
 20
130.85323185559326
 10
59.69418131622985
 20
130.97974758937056
 10
59.69394341460708
 20
130.97979491094554
 10
59.49999999999999
 20
130.99889667002427
 10
59.49999999999999
 20
130.0
 10
57.69999999999999
 20
130.0
 10
57.69999999999999
 20
129.5
 10
59.49999999999999
 20
129.5
  0
LWPOLYLINE
  5
33
330
17
100
AcDbEntity
  8
0
100
AcDbPolyline
 90
5
 70
0
 10
59.99999999999999
 20
127.3
 10
60.49999999999999
 20
127.3
 10
60.49999999999999
 20
129.0
 10
59.99999999999999
 20
129.0
 10
59.99999999999999
 20
127.3
  0
LWPOLYLINE
  5
34
330
17
100
AcDbEntity
  8
0
100
AcDbPolyline
 90
15
 70
0
 10
59.49999999999999
 20
127.3
 10
59.49999999999999
 20
125.6
 10
59.49999999999999
 20
125.39999999999999
 10
59.49999999999999
 20
124.60000000000001
 10
59.49999999999999
 20
123.9
 10
59.49999999999999
 20
122.2
 10
59.99999999999999
 20
122.2
 10
59.99999999999999
 20
123.9
 10
60.49999999999999
 20
123.9
 10
60.49999999999999
 20
124.60000000000001
 10
60.49999999999999
 20
125.39999999999999
 10
60.49999999999999
 20
125.6
 10
59.99999999999999
 20
125.6
 10
59.99999999999999
 20
127.3
 10
59.49999999999999
 20
127.3
  0
LWPOLYLINE
  5
35
330
17
100
AcDbEntity
  8
0
100
AcDbPolyline
 90
5
 70
0
 10
60.0
 20
120.5
 10
60.49999999999999
 20
120.5
 10
60.49999999999999
 20
122.2
 10
59.99999999999999
 20
122.2
 10
60.0
 20
120.5
  0
LWPOLYLINE
  5
36
330
17
100
AcDbEntity
  8
0
100
AcDbPolyline
 90
12
 70
0
 10
59.001103329975734
 20
120.5
 10
59.02020508904754
 20
120.30605658542773
 10
59.020252410622476
 20
120.3058186838052
 10
59.169492696669046
 20
119.94552076117225
 10
59.16960003163653
 20
119.94536012304138
 10
59.44536012305816
 20
119.66960003162531
 10
59.445520761189044
 20
119.66949269665781
 10
59.80581868377014
 20
119.52025241062945
 10
59.806056585392774
 20
119.52020508905449
 10
60.0
 20
119.50110332997573
 10
60.0
 20
120.5
 10
59.001103329975734
 20
120.5
  0
LWPOLYLINE
  5
37
330
17
100
AcDbEntity
  8
0
100
AcDbPolyline
 90
14
 70
0
 10
66.1
 20
130.0
 10
66.1
 20
129.5
 10
66.95315573512374
 20
129.5
 10
66.95323185559124
 20
129.50038268343238
 10
67.07974758937195
 20
129.80581868377712
 10
67.0797949109469
 20
129.8060565853997
 10
67.099
 20
130.00104912684978
 10
67.099
 20
130.49895087315022
 10
67.09890632386997
 20
130.49990198285965
 10
67.09891719376613
 20
130.5
 10
66.1
 20
130.5
 10
63.3
 20
130.5
 10
63.3
 20
130.0
 10
66.1
 20
130.0
  0
LWPOLYLINE
  5
38
330
17
100
AcDbEntity
  8
0
100
AcDbPolyline
 90
26
 70
0
 10
55.899999999999984
 20
129.5
 10
55.899999999999984
 20
130.0
 10
55.39999999999999
 20
130.0
 10
55.0468442648828
 20
130.0
 10
55.04676814441532
 20
129.99961731656762
 10
55.0009238795325
 20
129.88893947053043
 10
55.00070710678117
 20
129.88861504718162
 10
55.00038268343235
 20
129.8883982744303
 10
54.999999999999986
 20
129.8883221539628
 10
54.99961731656762
 20
129.8883982744303
 10
54.9992928932188
 20
129.88861504718162
 10
54.99907612046747
 20
129.88893947053043
 10
54.95323185558465
 20
129.99961731656762
 10
54.953155735117164
 20
130.0
 10
54.599999999999994
 20
130.0
 10
54.09999999999998
 20
130.0
 10
54.09999999999998
 20
129.5
 10
52.299999999999976
 20
129.5
 10
52.299999999999976
 20
129.0
 10
54.09999999999998
 20
129.0
 10
54.599999999999994
 20
129.0
 10
55.39999999999999
 20
129.0
 10
55.899999999999984
 20
129.0
 10
57.69999999999999
 20
129.0
 10
57.69999999999999
 20
129.5
 10
55.899999999999984
 20
129.5
  0
LWPOLYLINE
  5
39
330
17
100
AcDbEntity
  8
0
100
AcDbPolyline
 90
25
 70
0
 10
52.299999999999976
 20
130.0
 10
50.49999999999997
 20
130.0
 10
50.49999999999998
 20
130.99889667002427
 10
50.30605658539289
 20
130.97979491094554
 10
50.30581868377011
 20
130.97974758937056
 10
49.945520761189016
 20
130.83050730334216
 10
49.9453601230581
 20
130.83039996837465
 10
49.66960003164779
 20
130.55463987697547
 10
49.66949269668025
 20
130.55447923884455
 10
49.60405134823269
 20
130.39648984788235
 10
49.60383457548136
 20
130.39616542453354
 10
49.603510152132536
 20
130.39594865178222
 10
49.445520761189016
 20
130.33050730334216
 10
49.4453601230581
 20
130.33039996837465
 10
49.16960003164779
 20
130.05463987697547
 10
49.16949269668025
 20
130.05447923884455
 10
49.020252410621055
 20
129.69418131618778
 10
49.02020508904613
 20
129.69394341456533
 10
49.001103329975706
 20
129.5
 10
49.99999999999997
 20
129.5
 10
49.999999999999986
 20
127.69999999999999
 10
50.499999999999986
 20
127.7
 10
50.49999999999997
 20
129.5
 10
52.299999999999976
 20
129.5
 10
52.299999999999976
 20
130.0
  0
LWPOLYLINE
  5
3A
330
17
100
AcDbEntity
  8
0
100
AcDbPolyline
 90
26
 70
0
 10
50.50000000000001
 20
125.9
 10
50.00000000000001
 20
125.89999999999999
 10
50.00000000000001
 20
125.39999999999999
 10
50.00000000000001
 20
125.04684426487421
 10
50.00038268343237
 20
125.04676814440671
 10
50.11106052944841
 20
125.00092387953251
 10
50.11138495279723
 20
125.00070710678119
 10
50.11160172554856
 20
125.00038268343236
 10
50.11167784601604
 20
125.0
 10
50.11160172554856
 20
124.99961731656764
 10
50.11138495279723
 20
124.99929289321881
 10
50.11106052944841
 20
124.99907612046749
 10
50.00038268343238
 20
124.95323185559327
 10
50.000000000000014
 20
124.95315573512578
 10
50.000000000000014
 20
124.60000000000001
 10
50.00000000000002
 20
124.1
 10
50.50000000000002
 20
124.1
 10
50.50000000000004
 20
122.3
 10
51.00000000000004
 20
122.30000000000001
 10
51.00000000000002
 20
124.10000000000001
 10
51.00000000000002
 20
124.60000000000001
 10
51.000000000000014
 20
125.39999999999999
 10
51.00000000000001
 20
125.9
 10
50.999999999999986
 20
127.7
 10
50.499999999999986
 20
127.7
 10
50.50000000000001
 20
125.9
  0
LWPOLYLINE
  5
3B
330
17
100
AcDbEntity
  8
0
100
AcDbPolyline
 90
25
 70
0
 10
50.00000000000004
 20
122.3
 10
50.00000000000006
 20
120.5
 10
49.00110332997579
 20
120.5
 10
49.0202050890476
 20
120.30605658542773
 10
49.02025241062253
 20
120.3058186838052
 10
49.1694926966691
 20
119.94552076117225
 10
49.169600031636584
 20
119.94536012304138
 10
49.445360123058215
 20
119.66960003162531
 10
49.4455207611891
 20
119.66949269665781
 10
49.8058186837702
 20
119.52025241062945
 10
49.80605658539283
 20
119.52020508905449
 10
50.001049126849836
 20
119.50099999999999
 10
50.49895087315028
 20
119.50099999999999
 10
50.69394341460728
 20
119.52020508905449
 10
50.694181316229916
 20
119.52025241062945
 10
51.05447923881101
 20
119.66949269665781
 10
51.0546398769419
 20
119.66960003162531
 10
51.33039996836353
 20
119.94536012304138
 10
51.33050730333101
 20
119.94552076117225
 10
51.47974758937758
 20
120.3058186838052
 10
51.47979491095251
 20
120.30605658542773
 10
51.49889667002432
 20
120.5
 10
50.50000000000006
 20
120.5
 10
50.50000000000004
 20
122.3
 10
50.00000000000004
 20
122.3
  0
LWPOLYLINE
  5
3C
330
17
100
AcDbEntity
  8
0
100
AcDbPolyline
 90
14
 70
0
 10
67.90109367613003
 20
130.49990198285965
 10
67.901
 20
130.49895087315022
 10
67.901
 20
130.00104912684978
 10
67.9202050890531
 20
129.8060565853997
 10
67.92025241062805
 20
129.80581868377712
 10
68.04676814440876
 20
129.50038268343238
 10
68.04684426487626
 20
129.5
 10
68.9
 20
129.5
 10
68.9
 20
130.0
 10
71.7
 20
130.0
 10
71.7
 20
130.5
 10
68.9
 20
130.5
 10
67.90108280623387
 20
130.5
 10
67.90109367613003
 20
130.49990198285965
  0
LWPOLYLINE
  5
3D
330
17
100
AcDbEntity
  8
0
100
AcDbPolyline
 90
27
 70
0
 10
71.7
 20
129.5
 10
74.50000000000001
 20
129.5000000000001
 10
74.53806023374437
 20
129.30865828381755
 10
74.64644660940675
 20
129.14644660940684
 10
74.80865828381748
 20
129.03806023374446
 10
75.00000000000003
 20
129.0000000000001
 10
75.0
 20
127.3000000000001
 10
75.5
 20
127.3000000000001
 10
75.5
 20
129.0
 10
77.30000000000001
 20
129.0
 10
77.30000000000001
 20
129.5
 10
75.49999999999999
 20
129.5
 10
75.49999999999997
 20
130.49889667002427
 10
75.36000965991006
 20
130.48510882497078
 10
75.35959020330444
 20
130.48515707956795
 10
75.3592280504677
 20
130.48537414562475
 10
75.35898776323721
 20
130.48572132626506
 10
75.33050730333656
 20
130.55447923881937
 10
75.33039996836905
 20
130.5546398769503
 10
75.05463987693342
 20
130.8303999683803
 10
75.0544792388026
 20
130.83050730334776
 10
74.69418131622987
 20
130.97974758937056
 10
74.6939434146071
 20
130.97979491094554
 10
74.49999999999999
 20
130.99889667002427
 10
74.5
 20
130.0
 10
71.7
 20
130.0
 10
71.7
 20
129.5
  0
LWPOLYLINE
  5
3E
330
17
100
AcDbEntity
  8
0
100
AcDbPolyline
 90
15
 70
0
 10
74.5
 20
127.3000000000001
 10
74.5
 20
125.60000000000007
 10
74.50000000000001
 20
125.39999999999999
 10
74.50000000000001
 20
124.60000000000001
 10
74.5
 20
123.90000000000005
 10
74.5
 20
122.20000000000002
 10
75.0
 20
122.20000000000002
 10
75.0
 20
123.90000000000005
 10
75.5
 20
123.90000000000005
 10
75.49999999999999
 20
124.60000000000001
 10
75.49999999999999
 20
125.39999999999999
 10
75.5
 20
125.60000000000007
 10
75.0
 20
125.60000000000007
 10
75.0
 20
127.3000000000001
 10
74.5
 20
127.3000000000001
  0
LWPOLYLINE
  5
3F
330
17
100
AcDbEntity
  8
0
100
AcDbPolyline
 90
18
 70
0
 10
75.0
 20
120.5
 10
75.0
 20
119.50108280623397
 10
75.00009801714035
 20
119.50109367613013
 10
75.00104912684976
 20
119.50100000000009
 10
75.49895087315022
 20
119.50100000000009
 10
75.69394341460725
 20
119.52020508905458
 10
75.69418131622987
 20
119.52025241062955
 10
76.05447923880254
 20
119.6694926966523
 10
76.05463987693342
 20
119.66960003161978
 10
76.33039996838032
 20
119.94536012306668
 10
76.3305073033478
 20
119.94552076119756
 10
76.47974758937055
 20
120.30581868377023
 10
76.47979491094551
 20
120.30605658539285
 10
76.49889667002427
 20
120.50000000000011
 10
75.5
 20
120.5000000000001
 10
75.5
 20
122.20000000000002
 10
75.0
 20
122.20000000000002
 10
75.0
 20
120.5
  0
LWPOLYLINE
  5
40
330
17
100
AcDbEntity
  8
0
100
AcDbPolyline
 90
26
 70
0
 10
79.10000000000004
 20
129.5
 10
79.10000000000004
 20
129.0
 10
79.60000000000001
 20
129.0
 10
79.95315573512379
 20
129.0
 10
79.95323185559128
 20
129.00038268343238
 10
79.99907612046754
 20
129.11106052945283
 10
79.99929289321886
 20
129.11138495280164
 10
79.99961731656768
 20
129.11160172555296
 10
80.00000000000004
 20
129.11167784602046
 10
80.0003826834324
 20
129.11160172555296
 10
80.00070710678122
 20
129.11138495280164
 10
80.00092387953255
 20
129.11106052945283
 10
80.0467681444088
 20
129.00038268343238
 10
80.0468442648763
 20
129.0
 10
80.39999999999999
 20
129.0
 10
80.90000000000005
 20
129.0
 10
80.90000000000005
 20
129.5
 10
82.70000000000007
 20
129.5
 10
82.70000000000007
 20
130.0
 10
80.90000000000005
 20
130.0
 10
80.39999999999999
 20
130.0
 10
79.60000000000001
 20
130.0
 10
79.10000000000004
 20
130.0
 10
77.30000000000001
 20
130.0
 10
77.30000000000001
 20
129.5
 10
79.10000000000004
 20
129.5
  0
LWPOLYLINE
  5
41
330
17
100
AcDbEntity
  8
0
100
AcDbPolyline
 90
9
 70
0
 10
82.70000000000007
 20
129.0
 10
84.0000000000001
 20
129.0
 10
84.00000000000009
 20
127.70000000000005
 10
84.50000000000009
 20
127.70000000000003
 10
84.5000000000001
 20
129.0
 10
84.50000000000003
 20
129.5000000000002
 10
84.0000000000001
 20
129.5
 10
82.70000000000007
 20
129.5
 10
82.70000000000007
 20
129.0
  0
LWPOLYLINE
  5
42
330
17
100
AcDbEntity
  8
0
100
AcDbPolyline
 90
26
 70
0
 10
84.50000000000007
 20
125.90000000000006
 10
84.00000000000007
 20
125.90000000000008
 10
84.00000000000007
 20
125.39999999999999
 10
84.00000000000007
 20
125.04684426487246
 10
84.00038268343243
 20
125.04676814440496
 10
84.11106052944558
 20
125.00092387953259
 10
84.11138495279441
 20
125.00070710678128
 10
84.11160172554573
 20
125.00038268343245
 10
84.11167784601322
 20
125.00000000000009
 10
84.11160172554573
 20
124.99961731656772
 10
84.11138495279441
 20
124.9992928932189
 10
84.11106052944558
 20
124.99907612046758
 10
84.00038268343242
 20
124.95323185559522
 10
84.00000000000006
 20
124.95315573512772
 10
84.00000000000006
 20
124.60000000000001
 10
84.00000000000004
 20
124.10000000000011
 10
84.50000000000004
 20
124.10000000000011
 10
84.50000000000003
 20
122.30000000000014
 10
85.00000000000003
 20
122.30000000000013
 10
85.00000000000004
 20
124.1000000000001
 10
85.00000000000004
 20
124.60000000000001
 10
85.00000000000006
 20
125.39999999999999
 10
85.00000000000007
 20
125.90000000000006
 10
85.00000000000009
 20
127.70000000000003
 10
84.50000000000009
 20
127.70000000000003
 10
84.50000000000007
 20
125.90000000000006
  0
LWPOLYLINE
  5
43
330
17
100
AcDbEntity
  8
0
100
AcDbPolyline
 90
25
 70
0
 10
84.00000000000003
 20
122.30000000000014
 10
84.00000000000001
 20
120.50000000000017
 10
83.00110332997575
 20
120.50000000000016
 10
83.0202050890545
 20
120.30605658539292
 10
83.02025241062947
 20
120.3058186837703
 10
83.16949269665221
 20
119.94552076119763
 10
83.1696000316197
 20
119.94536012306675
 10
83.44536012306659
 20
119.66960003161985
 10
83.44552076119747
 20
119.66949269665237
 10
83.80581868377014
 20
119.52025241062962
 10
83.80605658539277
 20
119.52020508905466
 10
84.0010491268498
 20
119.50100000000016
 10
84.49895087315024
 20
119.50100000000016
 10
84.69394341460726
 20
119.52020508905466
 10
84.69418131622989
 20
119.52025241062962
 10
85.05447923880256
 20
119.66949269665237
 10
85.05463987693344
 20
119.66960003161985
 10
85.33039996838033
 20
119.94536012306675
 10
85.33050730334782
 20
119.94552076119763
 10
85.47974758937195
 20
120.30581868377725
 10
85.47979491094692
 20
120.30605658539992
 10
85.49889667002428
 20
120.50000000000017
 10
84.50000000000001
 20
120.50000000000017
 10
84.50000000000003
 20
122.30000000000014
 10
84.00000000000003
 20
122.30000000000014
  0
LWPOLYLINE
  5
44
330
17
100
AcDbEntity
  8
0
100
AcDbPolyline
 90
12
 70
0
 10
85.49889667002431
 20
129.50000000000023
 10
85.47979491094694
 20
129.6939434146005
 10
85.47974758937198
 20
129.69418131622308
 10
85.33050730333659
 20
130.05447923881957
 10
85.33039996836908
 20
130.0546398769505
 10
85.05463987693345
 20
130.3303999683805
 10
85.05447923880263
 20
130.33050730334796
 10
84.69418131622295
 20
130.4797475893721
 10
84.69394341460014
 20
130.4797949109471
 10
84.50000000000001
 20
130.49889667002444
 10
84.50000000000003
 20
129.5000000000002
 10
85.49889667002431
 20
129.50000000000023
  0
LWPOLYLINE
  5
45
330
17
100
AcDbEntity
  8
0
100
AcDbPolyline
 90
25
 70
0
 10
59.44536012305814
 20
138.66960003162535
 10
59.44552076118905
 20
138.66949269665784
 10
59.80581868377015
 20
138.52025241062944
 10
59.80605658539292
 20
138.52020508905446
 10
60.00000000000001
 20
138.50110332997573
 10
60.00000000000001
 20
139.5
 10
63.0
 20
139.5
 10
63.0
 20
140.0
 10
60.00000000000001
 20
140.0
 10
60.00000000000001
 20
140.99889667002427
 10
59.80605658539292
 20
140.97979491094554
 10
59.80581868377015
 20
140.97974758937056
 10
59.44552076118905
 20
140.83050730334216
 10
59.44536012305814
 20
140.83039996837465
 10
59.169600031647825
 20
140.55463987697547
 10
59.16949269668029
 20
140.55447923884455
 10
59.02025241062109
 20
140.19418131618778
 10
59.020205089046165
 20
140.19394341456533
 10
59.00100000000001
 20
139.99895087315016
 10
59.00100000000001
 20
139.50104912684984
 10
59.020205089046165
 20
139.30605658543467
 10
59.02025241062109
 20
139.30581868381222
 10
59.16949269668029
 20
138.94552076115545
 10
59.169600031647825
 20
138.94536012302453
 10
59.44536012305814
 20
138.66960003162535
  0
LWPOLYLINE
  5
46
330
17
100
AcDbEntity
  8
0
100
AcDbPolyline
 90
14
 70
0
 10
65.99999999999999
 20
140.0
 10
65.99999999999999
 20
139.5
 10
66.85315573512374
 20
139.5
 10
66.85323185559123
 20
139.50038268343238
 10
66.97974758937194
 20
139.80581868377712
 10
66.9797949109469
 20
139.8060565853997
 10
66.999
 20
140.00104912684978
 10
66.999
 20
140.49895087315022
 10
66.99890632386996
 20
140.49990198285965
 10
66.99891719376612
 20
140.5
 10
65.99999999999999
 20
140.5
 10
63.0
 20
140.5
 10
63.0
 20
140.0
 10
65.99999999999999
 20
140.0
  0
LWPOLYLINE
  5
47
330
17
100
AcDbEntity
  8
0
100
AcDbPolyline
 90
14
 70
0
 10
68.00109367613
 20
140.49990198285965
 10
68.00099999999996
 20
140.49895087315022
 10
68.00099999999996
 20
140.00104912684978
 10
68.02020508905306
 20
139.8060565853997
 10
68.02025241062802
 20
139.80581868377712
 10
68.14676814440872
 20
139.50038268343238
 10
68.14684426487622
 20
139.5
 10
68.99999999999997
 20
139.5
 10
68.99999999999997
 20
140.0
 10
71.99999999999997
 20
140.0
 10
71.99999999999997
 20
140.5
 10
68.99999999999997
 20
140.5
 10
68.00108280623384
 20
140.5
 10
68.00109367613
 20
140.49990198285965
  0
LWPOLYLINE
  5
48
330
17
100
AcDbEntity
  8
0
100
AcDbPolyline
 90
25
 70
0
 10
71.99999999999997
 20
139.5
 10
74.99999999999994
 20
139.5
 10
74.99999999999994
 20
138.50110332997573
 10
75.19394341460706
 20
138.52020508905446
 10
75.19418131622983
 20
138.52025241062944
 10
75.55447923880256
 20
138.66949269665224
 10
75.55463987693338
 20
138.6696000316197
 10
75.83039996836901
 20
138.9453601230497
 10
75.83050730333652
 20
138.94552076118063
 10
75.97974758937191
 20
139.30581868377712
 10
75.97979491094686
 20
139.3060565853997
 10
75.99899999999997
 20
139.50104912684978
 10
75.99899999999997
 20
139.99895087315022
 10
75.97979491094686
 20
140.1939434146003
 10
75.97974758937191
 20
140.19418131622288
 10
75.83050730333652
 20
140.55447923881937
 10
75.83039996836901
 20
140.5546398769503
 10
75.55463987693338
 20
140.8303999683803
 10
75.55447923880256
 20
140.83050730334776
 10
75.19418131622983
 20
140.97974758937056
 10
75.19394341460706
 20
140.97979491094554
 10
74.99999999999996
 20
140.99889667002427
 10
74.99999999999996
 20
140.0
 10
71.99999999999997
 20
140.0
 10
71.99999999999997
 20
139.5
  0
LWPOLYLINE
  5
49
330
17
100
AcDbEntity
  8
0
100
AcDbPolyline
 90
14
 70
0
 10
81.99900000000001
 20
241.89895087315023
 10
81.99890632386997
 20
241.89990198285966
 10
81.99891719376613
 20
241.9
 10
81.0
 20
241.9
 10
78.19999999999999
 20
241.9
 10
78.19999999999999
 20
241.4
 10
81.0
 20
241.4
 10
81.0
 20
240.9
 10
81.85315573512375
 20
240.9
 10
81.85323185559125
 20
240.90038268343238
 10
81.97974758937195
 20
241.20581868377712
 10
81.97979491094691
 20
241.2060565853997
 10
81.99900000000001
 20
241.40104912684978
 10
81.99900000000001
 20
241.89895087315023
  0
LWPOLYLINE
  5
4A
330
17
100
AcDbEntity
  8
0
100
AcDbPolyline
 90
25
 70
0
 10
75.39999999999999
 20
241.4
 10
75.39999999999999
 20
242.39889667002427
 10
75.20605658539289
 20
242.37979491094555
 10
75.20581868377012
 20
242.37974758937057
 10
74.90038268343235
 20
242.2532318555951
 10
74.89999999999999
 20
242.2531557351276
 10
74.89961731656763
 20
242.2532318555951
 10
74.59418131622986
 20
242.37974758937057
 10
74.5939434146071
 20
242.37979491094555
 10
74.39999999999999
 20
242.39889667002427
 10
74.39999999999999
 20
241.4
 10
72.6
 20
241.4
 10
72.6
 20
240.9
 10
74.39999999999999
 20
240.9
 10
74.43806023374435
 20
240.70865828381747
 10
74.54644660940671
 20
240.54644660940673
 10
74.70865828381744
 20
240.43806023374435
 10
74.89999999999999
 20
240.4
 10
75.09134171618254
 20
240.43806023374435
 10
75.25355339059327
 20
240.54644660940673
 10
75.36193976625563
 20
240.70865828381747
 10
75.39999999999999
 20
240.9
 10
78.19999999999999
 20
240.9
 10
78.19999999999999
 20
241.4
 10
75.39999999999999
 20
241.4
  0
LWPOLYLINE
  5
4B
330
17
100
AcDbEntity
  8
0
100
AcDbPolyline
 90
26
 70
0
 10
70.79999999999998
 20
240.9
 10
70.79999999999998
 20
241.4
 10
70.29999999999998
 20
241.4
 10
69.94684426487623
 20
241.4
 10
69.94676814440874
 20
241.39961731656763
 10
69.90092387953248
 20
241.28893947054718
 10
69.90070710678116
 20
241.28861504719836
 10
69.90038268343234
 20
241.28839827444705
 10
69.89999999999998
 20
241.28832215397955
 10
69.89961731656761
 20
241.28839827444705
 10
69.8992928932188
 20
241.28861504719836
 10
69.89907612046747
 20
241.28893947054718
 10
69.85323185559123
 20
241.39961731656763
 10
69.85315573512374
 20
241.4
 10
69.5
 20
241.4
 10
68.99999999999999
 20
241.4
 10
68.99999999999999
 20
240.9
 10
67.19999999999997
 20
240.9
 10
67.19999999999997
 20
240.4
 10
68.99999999999999
 20
240.4
 10
69.5
 20
240.4
 10
70.29999999999998
 20
240.4
 10
70.79999999999998
 20
240.4
 10
72.6
 20
240.4
 10
72.6
 20
240.9
 10
70.79999999999998
 20
240.9
  0
LWPOLYLINE
  5
4C
330
17
100
AcDbEntity
  8
0
100
AcDbPolyline
 90
25
 70
0
 10
67.19999999999997
 20
241.4
 10
65.39999999999998
 20
241.4
 10
65.39999999999998
 20
242.39889667002427
 10
65.20605658539287
 20
242.37979491094555
 10
65.2058186837701
 20
242.37974758937057
 10
64.84552076119738
 20
242.23050730334776
 10
64.84536012306656
 20
242.2303999683803
 10
64.56960003163093
 20
241.9546398769503
 10
64.56949269666342
 20
241.95447923881937
 10
64.50405134822495
 20
241.79648984788037
 10
64.50383457547362
 20
241.79616542453155
 10
64.5035101521248
 20
241.79594865178024
 10
64.34552076119738
 20
241.73050730334776
 10
64.34536012306656
 20
241.7303999683803
 10
64.06960003163093
 20
241.4546398769503
 10
64.06949269666342
 20
241.45447923881937
 10
63.92025241062801
 20
241.09418131622286
 10
63.92020508905307
 20
241.09394341460032
 10
63.90110332997571
 20
240.90000000000003
 10
64.89999999999998
 20
240.9
 10
64.89999999999999
 20
239.1
 10
65.39999999999999
 20
239.1
 10
65.39999999999998
 20
240.9
 10
67.19999999999997
 20
240.9
 10
67.19999999999997
 20
241.4
  0
LWPOLYLINE
  5
4D
330
17
100
AcDbEntity
  8
0
100
AcDbPolyline
 90
26
 70
0
 10
65.4
 20
237.3
 10
64.9
 20
237.3
 10
64.90000000000002
 20
236.8
 10
64.90000000000002
 20
236.44684426487242
 10
64.90038268343238
 20
236.44676814440493
 10
65.01106052944564
 20
236.4009238795325
 10
65.01138495279447
 20
236.4007071067812
 10
65.01160172554579
 20
236.40038268343238
 10
65.01167784601328
 20
236.4
 10
65.01160172554579
 20
236.39961731656763
 10
65.01138495279447
 20
236.3992928932188
 10
65.01106052944564
 20
236.3990761204675
 10
64.9003826834324
 20
236.35323185559508
 10
64.90000000000003
 20
236.3531557351276
 10
64.90000000000003
 20
236.0
 10
64.90000000000003
 20
235.5
 10
65.40000000000003
 20
235.5
 10
65.40000000000005
 20
233.70000000000002
 10
65.90000000000005
 20
233.70000000000002
 10
65.90000000000003
 20
235.5
 10
65.90000000000002
 20
236.0
 10
65.9
 20
236.8
 10
65.9
 20
237.3
 10
65.89999999999999
 20
239.10000000000002
 10
65.39999999999999
 20
239.1
 10
65.4
 20
237.3
  0
LWPOLYLINE
  5
4E
330
17
100
AcDbEntity
  8
0
100
AcDbPolyline
 90
25
 70
0
 10
64.90000000000005
 20
233.7
 10
64.90000000000006
 20
231.9
 10
63.90110332997579
 20
231.9
 10
63.920205089053155
 20
231.7060565853997
 10
63.920252410628095
 20
231.70581868377715
 10
64.0694926966635
 20
231.34552076118064
 10
64.06960003163101
 20
231.34536012304972
 10
64.34536012306664
 20
231.0696000316197
 10
64.34552076119746
 20
231.06949269665225
 10
64.70581868377019
 20
230.92025241062944
 10
64.70605658539296
 20
230.92020508905446
 10
64.9010491268497
 20
230.901
 10
65.39895087315043
 20
230.901
 10
65.59394341460717
 20
230.92020508905446
 10
65.59418131622994
 20
230.92025241062944
 10
65.95447923880266
 20
231.06949269665225
 10
65.95463987693348
 20
231.0696000316197
 10
66.23039996836911
 20
231.34536012304972
 10
66.23050730333662
 20
231.34552076118064
 10
66.37974758937202
 20
231.70581868377712
 10
66.37979491094697
 20
231.7060565853997
 10
66.39889667002433
 20
231.9
 10
65.40000000000006
 20
231.9
 10
65.40000000000005
 20
233.70000000000002
 10
64.90000000000005
 20
233.7
  0
LWPOLYLINE
  5
4F
330
17
100
AcDbEntity
  8
0
100
AcDbPolyline
 90
5
 70
0
 10
74.89999999999999
 20
238.70000000000002
 10
75.39999999999999
 20
238.70000000000002
 10
75.39999999999999
 20
240.4
 10
74.89999999999999
 20
240.4
 10
74.89999999999999
 20
238.70000000000002
  0
LWPOLYLINE
  5
50
330
17
100
AcDbEntity
  8
0
100
AcDbPolyline
 90
15
 70
0
 10
74.39999999999999
 20
238.70000000000002
 10
74.39999999999999
 20
237.0
 10
74.4
 20
236.8
 10
74.4
 20
236.0
 10
74.39999999999999
 20
235.3
 10
74.39999999999999
 20
233.6
 10
74.89999999999999
 20
233.6
 10
74.89999999999999
 20
235.3
 10
75.39999999999999
 20
235.3
 10
75.39999999999998
 20
236.0
 10
75.39999999999998
 20
236.8
 10
75.39999999999999
 20
237.0
 10
74.89999999999999
 20
237.0
 10
74.89999999999999
 20
238.70000000000002
 10
74.39999999999999
 20
238.70000000000002
  0
LWPOLYLINE
  5
51
330
17
100
AcDbEntity
  8
0
100
AcDbPolyline
 90
5
 70
0
 10
74.89999999999999
 20
231.9
 10
75.39999999999999
 20
231.9
 10
75.39999999999999
 20
233.6
 10
74.89999999999999
 20
233.6
 10
74.89999999999999
 20
231.9
  0
LWPOLYLINE
  5
52
330
17
100
AcDbEntity
  8
0
100
AcDbPolyline
 90
12
 70
0
 10
73.90110332997573
 20
231.9
 10
73.92020508905308
 20
231.7060565853997
 10
73.92025241062804
 20
231.70581868377712
 10
74.06949269666343
 20
231.34552076118064
 10
74.06960003163094
 20
231.34536012304972
 10
74.34536012306657
 20
231.0696000316197
 10
74.34552076119739
 20
231.06949269665225
 10
74.70581868377012
 20
230.92025241062944
 10
74.70605658539289
 20
230.92020508905446
 10
74.89999999999999
 20
230.90110332997574
 10
74.89999999999999
 20
231.9
 10
73.90110332997573
 20
231.9
  0
LWPOLYLINE
  5
53
330
17
100
AcDbEntity
  8
0
100
AcDbPolyline
 90
15
 70
0
 10
82.80590121775232
 20
241.9
 10
82.80108280623386
 20
241.9
 10
82.80109367613002
 20
241.89990198285966
 10
82.80099999999999
 20
241.89895087315023
 10
82.80099999999999
 20
241.40104912684978
 10
82.82020508905309
 20
241.2060565853997
 10
82.82025241062804
 20
241.20581868377712
 10
82.94676814440875
 20
240.90038268343238
 10
82.94684426487625
 20
240.9
 10
83.8
 20
240.9
 10
83.8
 20
241.4
 10
86.60000000000001
 20
241.4
 10
86.60000000000001
 20
241.9
 10
83.8
 20
241.9
 10
82.80590121775232
 20
241.9
  0
LWPOLYLINE
  5
54
330
17
100
AcDbEntity
  8
0
100
AcDbPolyline
 90
27
 70
0
 10
86.60000000000001
 20
240.9
 10
89.40000000000002
 20
240.9000000000001
 10
89.43806023374438
 20
240.70865828381753
 10
89.54644660940676
 20
240.54644660940681
 10
89.70865828381748
 20
240.43806023374444
 10
89.90000000000003
 20
240.4000000000001
 10
89.9
 20
238.70000000000007
 10
90.4
 20
238.70000000000007
 10
90.4
 20
240.4
 10
92.20000000000003
 20
240.4
 10
92.20000000000003
 20
240.9
 10
90.4
 20
240.9
 10
90.39999999999999
 20
241.89889667002427
 10
90.26000965991007
 20
241.88510882497079
 10
90.25959020330444
 20
241.88515707956796
 10
90.25922805046771
 20
241.88537414562475
 10
90.25898776323722
 20
241.88572132626507
 10
90.23050730333657
 20
241.95447923881937
 10
90.23039996836906
 20
241.9546398769503
 10
89.95463987693343
 20
242.2303999683803
 10
89.9544792388026
 20
242.23050730334776
 10
89.59418131622988
 20
242.37974758937057
 10
89.59394341460711
 20
242.37979491094555
 10
89.39999999999999
 20
242.39889667002427
 10
89.4
 20
241.4
 10
86.60000000000001
 20
241.4
 10
86.60000000000001
 20
240.9
  0
LWPOLYLINE
  5
55
330
17
100
AcDbEntity
  8
0
100
AcDbPolyline
 90
15
 70
0
 10
89.4
 20
238.70000000000007
 10
89.4
 20
237.00000000000006
 10
89.40000000000002
 20
236.8
 10
89.40000000000002
 20
236.0
 10
89.4
 20
235.30000000000004
 10
89.4
 20
233.60000000000002
 10
89.9
 20
233.60000000000002
 10
89.9
 20
235.30000000000004
 10
90.4
 20
235.30000000000004
 10
90.39999999999999
 20
236.0
 10
90.39999999999999
 20
236.8
 10
90.4
 20
237.00000000000006
 10
89.9
 20
237.00000000000006
 10
89.9
 20
238.70000000000007
 10
89.4
 20
238.70000000000007
  0
LWPOLYLINE
  5
56
330
17
100
AcDbEntity
  8
0
100
AcDbPolyline
 90
17
 70
0
 10
89.9
 20
231.9
 10
89.90590121775234
 20
231.9
 10
89.90590121775234
 20
230.9010000000001
 10
90.39895087315037
 20
230.9010000000001
 10
90.59394341460711
 20
230.92020508905455
 10
90.59418131622988
 20
230.92025241062953
 10
90.9544792388026
 20
231.06949269665233
 10
90.95463987693343
 20
231.06960003161979
 10
91.23039996836906
 20
231.3453601230498
 10
91.23050730333657
 20
231.34552076118072
 10
91.37974758937196
 20
231.7058186837772
 10
91.37979491094691
 20
231.70605658539978
 10
91.39889667002427
 20
231.90000000000012
 10
90.4
 20
231.9000000000001
 10
90.4
 20
233.60000000000002
 10
89.9
 20
233.60000000000002
 10
89.9
 20
231.9
  0
LWPOLYLINE
  5
57
330
17
100
AcDbEntity
  8
0
100
AcDbPolyline
 90
26
 70
0
 10
94.00000000000004
 20
240.9
 10
94.00000000000004
 20
240.4
 10
94.50000000000001
 20
240.4
 10
94.85315573512379
 20
240.4
 10
94.85323185559129
 20
240.40038268343238
 10
94.89907612046756
 20
240.51106052945286
 10
94.89929289321888
 20
240.51138495280168
 10
94.8996173165677
 20
240.511601725553
 10
94.90000000000006
 20
240.5116778460205
 10
94.90038268343243
 20
240.511601725553
 10
94.90070710678124
 20
240.51138495280168
 10
94.90092387953257
 20
240.51106052945286
 10
94.94676814440882
 20
240.40038268343238
 10
94.94684426487632
 20
240.4
 10
95.3
 20
240.4
 10
95.80000000000007
 20
240.4
 10
95.80000000000007
 20
240.9
 10
97.60000000000008
 20
240.9
 10
97.60000000000008
 20
241.4
 10
95.80000000000007
 20
241.4
 10
95.3
 20
241.4
 10
94.50000000000001
 20
241.4
 10
94.00000000000004
 20
241.4
 10
92.20000000000003
 20
241.4
 10
92.20000000000003
 20
240.9
 10
94.00000000000004
 20
240.9
  0
LWPOLYLINE
  5
58
330
17
100
AcDbEntity
  8
0
100
AcDbPolyline
 90
9
 70
0
 10
97.60000000000008
 20
240.4
 10
98.9000000000001
 20
240.4
 10
98.90000000000009
 20
239.10000000000005
 10
99.40000000000009
 20
239.10000000000005
 10
99.4000000000001
 20
240.4
 10
99.40000000000003
 20
240.9000000000002
 10
98.9000000000001
 20
240.9
 10
97.60000000000008
 20
240.9
 10
97.60000000000008
 20
240.4
  0
LWPOLYLINE
  5
59
330
17
100
AcDbEntity
  8
0
100
AcDbPolyline
 90
26
 70
0
 10
99.40000000000008
 20
237.3000000000001
 10
98.90000000000008
 20
237.3000000000001
 10
98.90000000000008
 20
236.8
 10
98.90000000000008
 20
236.4468442648725
 10
98.90038268343244
 20
236.446768144405
 10
99.01106052944561
 20
236.40092387953263
 10
99.01138495279444
 20
236.4007071067813
 10
99.01160172554576
 20
236.4003826834325
 10
99.01167784601326
 20
236.40000000000012
 10
99.01160172554576
 20
236.39961731656774
 10
99.01138495279444
 20
236.39929289321893
 10
99.01106052944561
 20
236.3990761204676
 10
98.90038268343243
 20
236.35323185559523
 10
98.90000000000006
 20
236.35315573512773
 10
98.90000000000006
 20
236.0
 10
98.90000000000005
 20
235.50000000000014
 10
99.40000000000005
 20
235.50000000000014
 10
99.40000000000003
 20
233.7000000000002
 10
99.90000000000003
 20
233.7000000000002
 10
99.90000000000005
 20
235.50000000000014
 10
99.90000000000005
 20
236.0
 10
99.90000000000006
 20
236.8
 10
99.90000000000008
 20
237.3000000000001
 10
99.90000000000009
 20
239.10000000000005
 10
99.40000000000009
 20
239.10000000000005
 10
99.40000000000008
 20
237.3000000000001
  0
LWPOLYLINE
  5
5A
330
17
100
AcDbEntity
  8
0
100
AcDbPolyline
 90
25
 70
0
 10
98.90000000000003
 20
233.7000000000002
 10
98.90000000000002
 20
231.90000000000023
 10
97.90110332997575
 20
231.9000000000002
 10
97.92020508905311
 20
231.70605658539992
 10
97.92025241062807
 20
231.70581868377735
 10
98.06949269666346
 20
231.34552076118086
 10
98.06960003163097
 20
231.34536012304994
 10
98.3453601230666
 20
231.06960003161993
 10
98.34552076119742
 20
231.06949269665247
 10
98.70581868377015
 20
230.92025241062967
 10
98.70605658539291
 20
230.9202050890547
 10
98.90104912684966
 20
230.90100000000024
 10
99.39895087315038
 20
230.90100000000024
 10
99.59394341460712
 20
230.9202050890547
 10
99.59418131622989
 20
230.92025241062967
 10
99.95447923880262
 20
231.06949269665247
 10
99.95463987693344
 20
231.06960003161993
 10
100.23039996836907
 20
231.34536012304994
 10
100.23050730333658
 20
231.34552076118086
 10
100.37974758937197
 20
231.70581868377735
 10
100.37979491094693
 20
231.70605658539992
 10
100.39889667002429
 20
231.90000000000023
 10
99.40000000000002
 20
231.90000000000023
 10
99.40000000000003
 20
233.7000000000002
 10
98.90000000000003
 20
233.7000000000002
  0
LWPOLYLINE
  5
5B
330
17
100
AcDbEntity
  8
0
100
AcDbPolyline
 90
12
 70
0
 10
100.39889667002431
 20
240.90000000000023
 10
100.37979491094694
 20
241.09394341460052
 10
100.37974758937199
 20
241.09418131622309
 10
100.2305073033366
 20
241.45447923881957
 10
100.23039996836908
 20
241.4546398769505
 10
99.95463987693346
 20
241.7303999683805
 10
99.95447923880263
 20
241.73050730334796
 10
99.59418131622296
 20
241.8797475893721
 10
99.59394341460015
 20
241.8797949109471
 10
99.40000000000002
 20
241.89889667002444
 10
99.40000000000003
 20
240.9000000000002
 10
100.39889667002431
 20
240.90000000000023
  0
LWPOLYLINE
  5
5C
330
17
100
AcDbEntity
  8
0
100
AcDbPolyline
 90
14
 70
0
 10
81.89890632386997
 20
251.89990198285972
 10
81.89891719376612
 20
251.90000000000006
 10
80.89999999999999
 20
251.90000000000006
 10
77.9
 20
251.90000000000006
 10
77.9
 20
251.40000000000006
 10
80.89999999999999
 20
251.40000000000006
 10
80.89999999999998
 20
250.90000000000006
 10
81.75315573512374
 20
250.90000000000003
 10
81.75323185559124
 20
250.9003826834324
 10
81.87974758937195
 20
251.20581868377718
 10
81.8797949109469
 20
251.20605658539975
 10
81.899
 20
251.40104912684984
 10
81.899
 20
251.89895087315028
 10
81.89890632386997
 20
251.89990198285972
  0
LWPOLYLINE
  5
5D
330
17
100
AcDbEntity
  8
0
100
AcDbPolyline
 90
25
 70
0
 10
74.90000000000002
 20
251.4000000000001
 10
74.90000000000002
 20
252.39889667002436
 10
74.70605658539291
 20
252.37979491094563
 10
74.70581868377015
 20
252.37974758937065
 10
74.34552076119742
 20
252.23050730334785
 10
74.3453601230666
 20
252.2303999683804
 10
74.06960003163097
 20
251.95463987695038
 10
74.06949269666346
 20
251.95447923881946
 10
73.92025241062807
 20
251.59418131622297
 10
73.92020508905311
 20
251.5939434146004
 10
73.90100000000001
 20
251.3989508731503
 10
73.90100000000001
 20
250.90104912684987
 10
73.92020508905311
 20
250.70605658539978
 10
73.92025241062807
 20
250.7058186837772
 10
74.06949269666346
 20
250.34552076118072
 10
74.06960003163097
 20
250.3453601230498
 10
74.3453601230666
 20
250.06960003161979
 10
74.34552076119742
 20
250.06949269665233
 10
74.70581868377015
 20
249.92025241062953
 10
74.70605658539291
 20
249.92020508905455
 10
74.90000000000002
 20
249.90110332997583
 10
74.90000000000002
 20
250.9000000000001
 10
77.9
 20
250.90000000000006
 10
77.9
 20
251.40000000000006
 10
74.90000000000002
 20
251.4000000000001
  0
LWPOLYLINE
  5
5E
330
17
100
AcDbEntity
  8
0
100
AcDbPolyline
 90
14
 70
0
 10
82.90109367613
 20
251.89990198285972
 10
82.90099999999997
 20
251.89895087315026
 10
82.90099999999997
 20
251.4010491268498
 10
82.92020508905307
 20
251.20605658539972
 10
82.92025241062802
 20
251.20581868377715
 10
83.04676814440873
 20
250.9003826834324
 10
83.04684426487623
 20
250.90000000000003
 10
83.89999999999996
 20
250.90000000000003
 10
83.89999999999998
 20
251.40000000000003
 10
86.89999999999995
 20
251.40000000000003
 10
86.89999999999995
 20
251.90000000000003
 10
83.89999999999998
 20
251.90000000000003
 10
82.90108280623384
 20
251.90000000000006
 10
82.90109367613
 20
251.89990198285972
  0
LWPOLYLINE
  5
5F
330
17
100
AcDbEntity
  8
0
100
AcDbPolyline
 90
25
 70
0
 10
86.89999999999995
 20
250.90000000000003
 10
89.89999999999993
 20
250.9
 10
89.89999999999995
 20
249.90110332997574
 10
90.09394341460704
 20
249.92020508905446
 10
90.09418131622981
 20
249.92025241062944
 10
90.45447923880253
 20
250.06949269665225
 10
90.45463987693336
 20
250.0696000316197
 10
90.73039996836899
 20
250.34536012304972
 10
90.7305073033365
 20
250.34552076118064
 10
90.87974758937189
 20
250.70581868377712
 10
90.87979491094684
 20
250.7060565853997
 10
90.89899999999994
 20
250.90104912684978
 10
90.89899999999994
 20
251.39895087315023
 10
90.87979491094684
 20
251.59394341460032
 10
90.87974758937189
 20
251.5941813162229
 10
90.7305073033365
 20
251.95447923881937
 10
90.73039996836899
 20
251.9546398769503
 10
90.45463987693336
 20
252.2303999683803
 10
90.45447923880253
 20
252.23050730334776
 10
90.09418131622286
 20
252.3797475893719
 10
90.09394341460005
 20
252.3797949109469
 10
89.89999999999992
 20
252.3988966700243
 10
89.89999999999993
 20
251.4
 10
86.89999999999995
 20
251.40000000000003
 10
86.89999999999995
 20
250.90000000000003
  0
LWPOLYLINE
  5
60
330
17
100
AcDbEntity
  8
0
100
AcDbPolyline
 90
18
 70
0
 10
175.8501257255166
 20
85.97502058718193
 10
175.50847609514852
 20
86.34008979989285
 10
174.0471087114368
 20
84.97247070440805
 10
173.9544979076138
 20
84.88580098318104
 10
173.37027658828504
 20
84.33905808936196
 10
173.3177608844536
 20
84.28991132437103
 10
173.317835796022
 20
84.28984718568255
 10
173.31841729204135
 20
84.2890887351064
 10
173.65863318720764
 20
83.92555153804787
 10
173.8058938201161
 20
83.79630281401315
 10
173.8060909294192
 20
83.79616144769416
 10
174.10716912130738
 20
83.65959899470492
 10
174.1074861870921
 20
83.65937159588535
 10
174.1074861870921
 20
83.65937159588533
 10
174.626430859334
 20
84.14502540968229
 10
174.7304079721729
 20
84.24233227898621
 10
174.38875834180487
 20
84.60740149169713
 10
175.8501257255166
 20
85.97502058718193
  0
LWPOLYLINE
  5
61
330
17
100
AcDbEntity
  8
0
100
AcDbPolyline
 90
19
 70
0
 10
176.19177535588466
 20
85.60995137447101
 10
177.648445260475
 20
86.97317433916854
 10
178.33108468670187
 20
86.24394871476117
 10
178.4595541781999
 20
86.39032414467135
 10
178.45969555350342
 20
86.39052127389537
 10
178.62078890111948
 20
86.74571608424309
 10
178.62083284110713
 20
86.74590423634997
 10
178.63372267035217
 20
87.13570966513959
 10
178.63369125614048
 20
87.13590030900941
 10
178.49641485685427
 20
87.50096141368567
 10
178.4962868111146
 20
87.5011674552741
 10
178.37705035886526
 20
87.65664831795415
 10
178.03689255492424
 20
88.02003155037137
 10
178.03620362400787
 20
88.0207496579821
 10
178.03619689146754
 20
88.02076023662362
 10
177.3115859561186
 20
87.34254047125796
 10
177.3114931092283
 20
87.34263968266673
 10
175.8501257255166
 20
85.97502058718193
 10
176.19177535588466
 20
85.60995137447101
  0
LWPOLYLINE
  5
62
330
17
100
AcDbEntity
  8
0
100
AcDbPolyline
 90
16
 70
0
 10
170.5542222128362
 20
78.30338331041492
 10
170.55438286722622
 20
78.303490621045
 10
170.83018473226164
 20
78.57920893241506
 10
170.83029209156405
 20
78.5793695542831
 10
170.97958695997318
 20
78.93964486333347
 10
170.979634317589
 20
78.9398827577844
 10
170.9988689472078
 20
79.13487238746889
 10
170.9989070969924
 20
79.38669109824755
 10
170.99901034654943
 20
79.38713348337453
 10
170.9992986540734
 20
79.3874845443994
 10
171.02869420566063
 20
79.41002180229229
 10
170.0046561906697
 20
80.50454420524274
 10
170.0036060826462
 20
78.1354603477034
 10
170.1936637760535
 20
78.15415032459254
 10
170.1939016848425
 20
78.15419761012555
 10
170.5542222128362
 20
78.30338331041492
  0
LWPOLYLINE
  5
63
330
17
100
AcDbEntity
  8
0
100
AcDbPolyline
 90
5
 70
0
 10
170.34630582103776
 20
80.13947499253182
 10
171.80767320474948
 20
81.50709408801661
 10
171.4660235743814
 20
81.87216330072754
 10
170.0046561906697
 20
80.50454420524274
 10
170.34630582103776
 20
80.13947499253182
  0
LWPOLYLINE
  5
64
330
17
100
AcDbEntity
  8
0
100
AcDbPolyline
 90
14
 70
0
 10
172.92739095809313
 20
83.23978239621233
 10
173.2690405884612
 20
82.87471318350141
 10
173.89196237354102
 20
83.45767386660144
 10
173.89175646471287
 20
83.45800529153932
 10
173.77542627009402
 20
83.7674639593258
 10
173.77529826339133
 20
83.76766999523916
 10
173.65608237748862
 20
83.92316436551395
 10
173.31586648232235
 20
84.28670156257249
 10
173.31514819321896
 20
84.28733199548769
 10
173.3150891547083
 20
84.28741098896023
 10
172.5857413277251
 20
83.60485160892325
 10
171.12437394401334
 20
82.23723251343846
 10
171.4660235743814
 20
81.87216330072754
 10
172.92739095809313
 20
83.23978239621233
  0
LWPOLYLINE
  5
65
330
17
100
AcDbEntity
  8
0
100
AcDbPolyline
 90
5
 70
0
 10
170.00478962839503
 20
93.44454234197954
 10
169.5047896284216
 20
93.44454749799749
 10
169.5046561906963
 20
80.50454936126069
 10
170.0046561906697
 20
80.50454420524274
 10
170.00478962839503
 20
93.44454234197954
  0
LWPOLYLINE
  5
66
330
17
100
AcDbEntity
  8
0
100
AcDbPolyline
 90
14
 70
0
 10
170.50478962836843
 20
93.4445371859616
 10
170.50492306609377
 20
106.38453532269841
 10
170.50493336696374
 20
107.38345251641144
 10
170.5048353497113
 20
107.38344164752603
 10
170.50388424096795
 20
107.38353533346394
 10
170.00598249469397
 20
107.38354046784461
 10
169.8109897552172
 20
107.36433738956391
 10
169.81075185310675
 20
107.36429007044224
 10
169.50531454813677
 20
107.23777748633789
 10
169.5049318639195
 20
107.23770136981665
 10
169.50492306614692
 20
106.38454563473431
 10
170.00492306612034
 20
106.38454047871636
 10
170.00478962839503
 20
93.44454234197954
 10
170.50478962836843
 20
93.4445371859616
  0
LWPOLYLINE
  5
67
330
17
100
AcDbEntity
  8
0
100
AcDbPolyline
 90
5
 70
0
 10
140.50465619064312
 20
80.50454936126069
 10
140.50452275291778
 20
93.44454749799749
 10
140.00452275294438
 20
93.44454234197954
 10
140.0046561906697
 20
80.50454420524274
 10
140.50465619064312
 20
80.50454936126069
  0
LWPOLYLINE
  5
68
330
17
100
AcDbEntity
  8
0
100
AcDbPolyline
 90
14
 70
0
 10
140.00438931521907
 20
106.38454047871636
 10
140.50438931519247
 20
106.38454563473431
 10
140.5043805174199
 20
107.23770136981665
 10
140.50399783320262
 20
107.23777748633789
 10
140.19856052823266
 20
107.36429007044224
 10
140.1983226261222
 20
107.36433738956391
 10
140.00332988664545
 20
107.38354046784461
 10
139.50542814037146
 20
107.38353533346394
 10
139.5044770316281
 20
107.38344164752603
 10
139.50437901437567
 20
107.38345251641144
 10
139.50438931524565
 20
106.38453532269841
 10
139.50452275297096
 20
93.4445371859616
 10
140.00452275294438
 20
93.44454234197954
 10
140.00438931521907
 20
106.38454047871636
  0
LWPOLYLINE
  5
69
330
17
100
AcDbEntity
  8
0
100
AcDbPolyline
 90
20
 70
0
 10
138.54328880695797
 20
81.87216330072754
 10
138.2016391765899
 20
81.50709408801661
 10
139.662372044323
 20
80.14006880362848
 10
138.97909132512675
 20
79.4112996301204
 10
139.00517164325183
 20
79.39130173759446
 10
139.0054599847888
 20
79.39095054994264
 10
139.00556315455293
 20
79.39050802354964
 10
139.00552516080586
 20
79.1397192837569
 10
139.0247007088478
 20
78.94472383504029
 10
139.02474799438082
 20
78.94448592625143
 10
139.17393369464642
 20
78.58416539831786
 10
139.17404100527656
 20
78.58400474392779
 10
139.44975931667165
 20
78.30820287886176
 10
139.4499199385398
 20
78.30809551955926
 10
139.81019524758185
 20
78.15880065115573
 10
139.8104331420326
 20
78.15875329353993
 10
140.00007619048617
 20
78.14004607407043
 10
140.00009827650214
 20
80.49967385272704
 10
140.0046561906697
 20
80.50454420524274
 10
138.54328880695797
 20
81.87216330072754
  0
LWPOLYLINE
  5
6A
330
17
100
AcDbEntity
  8
0
100
AcDbPolyline
 90
14
 70
0
 10
138.88493843732604
 20
82.23723251343846
 10
137.42357105361432
 20
83.60485160892324
 10
136.69422322663112
 20
84.28741098896022
 10
136.69416418812045
 20
84.28733199548769
 10
136.6934458990171
 20
84.28670156257252
 10
136.3532300038508
 20
83.923164365514
 10
136.23401411794805
 20
83.76766999523916
 10
136.23388611124537
 20
83.7674639593258
 10
136.11755591662651
 20
83.45800529153931
 10
136.11735000779836
 20
83.45767386660143
 10
136.7402717928782
 20
82.87471318350141
 10
137.08192142324626
 20
83.23978239621233
 10
138.54328880695797
 20
81.87216330072754
 10
138.88493843732604
 20
82.23723251343846
  0
LWPOLYLINE
  5
6B
330
17
100
AcDbEntity
  8
0
100
AcDbPolyline
 90
37
 70
0
 10
140.03887016998883
 20
120.72495822943321
 10
140.01331014668784
 20
120.69089421573578
 10
140.00424221667606
 20
120.64928358649738
 10
140.00424088016007
 20
120.77889096937086
 10
140.00412243976842
 20
132.26453675218997
 10
139.504122439795
 20
132.26453159617202
 10
139.50423887541265
 20
120.97329688766331
 10
139.50424914353437
 20
119.97755542471907
 10
139.50425587752034
 20
119.32453345943523
 10
139.5042661783903
 20
118.3256162657222
 10
139.50436419541853
 20
118.32562713662912
 10
139.50531530609396
 20
118.32553347030698
 10
140.00321705236792
 20
118.32553860468765
 10
140.1982093957773
 20
118.34474570451249
 10
140.198447296912
 20
118.34479302854072
 10
140.50388199259234
 20
118.47131191197734
 10
140.50426467523974
 20
118.47138803639108
 10
140.50425587746716
 20
119.32454377147113
 10
140.00425587749373
 20
119.32453861545318
 10
140.0042520470765
 20
119.6959897288345
 10
140.00971099958548
 20
119.66340256677269
 10
140.0254912184699
 20
119.63437313367973
 10
140.04986994047616
 20
119.61207064038682
 10
140.3498719452342
 20
119.41766265968717
 10
140.38972312131733
 20
119.40264415160156
 10
140.43220973131974
 20
119.40556986362277
 10
140.46962609851113
 20
119.42590916760608
 10
140.4951861218121
 20
119.45997318130351
 10
140.50425405182392
 20
119.50158381054204
 10
140.50424422142345
 20
120.45487766820479
 10
140.49878526891447
 20
120.4874648302666
 10
140.48300505003004
 20
120.51649426335956
 10
140.4586263280238
 20
120.53879675665247
 10
140.15862432326574
 20
120.73320473735212
 10
140.11877314718262
 20
120.74822324543773
 10
140.0762865371802
 20
120.74529753341652
 10
140.03887016998883
 20
120.72495822943321
  0
LWPOLYLINE
  5
6C
330
17
100
AcDbEntity
  8
0
100
AcDbPolyline
 90
28
 70
0
 10
140.50412243974185
 20
132.26454190820792
 10
140.5039927772209
 20
144.8384431435146
 10
146.00359375226813
 20
144.837609970348
 10
146.00368121911322
 20
145.41496023291216
 10
152.00274998097927
 20
145.4140513918636
 10
152.0026625141342
 20
144.83670112929946
 10
152.81076629456803
 20
144.83657870398375
 10
152.81084247301004
 20
144.8369613758797
 10
152.81105929490806
 20
144.83728576638438
 10
152.83306591349725
 20
144.85928571810803
 10
152.83317327279977
 20
144.8594463399762
 10
152.98246814122007
 20
145.21972164904332
 10
152.98251549883588
 20
145.21995954349427
 10
153.0017501284547
 20
145.41494917317868
 10
153.00183743636018
 20
145.99125030890508
 10
153.00192474426566
 20
146.5675514446315
 10
153.001831212227
 20
146.56850256852172
 10
153.00184209697233
 20
146.56860058401415
 10
152.00292491466945
 20
146.56875191699189
 10
146.00385615280337
 20
146.56966075804044
 10
146.0037686859583
 20
145.99231049547632
 10
140.00469992409222
 20
145.99321933652487
 10
140.0046561906697
 20
145.7045442052428
 10
140.00461245724716
 20
145.41586907396072
 10
140.00458044074853
 20
145.20453489502572
 10
140.0039890020431
 20
145.2045348889268
 10
140.00412243976842
 20
132.26453675218997
 10
140.50412243974185
 20
132.26454190820792
  0
LWPOLYLINE
  5
6D
330
17
100
AcDbEntity
  8
0
100
AcDbPolyline
 90
27
 70
0
 10
140.0039981197627
 20
146.99203209920083
 10
139.810904947736
 20
146.97304361807915
 10
139.81066703894717
 20
146.97299633254616
 10
139.45034651101355
 20
146.8238106322805
 10
139.45018585662353
 20
146.8237033216504
 10
139.17438399157425
 20
146.54798501028046
 10
139.17427663227173
 20
146.5478243884123
 10
139.02498176385143
 20
146.18754907934516
 10
139.02493440623562
 20
146.1873111848942
 10
139.01645026082687
 20
146.10130379071893
 10
139.01635441939177
 20
146.1009646848287
 10
139.0161469008041
 20
146.10067987889258
 10
139.01585347438706
 20
146.1004847396519
 10
138.8320995976945
 20
146.02067337392756
 10
138.83193502206666
 20
146.02055716630153
 10
138.5727223989351
 20
145.74282839234021
 10
138.57244546943852
 20
145.7426197723406
 10
138.57211394831907
 20
145.74251825388083
 10
138.57176768847654
 20
145.7425360407234
 10
138.5714483145858
 20
145.74267099467195
 10
138.56821400808332
 20
145.7447625607316
 10
138.21927612574189
 20
145.20518024315635
 10
139.408687842503
 20
145.20475015051102
 10
134.37148597626944
 20
137.41544095072211
 10
134.79134330305516
 20
137.14392700053844
 10
140.0039890020431
 20
145.2045348889268
 10
140.0039981197627
 20
146.99203209920083
  0
LWPOLYLINE
  5
6E
330
17
100
AcDbEntity
  8
0
100
AcDbPolyline
 90
14
 70
0
 10
129.57869760406717
 20
129.08331911215006
 10
129.15884027728146
 20
129.35483306233377
 10
128.69555290974864
 20
128.6384256897685
 10
128.69583291909683
 20
128.63815396251573
 10
128.88361043103788
 20
128.36605657699272
 10
128.88378450358087
 20
128.3658876531543
 10
129.03709369878948
 20
128.24387446808166
 10
129.4551890911967
 20
127.97349992819895
 10
129.45603862070902
 20
127.97306211030951
 10
129.4561150244812
 20
127.9729997566565
 10
129.9985549308529
 20
128.8118051619664
 10
135.21120062984087
 20
136.87241305035474
 10
134.79134330305516
 20
137.14392700053844
 10
129.57869760406717
 20
129.08331911215006
  0
LWPOLYLINE
  5
6F
330
17
100
AcDbEntity
  8
0
100
AcDbPolyline
 90
28
 70
0
 10
157.00281891324911
 20
145.41434302317543
 10
157.02199446129106
 20
145.21934757445882
 10
157.02204174682404
 20
145.21910966567
 10
157.1712274470897
 20
144.85878913773638
 10
157.1713347577198
 20
144.85862848334637
 10
157.19333470948848
 20
144.8366218647121
 10
157.19355143308815
 20
144.83629740852658
 10
157.19362749557934
 20
144.8359147135666
 10
158.00173127600027
 20
144.8357922882509
 10
158.00181874284533
 20
145.41314255081505
 10
164.0008875047114
 20
145.41223370976647
 10
164.00080003786633
 20
144.83488344720234
 10
169.50531955881138
 20
144.83404952889072
 10
169.50518994159756
 20
132.26454190820792
 10
170.005189941571
 20
132.26453675218997
 10
170.0053233792963
 20
145.2045348889268
 10
169.9999249385199
 20
145.2045349445957
 10
169.99995626657747
 20
145.4113248687179
 10
170.0
 20
145.7
 10
170.00004373342253
 20
145.98867513128206
 10
164.00097497155647
 20
145.98958397233062
 10
164.00106243840156
 20
146.56693423489477
 10
158.0019936765355
 20
146.56784307594333
 10
157.0030764942326
 20
146.56799440892107
 10
157.00308734927933
 20
146.56789639013513
 10
157.0029935290601
 20
146.56694529462825
 10
157.0029062211546
 20
145.99064415890183
 10
157.00281891324911
 20
145.41434302317543
  0
LWPOLYLINE
  5
70
330
17
100
AcDbEntity
  8
0
100
AcDbPolyline
 90
30
 70
0
 10
170.00507047426456
 20
120.67930687259107
 10
170.0050691510474
 20
120.5509891299304
 10
169.99603908559135
 20
120.5925169116694
 10
169.97057895173592
 20
120.62654455223365
 10
169.93328710104444
 20
120.64692632375403
 10
169.8908988099652
 20
120.6499810770478
 10
169.85106982240188
 20
120.63515709350801
 10
169.5510678375921
 20
120.4426835731277
 10
169.52649379257926
 20
120.42037312748795
 10
169.51057570213288
 20
120.39124832586673
 10
169.50506716624824
 20
120.35851767195723
 10
169.50505736467525
 20
119.40801933464327
 10
169.51408743013127
 20
119.36649155290422
 10
169.5395475639867
 20
119.33246391233999
 10
169.5540397069868
 20
119.32454326635457
 10
169.50505650387225
 20
119.32454377147111
 10
169.50504770609967
 20
118.47138803639105
 10
169.50543038874707
 20
118.47131191197731
 10
169.81086508442738
 20
118.34479302854069
 10
169.8111029855621
 20
118.34474570451246
 10
170.00609532897147
 20
118.32553860468764
 10
170.50399707524545
 20
118.32553347030697
 10
170.50494818592088
 20
118.32562713662911
 10
170.5050462029491
 20
118.32561626572219
 10
170.50505650381908
 20
119.32453345943522
 10
170.50506265749078
 20
119.92127999325027
 10
170.50507245906374
 20
120.87177833056423
 10
170.5051899415444
 20
132.26453159617202
 10
170.005189941571
 20
132.26453675218997
 10
170.00507047426456
 20
120.67930687259107
  0
LWPOLYLINE
  5
71
330
17
100
AcDbEntity
  8
0
100
AcDbPolyline
 90
22
 70
0
 10
175.21796907828426
 20
137.14392700053844
 10
175.63782640506997
 20
137.41544095072211
 10
170.60164995140258
 20
145.203164497256
 10
171.7934903442746
 20
145.20042558166227
 10
171.4412106343973
 20
145.74521968497712
 10
171.18001339798892
 20
146.01783449571428
 10
171.17984312891858
 20
146.01795522470135
 10
170.98833142371038
 20
146.10163608214597
 10
170.98803888056
 20
146.10183142778064
 10
170.9878320825596
 20
146.10211599060116
 10
170.98773661918565
 20
146.1024545584024
 10
170.9798680149768
 20
146.1824701076383
 10
170.97982072944382
 20
146.1827080164271
 10
170.83063502917815
 20
146.54302854436074
 10
170.83052771854807
 20
146.54318919875075
 10
170.5548094071781
 20
146.81899106380004
 10
170.55464878530995
 20
146.81909842310256
 10
170.19437347624282
 20
146.96839329152286
 10
170.19413553677947
 20
146.9684406580993
 10
170.00525082922877
 20
146.98709053622156
 10
170.0053233792963
 20
145.2045348889268
 10
175.21796907828426
 20
137.14392700053844
  0
LWPOLYLINE
  5
72
330
17
100
AcDbEntity
  8
0
100
AcDbPolyline
 90
14
 70
0
 10
174.79811175149854
 20
136.87241305035474
 10
180.0107574504865
 20
128.8118051619664
 10
180.5531973568582
 20
127.9729997566565
 10
180.55327376063036
 20
127.97306211030951
 10
180.55412329014268
 20
127.97349992819895
 10
180.9722186825499
 20
128.24387446808166
 10
181.12552787775851
 20
128.3658876531543
 10
181.1257019503015
 20
128.36605657699272
 10
181.31347946224253
 20
128.6381539625157
 10
181.3137594715907
 20
128.63842568976847
 10
180.85047210405793
 20
129.35483306233377
 10
180.4306147772722
 20
129.08331911215006
 10
175.21796907828426
 20
137.14392700053844
 10
174.79811175149854
 20
136.87241305035474
  0
LWPOLYLINE
  5
73
330
17
100
AcDbEntity
  8
0
100
AcDbPolyline
 90
50
 70
0
 10
113.39821955792466
 20
104.0687199042595
 10
113.39842901880631
 20
104.06834687911274
 10
113.3984634214277
 20
104.06792045434716
 10
113.39831646936531
 20
104.06751867491462
 10
113.39607499262286
 20
104.0639923142041
 10
113.403979951374
 20
104.05896764921793
 10
113.57155983755419
 20
103.97343134098375
 10
113.5717871274118
 20
103.97334116695973
 10
113.64853496674789
 20
103.95926914835918
 10
113.64875546462542
 20
103.95920169112858
 10
113.70705749002747
 20
103.93369254424677
 10
113.70723852359605
 20
103.93365113061449
 10
113.81019153028409
 20
103.92961852052048
 10
113.81033273834899
 20
103.92960288972318
 10
113.95537621188149
 20
103.903008597622
 10
113.955569387956
 20
103.90301149738012
 10
114.0378660727053
 20
103.92066940204802
 10
114.03811500133237
 20
103.92069088917115
 10
114.07606429175065
 20
103.91920443727894
 10
114.07481853532741
 20
103.92764150337622
 10
114.07483412372204
 20
103.92801546632587
 10
114.07498611703899
 20
103.92835750333755
 10
114.07525322233904
 20
103.92861969800653
 10
114.0755980204973
 20
103.9287653191445
 10
114.33687460101721
 20
103.98482586356171
 10
114.33705196274927
 20
103.98490246787213
 10
114.65802304227827
 20
104.20640827397392
 10
114.65819196611676
 20
104.20658234651698
 10
114.6631092493463
 20
104.21276089790965
 10
114.66317134014083
 20
104.21281237593912
 10
113.9352916130129
 20
104.8940530835162
 10
113.92870035903633
 20
104.90929452117653
 10
113.94076050710329
 20
104.901495446985
 10
119.15340620609126
 20
112.96210333537334
 10
118.73354887930554
 20
113.23361728555705
 10
113.69693633570972
 20
105.44521938858385
 10
113.22001845663708
 20
106.54803141021503
 10
112.85816694098374
 20
105.98852743410764
 10
112.71848300434175
 20
105.6473356665098
 10
112.7184407594537
 20
105.64713052318805
 10
112.71870904853951
 20
105.24264301127515
 10
112.71876009772785
 20
105.24239676781006
 10
112.78005991982508
 20
105.04856001698784
 10
113.0122774403782
 20
104.51158649484324
 10
113.10233446047963
 20
104.34749665574422
 10
113.10246459589183
 20
104.34730467770909
 10
113.36544759404116
 20
104.08319626509083
 10
113.36560011768017
 20
104.08309192111267
 10
113.39787337465286
 20
104.06897125812038
 10
113.39821955792466
 20
104.0687199042595
  0
LWPOLYLINE
  5
74
330
17
100
AcDbEntity
  8
0
100
AcDbPolyline
 90
14
 70
0
 10
119.57326353287698
 20
112.69058938518967
 10
124.78590923186493
 20
120.75119727357801
 10
125.32834913823663
 20
121.59000267888788
 10
125.3282609291507
 20
121.5900467773187
 10
125.32751313714272
 20
121.59064191764634
 10
124.90941774473546
 20
121.86101645752908
 10
124.73525075118475
 20
121.95077605318829
 10
124.73502528477071
 20
121.95086550378697
 10
124.40984462624601
 20
122.01048865819605
 10
124.40948194582255
 20
122.01063254650485
 10
123.9461945782935
 20
121.29422517394539
 10
124.36605190507922
 20
121.0227112237617
 10
119.15340620609126
 20
112.96210333537334
 10
119.57326353287698
 20
112.69058938518967
  0
LWPOLYLINE
  5
75
330
17
100
AcDbEntity
  8
0
100
AcDbPolyline
 90
18
 70
0
 10
135.9622036699026
 20
84.97247070440805
 10
134.5008362861909
 20
86.34008979989285
 10
134.15918665582282
 20
85.97502058718193
 10
135.62055403953454
 20
84.60740149169713
 10
135.27890440916647
 20
84.24233227898621
 10
135.38288152200542
 20
84.14502540968226
 10
135.9018261942473
 20
83.65937159588532
 10
135.9018261942473
 20
83.65937159588533
 10
135.902143260032
 20
83.65959899470491
 10
136.2032214519202
 20
83.79616144769416
 10
136.20341856122332
 20
83.79630281401315
 10
136.35067919413177
 20
83.92555153804787
 10
136.69089508929807
 20
84.2890887351064
 10
136.69147658531742
 20
84.28984718568255
 10
136.6915514968858
 20
84.28991132437102
 10
136.63903579305438
 20
84.33905808936194
 10
136.0548144737256
 20
84.88580098318104
 10
135.9622036699026
 20
84.97247070440805
  0
LWPOLYLINE
  5
76
330
17
100
AcDbEntity
  8
0
100
AcDbPolyline
 90
5
 70
0
 10
132.6978192721111
 20
87.34263968266673
 10
132.35616964174304
 20
86.97757046995581
 10
133.81753702545475
 20
85.60995137447101
 10
134.15918665582282
 20
85.97502058718193
 10
132.6978192721111
 20
87.34263968266673
  0
LWPOLYLINE
  5
77
330
17
100
AcDbEntity
  8
0
100
AcDbPolyline
 90
15
 70
0
 10
185.5998304355166
 20
122.01063254650524
 10
185.5998304355166
 20
122.01063254650522
 10
185.59946775509312
 20
122.01048865819644
 10
185.27428709658125
 20
121.95086550379197
 10
185.27406163016707
 20
121.95077605319324
 10
185.09989463660392
 20
121.86101645752909
 10
184.68179924419664
 20
121.59064191764632
 10
184.68105145218865
 20
121.59004677731872
 10
184.68096324310275
 20
121.5900026788879
 10
185.22340314947445
 20
120.75119727357801
 10
190.43604884846243
 20
112.69058938518967
 10
190.85590617524815
 20
112.96210333537336
 10
185.64326047626017
 20
121.02271122376172
 10
186.06311780304588
 20
121.2942251739454
 10
185.5998304355166
 20
122.01063254650524
  0
LWPOLYLINE
  5
78
330
17
100
AcDbEntity
  8
0
100
AcDbPolyline
 90
42
 70
0
 10
196.0685518742361
 20
104.901495446985
 10
196.07147297465153
 20
104.90338446847414
 10
196.07
 20
104.9
 10
195.34197912374984
 20
104.21858860557506
 10
195.60255617191714
 20
104.01815032989941
 10
195.60270520383503
 20
104.01807176516556
 10
195.91950943919917
 20
103.91497910051018
 10
195.91981820291227
 20
103.91481419831771
 10
195.92005121920343
 20
103.91455298734617
 10
195.92017993710763
 20
103.91422747319173
 10
195.92018569533428
 20
103.91399447222118
 10
195.92212316854258
 20
103.91406452823179
 10
195.92246874584637
 20
103.91401609947125
 10
195.92530763674986
 20
103.91309228345102
 10
195.92555683516528
 20
103.91305613122357
 10
195.93374369265794
 20
103.91190420780849
 10
195.93398357281185
 20
103.91366364483648
 10
195.93408986705967
 20
103.9139950213749
 10
195.93430328685304
 20
103.9142699047486
 10
195.93459798516037
 20
103.91445500414078
 10
195.9349382714005
 20
103.91452790237187
 10
196.2915737656732
 20
103.9274232858357
 10
196.29175379535909
 20
103.92746420667385
 10
196.63311016160708
 20
104.07617884071921
 10
196.6332627214759
 20
104.07628281518346
 10
196.8965009141227
 20
104.33961884584338
 10
196.89663133218446
 20
104.33981035881415
 10
196.9869642118716
 20
104.50353640978285
 10
197.00899710741444
 20
104.55416161251875
 10
197.22511226016783
 20
105.05073154365435
 10
197.27795706394954
 20
105.20579660821032
 10
197.278006684621
 20
105.2059938959438
 10
197.30485558142092
 20
105.53142990880097
 10
197.30484232856645
 20
105.53159161517226
 10
197.22536455304476
 20
105.848313488325
 10
197.2252834723309
 20
105.8485000642576
 10
197.14789629988914
 20
105.9928917990464
 10
196.78791259521867
 20
106.54955489435739
 10
196.30933487624793
 20
105.4499221202338
 10
191.27576350203387
 20
113.23361728555705
 10
190.85590617524815
 20
112.96210333537336
 10
196.0685518742361
 20
104.901495446985
  0
LWPOLYLINE
  5
79
330
17
100
AcDbEntity
  8
0
100
AcDbPolyline
 90
49
 70
0
 10
146.0037686859583
 20
275.7923104954763
 10
140.00469992409222
 20
275.7932193365248
 10
140.0046561906697
 20
275.5045442052428
 10
140.00465355139144
 20
275.4871228841285
 10
140.0046561906697
 20
276.0045442052428
 10
140.0046561906697
 20
286.96454420524276
 10
139.5046561906697
 20
286.96454420524276
 10
139.5046561906697
 20
276.49692040512497
 10
134.2337001358272
 20
281.6875070291835
 10
133.88287322536632
 20
281.3312480238286
 10
139.41710010622302
 20
275.8814048220646
 10
138.24316304949858
 20
275.63537233447465
 10
138.71573667955056
 20
275.1700043182156
 10
138.84145977112516
 20
275.0650320519564
 10
138.84162604817678
 20
275.0649149283278
 10
139.00508560903913
 20
274.98603269571066
 10
139.00538441346265
 20
274.9858118538352
 10
139.0055819650622
 20
274.98549716576264
 10
139.00565099080865
 20
274.9851320758233
 10
139.0056492281698
 20
274.6395728641834
 10
139.02484975457577
 20
274.44459816375104
 10
139.0248970662783
 20
274.4443602826685
 10
139.17410859953492
 20
274.08408928395454
 10
139.17421591518735
 20
274.083928653868
 10
139.44992904679256
 20
273.8081723427863
 10
139.450089660072
 20
273.80806500198065
 10
139.81033728812363
 20
273.65879705288114
 10
139.81057516179465
 20
273.6587497039274
 10
140.00464412753027
 20
273.6396076855852
 10
140.00464922280614
 20
274.6385187925757
 10
146.00359375226813
 20
274.637609970348
 10
146.00368121911322
 20
275.2149602329122
 10
152.00274998097927
 20
275.2140513918636
 10
152.0026625141342
 20
274.63670112929947
 10
152.81076629454628
 20
274.6365787039838
 10
152.8108424729883
 20
274.63696137587976
 10
152.81105929488632
 20
274.6372857663844
 10
152.8330659135423
 20
274.6592857181753
 10
152.8331732728447
 20
274.65944634004336
 10
152.98246814121725
 20
275.0197216490292
 10
152.9825154988331
 20
275.01995954348024
 10
153.0017501284547
 20
275.21494917317864
 10
153.00183743636018
 20
275.7912503089051
 10
153.00192474426566
 20
276.3675514446315
 10
153.001831212227
 20
276.3685025685217
 10
153.00184209697233
 20
276.36860058401413
 10
152.00292491466945
 20
276.36875191699187
 10
146.00385615280337
 20
276.3696607580404
 10
146.0037686859583
 20
275.7923104954763
  0
LWPOLYLINE
  5
7A
330
17
100
AcDbEntity
  8
0
100
AcDbPolyline
 90
14
 70
0
 10
140.5046561906697
 20
286.96454420524276
 10
140.5046561906697
 20
297.92454420524274
 10
140.5046561906697
 20
298.9234613990089
 10
140.5045581735294
 20
298.9234505291127
 10
140.50360706381983
 20
298.9235442052427
 10
140.0057053175195
 20
298.9235442052427
 10
139.81071277620967
 20
298.90433911621744
 10
139.8104748745869
 20
298.9042917946425
 10
139.505038874102
 20
298.7777760608185
 10
139.5046561906697
 20
298.77769994035106
 10
139.5046561906697
 20
297.92454420524274
 10
140.0046561906697
 20
297.92454420524274
 10
140.0046561906697
 20
286.96454420524276
 10
140.5046561906697
 20
286.96454420524276
  0
LWPOLYLINE
  5
7B
330
17
100
AcDbEntity
  8
0
100
AcDbPolyline
 90
14
 70
0
 10
134.58452704628812
 20
282.0437660345384
 10
128.81357099144563
 20
287.72672885847913
 10
128.10182449967957
 20
288.4276229242696
 10
128.10176347057535
 20
288.4275454583876
 10
128.1010293748838
 20
288.42693350380404
 10
127.75167471214846
 20
288.07216954200106
 10
127.62854142226938
 20
287.91975852019874
 10
127.62840821516124
 20
287.91955580764386
 10
127.504242617402
 20
287.6131569082094
 10
127.50402834331355
 20
287.6128308291546
 10
128.11191717052384
 20
287.01421084776933
 10
128.46274408098475
 20
287.37046985312423
 10
134.2337001358272
 20
281.6875070291835
 10
134.58452704628812
 20
282.0437660345384
  0
LWPOLYLINE
  5
7C
330
17
100
AcDbEntity
  8
0
100
AcDbPolyline
 90
14
 70
0
 10
123.40432964270417
 20
292.3532280317402
 10
123.75368430543945
 20
292.70799199354303
 10
123.75428490927139
 20
292.70873540455574
 10
123.75436142836918
 20
292.7087976166294
 10
123.04261493660314
 20
293.40969168241986
 10
117.27165888176067
 20
299.0926545063606
 10
116.92083197129978
 20
298.7363955010057
 10
122.69178802614225
 20
293.05343267706496
 10
122.34096111568135
 20
292.69717367171006
 10
122.9488499428924
 20
292.0985536903241
 10
122.94917269138892
 20
292.0987729489451
 10
123.25362776714161
 20
292.22763135236016
 10
123.25382840919848
 20
292.22776765818713
 10
123.40432964270417
 20
292.3532280317402
  0
LWPOLYLINE
  5
7D
330
17
100
AcDbEntity
  8
0
100
AcDbPolyline
 90
28
 70
0
 10
111.14987591645729
 20
304.4193583249464
 10
111.15
 20
304.42
 10
111.88737111426084
 20
305.09517798046636
 10
111.85219582124972
 20
305.12981693467145
 10
111.68347785609734
 20
305.2634408351809
 10
111.68325287080752
 20
305.2635825066715
 10
111.28070288141868
 20
305.40880126507864
 10
111.2804931105314
 20
305.40882878966835
 10
110.85410566292197
 20
305.3723770919038
 10
110.85390360798559
 20
305.3723143604838
 10
110.4818442218279
 20
305.1608745465595
 10
110.48168692363593
 20
305.1607330590795
 10
110.23216167631318
 20
304.813066361286
 10
110.23205648535047
 20
304.81282218091593
 10
110.16868157998233
 20
304.60714106874786
 10
110.05516451923766
 20
304.02010861915994
 10
110.03734964095085
 20
303.85733021401296
 10
110.0373441512087
 20
303.8571269439995
 10
110.08192614347949
 20
303.5337867196831
 10
110.08197423041153
 20
303.5336318339496
 10
110.22835308839224
 20
303.24189619221045
 10
110.22847273370799
 20
303.24173177252135
 10
110.335343842867
 20
303.11766427039464
 10
110.80813070468699
 20
302.65208627364035
 10
111.0358848518241
 20
303.8298746520625
 10
116.57000506083888
 20
298.3801364956508
 10
116.92083197129978
 20
298.7363955010057
 10
111.14987591645729
 20
304.4193583249464
  0
LWPOLYLINE
  5
7E
330
17
100
AcDbEntity
  8
0
100
AcDbPolyline
 90
14
 70
0
 10
139.505038874102
 20
308.03131234966696
 10
139.8104748745869
 20
307.90479661584294
 10
139.81071277620967
 20
307.904749294268
 10
140.0057053175195
 20
307.88554420524275
 10
140.50360706381983
 20
307.88554420524275
 10
140.5045581735294
 20
307.88563788137276
 10
140.5046561906697
 20
307.8856270114766
 10
140.5046561906697
 20
308.8845442052427
 10
140.5046561906697
 20
319.8445442052427
 10
140.0046561906697
 20
319.8445442052427
 10
140.0046561906697
 20
308.8845442052427
 10
139.5046561906697
 20
308.8845442052427
 10
139.5046561906697
 20
308.0313884701344
 10
139.505038874102
 20
308.03131234966696
  0
LWPOLYLINE
  5
7F
330
17
100
AcDbEntity
  8
0
100
AcDbPolyline
 90
56
 70
0
 10
140.0046561906697
 20
330.43851879152004
 10
146.00359375226813
 20
330.4376099703479
 10
146.00368121911322
 20
331.0149602329121
 10
152.00274998097927
 20
331.0140513918635
 10
152.00266251413422
 20
330.4367011292994
 10
152.81076629454634
 20
330.43657870398374
 10
152.81084247298836
 20
330.4369613758797
 10
152.81105929488638
 20
330.4372857663844
 10
152.8330659135423
 20
330.4592857181752
 10
152.8331732728447
 20
330.45944634004326
 10
152.98246814121725
 20
330.8197216490291
 10
152.9825154988331
 20
330.81995954348014
 10
153.0017501284547
 20
331.01494917317854
 10
153.00183743636018
 20
331.5912503089051
 10
153.00192474426564
 20
332.1675514446315
 10
153.00183121222696
 20
332.16850256852166
 10
153.0018420969723
 20
332.1686005840141
 10
152.00292491466942
 20
332.1687519169918
 10
146.00385615280337
 20
332.1696607580404
 10
146.0037686859583
 20
331.5923104954762
 10
140.00469992409222
 20
331.5932193365247
 10
140.0046561906697
 20
331.3045442052427
 10
140.00461245724716
 20
331.01586907396063
 10
140.004580442159
 20
330.8045442052427
 10
139.96492187652078
 20
330.8045442052427
 10
139.9732410859071
 20
330.8121617357967
 10
139.9741754726598
 20
332.58909938663624
 10
139.81090494766607
 20
332.5730436180652
 10
139.81066703887709
 20
332.5729963325321
 10
139.45034651106374
 20
332.42381063231403
 10
139.45018585667398
 20
332.4237033216841
 10
139.1743839915292
 20
332.14798501021306
 10
139.1742766322268
 20
332.147824388345
 10
139.02498176385424
 20
331.78754907935917
 10
139.0249344062384
 20
331.7873111849081
 10
139.0056997766168
 20
331.59232155520965
 10
139.00565263558855
 20
331.28115353469735
 10
139.00556784256483
 20
331.2807507020612
 10
139.0053279549175
 20
331.28041616072403
 10
138.8300121924453
 20
331.11988730332695
 10
138.82983661838182
 20
331.11972653795476
 10
138.71123506049227
 20
330.99020944376997
 10
138.711102622843
 20
330.9900364788575
 10
138.5503033701157
 20
330.679303808274
 10
138.55025178268383
 20
330.6791379839264
 10
138.51253493413108
 20
330.38060583235597
 10
138.5124265824806
 20
330.38026323953983
 10
138.51220412844023
 20
330.379981062082
 10
138.5118962930329
 20
330.3797957318907
 10
138.5115428208627
 20
330.3797311769318
 10
138.5056561906697
 20
330.3797311769318
 10
138.5056561906697
 20
329.46835942707384
 10
139.5046561906697
 20
330.38309935848815
 10
139.5046561906697
 20
319.8445442052427
 10
140.0046561906697
 20
319.8445442052427
 10
140.0046561906697
 20
330.43851879152004
  0
LWPOLYLINE
  5
80
330
17
100
AcDbEntity
  8
0
100
AcDbPolyline
 90
43
 70
0
 10
170.83053885756976
 20
332.143107297833
 10
170.8304315417423
 20
332.14326792707294
 10
170.55471859069468
 20
332.4190226509721
 10
170.55455797771478
 20
332.4191299911331
 10
170.19431131426145
 20
332.5683970023013
 10
170.19407339630223
 20
332.568444359913
 10
170.0
 20
332.58760469736836
 10
170.0
 20
331.58867513790756
 10
164.00097497155647
 20
331.5895839723306
 10
164.00106243840156
 20
332.16693423489477
 10
158.0019936765355
 20
332.16784307594327
 10
157.0030764942326
 20
332.167994408921
 10
157.00308734927933
 20
332.167896390135
 10
157.0029935290601
 20
332.16694529462825
 10
157.0029062211546
 20
331.5906441589018
 10
157.00281891324911
 20
331.0143430231754
 10
157.0219944612883
 20
330.8193475744727
 10
157.0220417468213
 20
330.8191096656839
 10
157.1712274470897
 20
330.45878913773635
 10
157.1713347577198
 20
330.45862848334633
 10
157.19333470948976
 20
330.4366218647121
 10
157.19355143308943
 20
330.43629740852657
 10
157.19362749558064
 20
330.4359147135666
 10
158.00173127600027
 20
330.43579228825087
 10
158.00181874284533
 20
331.013142550815
 10
164.00088750471141
 20
331.01223370976646
 10
164.00080003786633
 20
330.4348834472023
 10
169.5046561906697
 20
330.43404962938905
 10
169.5046561906697
 20
319.8375039814543
 10
170.0046561906697
 20
319.8375039814543
 10
170.0046561906697
 20
330.79574392550717
 10
171.00408977765014
 20
329.88219375140653
 10
171.00412916348452
 20
330.7945365314986
 10
171.0019029095961
 20
330.861252962058
 10
171.00188277227068
 20
330.8615541685159
 10
170.99897454650713
 20
330.8716065163541
 10
170.99893515325311
 20
330.87188457917085
 10
170.99895625511328
 20
331.0111735232748
 10
170.999
 20
331.30000022705303
 10
170.999
 20
331.5876261672891
 10
170.97979860336892
 20
331.7826001447842
 10
170.97975129075468
 20
331.7828380249013
 10
170.83053885756976
 20
332.143107297833
  0
LWPOLYLINE
  5
81
330
17
100
AcDbEntity
  8
0
100
AcDbPolyline
 90
14
 70
0
 10
170.0046561906697
 20
308.8792640374014
 10
169.5046561906697
 20
308.8792640374014
 10
169.5046561906697
 20
308.0261083022931
 10
169.505038874102
 20
308.02603218182566
 10
169.8104748745869
 20
307.89951644800163
 10
169.81071277620967
 20
307.8994691264267
 10
170.0057053175195
 20
307.88026403740145
 10
170.50360706381983
 20
307.88026403740145
 10
170.5045581735294
 20
307.88035771353145
 10
170.5046561906697
 20
307.88034684363527
 10
170.5046561906697
 20
308.8792640374014
 10
170.5046561906697
 20
319.8375039814543
 10
170.0046561906697
 20
319.8375039814543
 10
170.0046561906697
 20
308.8792640374014
  0
LWPOLYLINE
  5
82
330
17
100
AcDbEntity
  8
0
100
AcDbPolyline
 90
14
 70
0
 10
170.5045581735294
 20
298.9199304172185
 10
170.50360706381983
 20
298.9200240933485
 10
170.0057053175195
 20
298.9200240933485
 10
169.81071277620967
 20
298.90081900432324
 10
169.8104748745869
 20
298.9007716827483
 10
169.505038874102
 20
298.7742559489243
 10
169.5046561906697
 20
298.77417982845685
 10
169.5046561906697
 20
297.92102409334854
 10
170.0046561906697
 20
297.92102409334854
 10
170.0046561906697
 20
286.96278414929566
 10
170.5046561906697
 20
286.96278414929566
 10
170.5046561906697
 20
297.92102409334854
 10
170.5046561906697
 20
298.9199412871147
 10
170.5045581735294
 20
298.9199304172185
  0
LWPOLYLINE
  5
83
330
17
100
AcDbEntity
  8
0
100
AcDbPolyline
 90
8
 70
0
 10
169.5046561906697
 20
286.96278414929566
 10
169.5046561906697
 20
276.0045442052428
 10
170.0046561906697
 20
276.0045442052428
 10
175.77572776088837
 20
281.68762078322743
 10
175.4249008504275
 20
282.04387978858233
 10
170.0046561906697
 20
276.70628085257596
 10
170.0046561906697
 20
286.96278414929566
 10
169.5046561906697
 20
286.96278414929566
  0
LWPOLYLINE
  5
84
330
17
100
AcDbEntity
  8
0
100
AcDbPolyline
 90
14
 70
0
 10
176.12655467134925
 20
281.33136177787253
 10
181.89762624156793
 20
287.0144383558572
 10
182.60937273333397
 20
287.71533242164764
 10
182.60929621423617
 20
287.7153946337213
 10
182.60869561040423
 20
287.716138044734
 10
182.259340947669
 20
288.0709020065368
 10
182.1088397141632
 20
288.19636238008997
 10
182.1086390721064
 20
288.1964986859169
 10
181.80418399635374
 20
288.3253570893319
 10
181.80386124785718
 20
288.32557634795296
 10
181.19597242064617
 20
287.726956366567
 10
181.54679933110705
 20
287.3706973612121
 10
175.77572776088837
 20
281.68762078322743
 10
176.12655467134925
 20
281.33136177787253
  0
LWPOLYLINE
  5
85
330
17
100
AcDbEntity
  8
0
100
AcDbPolyline
 90
14
 70
0
 10
186.359369437743
 20
292.81108688411155
 10
186.48353503550226
 20
292.5046879846771
 10
186.48366824261038
 20
292.5044852721222
 10
186.60680153248947
 20
292.35207425031984
 10
186.95615619522485
 20
291.9973102885169
 10
186.95689029091633
 20
291.99669833393335
 10
186.95695132002055
 20
291.99662086805137
 10
187.66869781178664
 20
292.69751493384183
 10
193.43976938200532
 20
298.3805915118265
 10
193.0889424715444
 20
298.7368505171814
 10
187.31787090132573
 20
293.05377393919673
 10
186.96704399086482
 20
293.41003294455163
 10
186.35915516365455
 20
292.81141296316633
 10
186.359369437743
 20
292.81108688411155
  0
LWPOLYLINE
  5
86
330
17
100
AcDbEntity
  8
0
100
AcDbPolyline
 90
36
 70
0
 10
198.8600140417631
 20
304.41992709516603
 10
199.08704766086635
 20
303.24116854478194
 10
199.56039388636472
 20
303.7072740836102
 10
199.7283381690899
 20
303.9260567908904
 10
199.72843966142742
 20
303.926235592839
 10
199.847993576593
 20
304.27366499294277
 10
199.84802018846085
 20
304.27384526472946
 10
199.8339537370438
 20
304.6409998121508
 10
199.83391341025822
 20
304.641177519379
 10
199.6881274845214
 20
304.9784412004536
 10
199.68799971818845
 20
304.97863084741863
 10
199.5712325838166
 20
305.1214748352739
 10
199.55258088611663
 20
305.1399241613983
 10
199.5525525100592
 20
305.13995150149896
 10
199.5334044342252
 20
305.15792149603084
 10
199.35019604293362
 20
305.32538640809844
 10
199.1652123114558
 20
305.49447410166687
 10
198.9921656842161
 20
305.621431253051
 10
198.99193629359988
 20
305.62156423940667
 10
198.585546114917
 20
305.7518504118324
 10
198.5853360679699
 20
305.7518704468028
 10
198.16164370857047
 20
305.7007602839764
 10
198.1614444513398
 20
305.7006908744947
 10
197.79769405145774
 20
305.47750236491953
 10
197.79750286532527
 20
305.4773186442376
 10
197.7896427298372
 20
305.46794375693213
 10
197.78931726290557
 20
305.4676886513695
 10
197.7889164103323
 20
305.4675870404145
 10
197.78850872094247
 20
305.46765630031
 10
197.7881639127087
 20
305.4678845870893
 10
197.78799293788757
 20
305.46805820923146
 10
197.75209119952734
 20
305.4327038862255
 10
198.49048114151296
 20
304.757765332186
 10
192.7381155610835
 20
299.0931095225363
 10
193.0889424715444
 20
298.7368505171814
 10
198.8600140417631
 20
304.41992709516603
  0
LWPOLYLINE
  5
87
330
17
100
AcDbEntity
  8
0
100
AcDbPolyline
 90
41
 70
0
 10
59.80581868377014
 20
81.26842272396536
 10
59.445520761189044
 20
81.119182437937
 10
59.44536012305816
 20
81.1190751029695
 10
59.16960003163653
 20
80.84331501155343
 10
59.169492696669046
 20
80.84315437342256
 10
59.020252410622476
 20
80.48285645078961
 10
59.02020508904754
 20
80.48261854916709
 10
59.001000000000005
 20
80.287626007745
 10
59.001000000000005
 20
79.13502372306537
 10
59.02020508904754
 20
78.94003118164329
 10
59.020252410622476
 20
78.93979328002077
 10
59.169492696669046
 20
78.57949535738781
 10
59.16960003163653
 20
78.57933471925695
 10
59.44536012305816
 20
78.30357462784087
 10
59.445520761189044
 20
78.30346729287338
 10
59.80581868377014
 20
78.15422700684502
 10
59.806056585392774
 20
78.15417968527005
 10
60.0
 20
78.1350779261913
 10
60.0
 20
79.13397459621557
 10
63.0
 20
79.13397459621557
 10
63.0
 20
79.71132486540519
 10
66.0
 20
79.71132486540519
 10
66.0
 20
79.13397459621557
 10
66.80810378968651
 20
79.13397459621558
 10
66.80817991015401
 20
79.13435727964794
 10
66.80839668290533
 20
79.13468170299677
 10
66.83039996838032
 20
79.15668498847177
 10
66.8305073033478
 20
79.15684562660265
 10
66.97974758937055
 20
79.51714354917532
 10
66.97979491094551
 20
79.51738145079794
 10
66.99900000000001
 20
79.71237399225497
 10
66.99900000000001
 20
80.86497627693467
 10
66.99890632386997
 20
80.86592738664409
 10
66.99891719376613
 20
80.86602540378442
 10
66.0
 20
80.86602540378443
 10
63.0
 20
80.86602540378443
 10
63.0
 20
80.28867513459481
 10
60.0
 20
80.28867513459481
 10
60.0
 20
81.28757180461908
 10
59.806056585392774
 20
81.26847004554033
 10
59.80581868377014
 20
81.26842272396536
  0
LWPOLYLINE
  5
88
330
17
100
AcDbEntity
  8
0
100
AcDbPolyline
 90
41
 70
0
 10
75.83039996838032
 20
80.84331501152823
 10
75.55463987693342
 20
81.11907510297513
 10
75.55447923880254
 20
81.11918243794261
 10
75.19418131622987
 20
81.26842272396536
 10
75.19394332457897
 20
81.26847006344806
 10
75.0
 20
81.28760767821527
 10
75.0
 20
80.28867513459481
 10
72.0
 20
80.28867513459481
 10
72.0
 20
80.86602540378443
 10
69.0
 20
80.86602540378443
 10
68.00108280623387
 20
80.86602540378442
 10
68.00109367613003
 20
80.86592738664409
 10
68.00099999999999
 20
80.86497627693467
 10
68.00099999999999
 20
79.71237399225497
 10
68.02020508905449
 20
79.51738145079794
 10
68.02025241062945
 20
79.51714354917532
 10
68.1694926966522
 20
79.15684562660265
 10
68.16960003161968
 20
79.15668498847177
 10
68.19160331709467
 20
79.13468170299677
 10
68.19182008984599
 20
79.13435727964794
 10
68.19189621031349
 20
79.13397459621558
 10
69.0
 20
79.13397459621557
 10
69.0
 20
79.71132486540519
 10
72.0
 20
79.71132486540519
 10
72.0
 20
79.13397459621557
 10
75.0
 20
79.13397459621557
 10
75.0
 20
78.1350779261913
 10
75.19394341460725
 20
78.15417968527005
 10
75.19418131622987
 20
78.15422700684502
 10
75.55447923880254
 20
78.30346729286777
 10
75.55463987693342
 20
78.30357462783525
 10
75.83039996838032
 20
78.57933471928214
 10
75.8305073033478
 20
78.57949535741302
 10
75.97974758937055
 20
78.9397932799857
 10
75.97979491094551
 20
78.94003118160832
 10
75.99900000000001
 20
79.13502372306534
 10
75.99900000000001
 20
80.28762600774503
 10
75.97979491094551
 20
80.48261854920206
 10
75.97974758937055
 20
80.48285645082468
 10
75.8305073033478
 20
80.84315437339735
 10
75.83039996838032
 20
80.84331501152823
  0
LWPOLYLINE
  5
89
330
17
100
AcDbEntity
  8
0
100
AcDbPolyline
 90
47
 70
0
 10
90.7354115642868
 20
180.36001176353614
 10
90.4593608748938
 20
180.63548095037956
 10
90.4592001236821
 20
180.6355881159165
 10
90.098745047898
 20
180.78444843415653
 10
90.09850700650178
 20
180.78449552267628
 10
89.90590121775234
 20
180.80329610771062
 10
89.90590121775234
 20
179.5158216776121
 10
89.90559684933693
 20
179.80449665174947
 10
86.90441660578647
 20
179.80133231622705
 10
86.90380786895564
 20
180.37868226450175
 10
83.90262762540517
 20
180.37551792897932
 10
82.90371098687811
 20
180.37446470753088
 10
82.90372196011388
 20
180.37436670190584
 10
82.90362928685093
 20
180.3734154939565
 10
82.9042369175211
 20
179.79711467194835
 10
82.90484454819126
 20
179.22081384994024
 10
82.9242552195062
 20
179.02584166604998
 10
82.92430279188953
 20
179.02560381445375
 10
83.0739228798382
 20
178.6654634455148
 10
83.07403038411694
 20
178.66530292064326
 10
83.09605685677126
 20
178.64332284689502
 10
83.09627397146211
 20
178.64299865228372
 10
83.0963504953746
 20
178.6426160493227
 10
83.0963504953746
 20
178.64261604932267
 10
83.90445383589764
 20
178.64346808415522
 10
83.90384509906681
 20
179.22081803242992
 10
86.9050253426173
 20
179.22398236795235
 10
86.90563407944812
 20
178.64663241967764
 10
89.90590121775234
 20
178.64979579245502
 10
89.90590121775234
 20
177.65079523716963
 10
89.90590648707692
 20
177.65079524272542
 10
90.10074949866049
 20
177.6701800872788
 10
90.10098720064305
 20
177.67022759715772
 10
90.4609283467903
 20
177.81965367755805
 10
90.46108880988795
 20
177.81976104859066
 10
90.7365208699343
 20
178.09548366748166
 10
90.73662807172067
 20
178.09564424369813
 10
90.88567456016037
 20
178.4557427392322
 10
90.88572181938855
 20
178.4559804911754
 10
90.9049012177438
 20
178.6508438330304
 10
90.90490107823493
 20
179.5163484666728
 10
90.90490066121635
 20
179.51687617275294
 10
90.90459740021248
 20
179.8045008342392
 10
90.88518672889755
 20
179.9994730181294
 10
90.88513915651421
 20
179.99971086972565
 10
90.73551906856555
 20
180.3598512386646
 10
90.7354115642868
 20
180.36001176353614
  0
LWPOLYLINE
  5
8A
330
17
100
AcDbEntity
  8
0
100
AcDbPolyline
 90
48
 70
0
 10
80.90144738185471
 20
180.3723535934569
 10
77.90026713830423
 20
180.36918925793447
 10
77.90087587513506
 20
179.79183930965976
 10
74.9
 20
179.78867529505237
 10
74.9
 20
180.78767585033776
 10
74.89999473067655
 20
180.78767584478197
 10
74.70515171895319
 20
180.7682910002006
 10
74.70491401697033
 20
180.76824349032157
 10
74.34497287056126
 20
180.6188174096803
 10
74.34481240746369
 20
180.61871003864763
 10
74.06938034738133
 20
180.34298741936965
 10
74.06927314559498
 20
180.34282684315298
 10
73.92022665737325
 20
179.98272834716863
 10
73.92017939814527
 20
179.98249059522507
 10
73.90100000002569
 20
179.78762725335383
 10
73.90100013951762
 20
179.49947321046162
 10
73.90100055653599
 20
179.4989455048597
 10
73.90130492370052
 20
179.21027171710634
 10
73.9019125543707
 20
178.63397089509823
 10
73.92132322568563
 20
178.438998711208
 10
73.92137079806896
 20
178.43876085961176
 10
74.07099088601763
 20
178.07862049067282
 10
74.07109839029637
 20
178.07845996580127
 10
74.34714907968937
 20
177.80299077895785
 10
74.34730983090108
 20
177.8028836134209
 10
74.70776490668517
 20
177.65402329518088
 10
74.70800285806968
 20
177.65397622446693
 10
74.9
 20
177.63527053384118
 10
74.9
 20
179.5
 10
74.90030436841542
 20
179.21132502586264
 10
74.90091310524625
 20
178.63397507758793
 10
77.90209334879671
 20
178.63713941311036
 10
77.90148461196588
 20
179.21448936138506
 10
80.90266485551635
 20
179.2176536969075
 10
80.90327359234718
 20
178.6403037486328
 10
81.71137693286252
 20
178.64115578346528
 10
81.7114526498004
 20
178.64153854694356
 10
81.71166908037121
 20
178.64186319866926
 10
81.73364915414649
 20
178.66388967135066
 10
81.73375631968344
 20
178.66405042256235
 10
81.88261663792207
 20
179.02450549833952
 10
81.88266370863602
 20
179.02474344972396
 10
81.9016631940706
 20
179.21975613193032
 10
81.90105556340042
 20
179.79605695393846
 10
81.90044793273026
 20
180.37235777594657
 10
81.9003532538373
 20
180.37330878635873
 10
81.90036402038176
 20
180.3734068149054
 10
80.90144738185471
 20
180.3723535934569
  0
LWPOLYLINE
  5
8B
330
17
100
AcDbEntity
  8
0
100
AcDbPolyline
 90
24
 70
0
 10
140.00461245724716
 20
79.71586907396066
 10
140.00452499040207
 20
79.13851881139652
 10
146.00359375226813
 20
79.13760997034798
 10
146.00368121911322
 20
79.71496023291212
 10
152.00274998097927
 20
79.71405139186358
 10
152.0026625141342
 20
79.13670112929942
 10
152.81076629456356
 20
79.13657870398372
 10
152.81084247300558
 20
79.13696137587966
 10
152.81105929490357
 20
79.13728576638434
 10
152.83306591350853
 20
79.15928571812485
 10
152.83317327281094
 20
79.1594463399929
 10
152.98246814122007
 20
79.51972164904326
 10
152.98251549883588
 20
79.5199595434942
 10
153.0017501284547
 20
79.71494917317868
 10
153.00183743636018
 20
80.29125030890513
 10
153.00192474426564
 20
80.86755144463152
 10
153.00183121222696
 20
80.86850256852168
 10
153.0018420969723
 20
80.86860058401412
 10
152.00292491466942
 20
80.86875191699185
 10
146.00385615280337
 20
80.86966075804041
 10
146.0037686859583
 20
80.29231049547626
 10
140.00469992409222
 20
80.29321933652481
 10
140.0046561906697
 20
80.00454420524274
 10
140.00461245724716
 20
79.71586907396066
  0
LWPOLYLINE
  5
8C
330
17
100
AcDbEntity
  8
0
100
AcDbPolyline
 90
24
 70
0
 10
157.17133475771982
 20
79.15862848334629
 10
157.1933347094891
 20
79.13662186471211
 10
157.19355143308877
 20
79.13629740852659
 10
157.19362749558
 20
79.13591471356659
 10
158.00173127600027
 20
79.13579228825088
 10
158.00181874284533
 20
79.71314255081502
 10
164.0008875047114
 20
79.71223370976648
 10
164.00080003786633
 20
79.13488344720233
 10
169.99986879973238
 20
79.13397460615379
 10
169.99995626657747
 20
79.71132486871792
 10
170.0
 20
80.0
 10
170.00004373342253
 20
80.28867513128208
 10
164.00097497155647
 20
80.28958397233062
 10
164.00106243840156
 20
80.86693423489476
 10
158.0019936765355
 20
80.86784307594331
 10
157.0030764942326
 20
80.86799440892105
 10
157.00308734927933
 20
80.86789639013509
 10
157.0029935290601
 20
80.86694529462821
 10
157.0029062211546
 20
80.29064415890178
 10
157.00281891324911
 20
79.7143430231754
 10
157.02199446129106
 20
79.51934757445879
 10
157.02204174682407
 20
79.51910966566993
 10
157.17122744708968
 20
79.15878913773636
 10
157.17133475771982
 20
79.15862848334629
  0
LWPOLYLINE
  5
8D
330
17
100
AcDbEntity
  8
0
100
AcDbPolyline
 90
13
 70
0
 10
131.38379407080282
 20
86.75024856249992
 10
131.38383801697083
 20
86.7500604291996
 10
131.54492959775726
 20
86.39490305754617
 10
131.54507096407627
 20
86.39470594824301
 10
131.67290605903602
 20
86.2490559456475
 10
132.6931630814414
 20
87.33809547742399
 10
131.9639975134186
 20
88.02053963541795
 10
131.62747822234758
 20
87.66095243925746
 10
131.50826233644483
 20
87.50545806898263
 10
131.50813432974215
 20
87.50525203306927
 10
131.37090909300304
 20
87.14020889799072
 10
131.37087769847113
 20
87.14001826801493
 10
131.38379407080282
 20
86.75024856249992
  0
LWPOLYLINE
  5
8E
330
17
100
AcDbEntity
  8
0
100
AcDbPolyline
 90
22
 70
0
 10
139.81043314203274
 20
192.85875329354
 10
140.00423198060204
 20
192.83963612876323
 10
140.00424806056373
 20
195.99205667798907
 10
139.810904947736
 20
195.97304361807915
 10
139.81066703894717
 20
195.97299633254616
 10
139.45034651101355
 20
195.8238106322805
 10
139.45018585662353
 20
195.8237033216504
 10
139.17438399157425
 20
195.54798501028046
 10
139.17427663227173
 20
195.5478243884123
 10
139.02498176385143
 20
195.18754907934516
 10
139.02493440623562
 20
195.1873111848942
 10
139.0056997766168
 20
194.99232155520974
 10
139.00561246871135
 20
194.41602041948337
 10
139.00552516080586
 20
193.83971928375698
 10
139.0247007088478
 20
193.64472383504037
 10
139.0247479943808
 20
193.64448592625155
 10
139.17393369464645
 20
193.28416539831792
 10
139.17404100527654
 20
193.2840047439279
 10
139.4497593166465
 20
193.00820287887862
 10
139.44991993851465
 20
193.0080955195761
 10
139.8101952475818
 20
192.8588006511558
 10
139.81043314203274
 20
192.85875329354
  0
LWPOLYLINE
  5
8F
330
17
100
AcDbEntity
  8
0
100
AcDbPolyline
 90
22
 70
0
 10
139.81043314203274
 20
232.15875329354
 10
140.00443244312473
 20
232.13961635426352
 10
140.0044485232878
 20
235.29207639118044
 10
139.810904947736
 20
235.27304361807916
 10
139.81066703894717
 20
235.27299633254617
 10
139.45034651101355
 20
235.1238106322805
 10
139.45018585662353
 20
235.12370332165042
 10
139.17438399157425
 20
234.84798501028047
 10
139.17427663227173
 20
234.8478243884123
 10
139.02498176385143
 20
234.48754907934517
 10
139.02493440623562
 20
234.48731118489422
 10
139.0056997766168
 20
234.29232155520975
 10
139.00561246871135
 20
233.71602041948339
 10
139.00552516080586
 20
233.139719283757
 10
139.0247007088478
 20
232.94472383504038
 10
139.0247479943808
 20
232.94448592625156
 10
139.17393369464645
 20
232.58416539831794
 10
139.17404100527654
 20
232.58400474392792
 10
139.4497593166465
 20
232.30820287887863
 10
139.44991993851465
 20
232.3080955195761
 10
139.8101952475818
 20
232.15880065115581
 10
139.81043314203274
 20
232.15875329354
  0
LWPOLYLINE
  5
90
330
17
100
AcDbEntity
  8
0
100
AcDbPolyline
 90
42
 70
0
 10
170.99899998853584
 20
275.49984865482577
 10
170.99901230645332
 20
275.5812503855257
 10
170.99908993287522
 20
275.58163653331474
 10
170.99931065262095
 20
275.5819627522139
 10
171.17380097837986
 20
275.7537925192407
 10
170.0
 20
275.9999999999999
 10
170.0000086009282
 20
275.7886751366045
 10
164.00097497155647
 20
275.7895839723306
 10
164.00106243840156
 20
276.36693423489476
 10
158.0019936765355
 20
276.3678430759433
 10
157.0030764942326
 20
276.36799440892105
 10
157.00308734927933
 20
276.36789639013506
 10
157.0029935290601
 20
276.3669452946283
 10
157.0029062211546
 20
275.7906441589018
 10
157.00281891324911
 20
275.21434302317545
 10
157.0219944612883
 20
275.01934757447276
 10
157.0220417468213
 20
275.01910966568397
 10
157.1712274470897
 20
274.6587891377364
 10
157.1713347577198
 20
274.6586284833464
 10
157.19333470948976
 20
274.63662186471214
 10
157.19355143308943
 20
274.6362974085266
 10
157.19362749558064
 20
274.63591471356665
 10
158.00173127600027
 20
274.6357922882509
 10
158.00181874284533
 20
275.21314255081506
 10
164.0008875047114
 20
275.2122337097665
 10
164.00080003786633
 20
274.63488344720236
 10
169.99986879973238
 20
274.6339746061538
 10
169.99995626657747
 20
275.21132486871795
 10
170.0
 20
275.5
 10
170.0000160406552
 20
275.60588099392055
 10
170.00009625088143
 20
273.63511519632647
 10
170.19366377615853
 20
273.65415032461334
 10
170.19390168494752
 20
273.6541976101464
 10
170.55422221276086
 20
273.8033833103645
 10
170.55438286715062
 20
273.8034906209944
 10
170.8301847322954
 20
274.07920893246546
 10
170.8302920915978
 20
274.07936955433354
 10
170.97958695997036
 20
274.43964486331936
 10
170.9796343175862
 20
274.4398827577704
 10
170.9988689472078
 20
274.6348723874688
 10
170.99895625511328
 20
275.2111735231954
 10
170.99899998853584
 20
275.49984865482577
  0
LWPOLYLINE
  5
91
330
17
100
AcDbEntity
  8
0
100
AcDbPolyline
 90
22
 70
0
 10
170.19413553677947
 20
235.2684406580993
 10
170.0016570021765
 20
235.28744537932872
 10
170.00178529534796
 20
232.13528129432282
 10
170.1936637760886
 20
232.15415032459953
 10
170.19390168487743
 20
232.1541976101325
 10
170.55422221281106
 20
232.30338331039817
 10
170.55438286720107
 20
232.30349062102826
 10
170.83018473225036
 20
232.57920893239822
 10
170.83029209155288
 20
232.57936955426638
 10
170.97958695997318
 20
232.9396448633335
 10
170.979634317589
 20
232.93988275778446
 10
170.9988689472078
 20
233.13487238746887
 10
170.99895625511328
 20
233.71117352319533
 10
170.99904356301874
 20
234.28747465892175
 10
170.9798680149768
 20
234.4824701076383
 10
170.97982072944382
 20
234.48270801642713
 10
170.83063502917815
 20
234.84302854436075
 10
170.83052771854807
 20
234.84318919875076
 10
170.5548094071781
 20
235.11899106380005
 10
170.55464878530995
 20
235.11909842310257
 10
170.19437347624282
 20
235.26839329152287
 10
170.19413553677947
 20
235.2684406580993
  0
LWPOLYLINE
  5
92
330
17
100
AcDbEntity
  8
0
100
AcDbPolyline
 90
22
 70
0
 10
170.19413553677947
 20
195.9684406580993
 10
170.003256519766
 20
195.98728744802506
 10
170.00338480010782
 20
192.8354385871241
 10
170.1936637760886
 20
192.85415032459952
 10
170.19390168487743
 20
192.8541976101325
 10
170.55422221281106
 20
193.00338331039816
 10
170.55438286720107
 20
193.00349062102825
 10
170.83018473225036
 20
193.2792089323982
 10
170.83029209155288
 20
193.27936955426637
 10
170.97958695997318
 20
193.6396448633335
 10
170.979634317589
 20
193.63988275778445
 10
170.9988689472078
 20
193.83487238746886
 10
170.99895625511328
 20
194.41117352319532
 10
170.99904356301874
 20
194.98747465892174
 10
170.9798680149768
 20
195.1824701076383
 10
170.97982072944382
 20
195.1827080164271
 10
170.83063502917815
 20
195.54302854436074
 10
170.83052771854807
 20
195.54318919875075
 10
170.5548094071781
 20
195.81899106380004
 10
170.55464878530995
 20
195.81909842310256
 10
170.19437347624282
 20
195.96839329152286
 10
170.19413553677947
 20
195.9684406580993
  0
LWPOLYLINE
  5
93
330
17
100
AcDbEntity
  8
0
100
AcDbPolyline
 90
24
 70
0
 10
157.19355143308815
 20
193.83629740852658
 10
157.19362749557934
 20
193.8359147135666
 10
158.00173127600027
 20
193.8357922882509
 10
158.00181874284533
 20
194.41314255081505
 10
164.0008875047114
 20
194.41223370976647
 10
164.00080003786633
 20
193.83488344720234
 10
169.99986879973238
 20
193.8339746061538
 10
169.99995626657747
 20
194.4113248687179
 10
170.0
 20
194.7
 10
170.00004373342253
 20
194.98867513128206
 10
164.00097497155647
 20
194.98958397233062
 10
164.00106243840156
 20
195.56693423489477
 10
158.0019936765355
 20
195.56784307594333
 10
157.0030764942326
 20
195.56799440892107
 10
157.00308734927933
 20
195.56789639013513
 10
157.0029935290601
 20
195.56694529462825
 10
157.0029062211546
 20
194.99064415890183
 10
157.00281891324911
 20
194.41434302317543
 10
157.02199446129106
 20
194.21934757445882
 10
157.02204174682404
 20
194.21910966567
 10
157.1712274470897
 20
193.85878913773638
 10
157.1713347577198
 20
193.85862848334637
 10
157.19333470948848
 20
193.8366218647121
 10
157.19355143308815
 20
193.83629740852658
  0
LWPOLYLINE
  5
94
330
17
100
AcDbEntity
  8
0
100
AcDbPolyline
 90
24
 70
0
 10
153.00183743636018
 20
194.99125030890508
 10
153.00192474426566
 20
195.5675514446315
 10
153.001831212227
 20
195.56850256852172
 10
153.00184209697233
 20
195.56860058401415
 10
152.00292491466945
 20
195.56875191699189
 10
146.00385615280337
 20
195.56966075804044
 10
146.0037686859583
 20
194.99231049547632
 10
140.00469992409222
 20
194.99321933652487
 10
140.0046561906697
 20
194.7045442052428
 10
140.00461245724716
 20
194.41586907396072
 10
140.00452499040207
 20
193.8385188113966
 10
146.00359375226813
 20
193.837609970348
 10
146.00368121911322
 20
194.41496023291216
 10
152.00274998097927
 20
194.4140513918636
 10
152.0026625141342
 20
193.83670112929946
 10
152.81076629456803
 20
193.83657870398375
 10
152.81084247301004
 20
193.8369613758797
 10
152.81105929490806
 20
193.83728576638438
 10
152.83306591349725
 20
193.85928571810803
 10
152.83317327279977
 20
193.8594463399762
 10
152.98246814122007
 20
194.21972164904332
 10
152.98251549883588
 20
194.21995954349427
 10
153.0017501284547
 20
194.41494917317868
 10
153.00183743636018
 20
194.99125030890508
  0
LWPOLYLINE
  5
95
330
17
100
AcDbEntity
  8
0
100
AcDbPolyline
 90
24
 70
0
 10
157.1713347577198
 20
233.15862848334638
 10
157.19333470948848
 20
233.1366218647121
 10
157.19355143308815
 20
233.1362974085266
 10
157.19362749557934
 20
233.13591471356662
 10
158.00173127600027
 20
233.1357922882509
 10
158.00181874284533
 20
233.71314255081506
 10
164.0008875047114
 20
233.71223370976648
 10
164.00080003786633
 20
233.13488344720236
 10
169.99986879973238
 20
233.1339746061538
 10
169.99995626657747
 20
233.71132486871792
 10
170.0
 20
234.0
 10
170.00004373342253
 20
234.28867513128208
 10
164.00097497155647
 20
234.28958397233063
 10
164.00106243840156
 20
234.86693423489479
 10
158.0019936765355
 20
234.86784307594334
 10
157.0030764942326
 20
234.86799440892108
 10
157.00308734927933
 20
234.86789639013514
 10
157.0029935290601
 20
234.86694529462827
 10
157.0029062211546
 20
234.29064415890184
 10
157.00281891324911
 20
233.71434302317545
 10
157.02199446129106
 20
233.51934757445883
 10
157.02204174682404
 20
233.51910966567002
 10
157.1712274470897
 20
233.1587891377364
 10
157.1713347577198
 20
233.15862848334638
  0
LWPOLYLINE
  5
96
330
17
100
AcDbEntity
  8
0
100
AcDbPolyline
 90
25
 70
0
 10
153.0017501284547
 20
233.7149491731787
 10
153.00183743636018
 20
234.2912503089051
 10
153.00192474426566
 20
234.86755144463152
 10
153.001831212227
 20
234.86850256852173
 10
153.00184209697233
 20
234.86860058401416
 10
152.00292491466945
 20
234.8687519169919
 10
146.00385615280337
 20
234.86966075804045
 10
146.0037686859583
 20
234.29231049547633
 10
140.00469992409222
 20
234.29321933652488
 10
140.0046561906697
 20
234.0045442052428
 10
140.00461245724716
 20
233.71586907396073
 10
140.00452499040207
 20
233.1385188113966
 10
146.00359375226813
 20
233.13760997034802
 10
146.00368121911322
 20
233.71496023291218
 10
152.00274998097927
 20
233.71405139186362
 10
152.0026625141342
 20
233.13670112929947
 10
152.81076629456803
 20
233.13657870398376
 10
152.81076629456803
 20
233.1365787039838
 10
152.81084247301004
 20
233.13696137587974
 10
152.81105929490806
 20
233.13728576638442
 10
152.83306591349725
 20
233.15928571810804
 10
152.83317327279977
 20
233.1594463399762
 10
152.98246814122007
 20
233.51972164904333
 10
152.98251549883588
 20
233.51995954349428
 10
153.0017501284547
 20
233.7149491731787
  0
LWPOLYLINE
  5
97
330
17
100
AcDbEntity
  8
0
100
AcDbPolyline
 90
17
 70
0
 10
36.47329141908728
 20
67.1596988312782
 10
35.66223304703364
 20
66.61776695296636
 10
35.12030116872179
 20
65.80670858091271
 10
34.93000000000001
 20
64.85
 10
35.12030116872179
 20
63.89329141908727
 10
35.66223304703364
 20
63.082233047033625
 10
36.47329141908728
 20
62.540301168721776
 10
37.43000000000001
 20
62.349999999999994
 10
38.38670858091273
 20
62.540301168721776
 10
39.197766952966376
 20
63.082233047033625
 10
39.739698831278226
 20
63.89329141908727
 10
39.93000000000001
 20
64.85
 10
39.739698831278226
 20
65.80670858091273
 10
39.197766952966376
 20
66.61776695296636
 10
38.38670858091273
 20
67.1596988312782
 10
37.43000000000001
 20
67.35
 10
36.47329141908728
 20
67.1596988312782
  0
LWPOLYLINE
  5
98
330
17
100
AcDbEntity
  8
0
100
AcDbPolyline
 90
17
 70
0
 10
208.47329141908727
 20
67.1596988312782
 10
207.66223304703362
 20
66.61776695296636
 10
207.1203011687218
 20
65.80670858091271
 10
206.93
 20
64.85
 10
207.1203011687218
 20
63.89329141908727
 10
207.66223304703365
 20
63.082233047033625
 10
208.47329141908727
 20
62.540301168721776
 10
209.43
 20
62.349999999999994
 10
210.38670858091274
 20
62.540301168721776
 10
211.1977669529664
 20
63.082233047033625
 10
211.73969883127822
 20
63.89329141908727
 10
211.93
 20
64.85
 10
211.73969883127822
 20
65.80670858091273
 10
211.19776695296636
 20
66.61776695296636
 10
210.38670858091274
 20
67.1596988312782
 10
209.43
 20
67.35
 10
208.47329141908727
 20
67.1596988312782
  0
LWPOLYLINE
  5
99
330
17
100
AcDbEntity
  8
0
100
AcDbPolyline
 90
17
 70
0
 10
36.47329141908728
 20
389.15969883127826
 10
35.66223304703364
 20
388.6177669529664
 10
35.12030116872179
 20
387.80670858091275
 10
34.93000000000001
 20
386.85
 10
35.12030116872179
 20
385.8932914190873
 10
35.66223304703364
 20
385.08223304703364
 10
36.47329141908728
 20
384.5403011687218
 10
37.43000000000001
 20
384.35
 10
38.38670858091273
 20
384.5403011687218
 10
39.197766952966376
 20
385.08223304703364
 10
39.739698831278226
 20
385.8932914190873
 10
39.93000000000001
 20
386.85
 10
39.739698831278226
 20
387.80670858091275
 10
39.197766952966376
 20
388.6177669529664
 10
38.38670858091273
 20
389.15969883127826
 10
37.43000000000001
 20
389.35
 10
36.47329141908728
 20
389.15969883127826
  0
LWPOLYLINE
  5
9A
330
17
100
AcDbEntity
  8
0
100
AcDbPolyline
 90
17
 70
0
 10
208.47329141908727
 20
389.15969883127826
 10
207.66223304703362
 20
388.6177669529664
 10
207.1203011687218
 20
387.80670858091275
 10
206.93
 20
386.85
 10
207.1203011687218
 20
385.8932914190873
 10
207.66223304703365
 20
385.08223304703364
 10
208.47329141908727
 20
384.5403011687218
 10
209.43
 20
384.35
 10
210.38670858091274
 20
384.5403011687218
 10
211.1977669529664
 20
385.08223304703364
 10
211.73969883127822
 20
385.8932914190873
 10
211.93
 20
386.85
 10
211.73969883127822
 20
387.80670858091275
 10
211.19776695296636
 20
388.6177669529664
 10
210.38670858091274
 20
389.15969883127826
 10
209.43
 20
389.35
 10
208.47329141908727
 20
389.15969883127826
  0
LWPOLYLINE
  5
9B
330
17
100
AcDbEntity
  8
0
100
AcDbPolyline
 90
11
 70
0
 10
48.362085937500005
 20
61.739062499999996
 10
48.505882812500005
 20
61.3025078125
 10
49.16671093750001
 20
61.635468749999994
 10
50.447773437500004
 20
64.94296874999999
 10
50.00792968750001
 20
64.94296874999999
 10
49.27355468750001
 20
62.840624999999996
 10
48.545429687500004
 20
64.94296874999999
 10
48.07199218750001
 20
64.94296874999999
 10
49.05636718750001
 20
62.34531249999999
 10
48.80389843750001
 20
61.81921875
 10
48.362085937500005
 20
61.739062499999996
  0
LWPOLYLINE
  5
9C
330
17
100
AcDbEntity
  8
0
100
AcDbPolyline
 90
15
 70
0
 10
47.19591796875001
 20
63.9953125
 10
45.70529296875001
 20
63.63437499999999
 10
45.42798046875001
 20
62.792218749999996
 10
45.967699218750006
 20
62.324781249999994
 10
46.94594921875001
 20
62.4646875
 10
47.23263671875001
 20
62.66953124999999
 10
47.32013671875001
 20
62.349999999999994
 10
47.77951171875001
 20
62.349999999999994
 10
47.58908203125001
 20
64.5303984375
 10
47.08779296875001
 20
64.9515625
 10
46.048261718750005
 20
64.909375
 10
45.46701171875001
 20
64.203125
 10
46.69951171875
 20
64.6315625
 10
47.118261718750006
 20
64.43865625
 10
47.19591796875001
 20
63.9953125
  0
LWPOLYLINE
  5
9D
330
17
100
AcDbEntity
  8
0
100
AcDbPolyline
 90
14
 70
0
 10
51.00792968750001
 20
62.641406249999996
 10
51.998976562500005
 20
62.293601562499994
 10
52.89718750000001
 20
62.7755859375
 10
53.05011718750001
 20
63.12890624999999
 10
52.596210937500004
 20
63.18515624999999
 10
52.21613281250001
 20
62.715140625
 10
51.61457031250001
 20
62.709765624999996
 10
51.13579687500001
 20
63.450906249999996
 10
53.06261718750001
 20
63.534375
 10
52.735273437500005
 20
64.64765625
 10
51.98742968750001
 20
64.9980234375
 10
51.08054687500001
 20
64.7085703125
 10
50.67770312500001
 20
63.75221875
 10
51.00792968750001
 20
62.641406249999996
  0
LWPOLYLINE
  5
9E
330
17
100
AcDbEntity
  8
0
100
AcDbPolyline
 90
10
 70
0
 10
53.59728515625001
 20
62.349999999999994
 10
54.03634765625001
 20
62.349999999999994
 10
54.15916015625001
 20
64.33268749999999
 10
54.85431640625001
 20
64.45234375
 10
55.005878906250004
 20
64.86015624999999
 10
54.43531640625001
 20
64.9874375
 10
54.05228515625001
 20
64.65278124999999
 10
53.992597656250005
 20
64.94296874999999
 10
53.59728515625001
 20
64.94296874999999
 10
53.59728515625001
 20
62.349999999999994
  0
LWPOLYLINE
  5
9F
330
17
100
AcDbEntity
  8
0
100
AcDbPolyline
 90
9
 70
0
 10
56.58126562500001
 20
64.78759375
 10
56.888203125000004
 20
62.66015624999999
 10
57.50270312500001
 20
62.30390625
 10
58.298710937500005
 20
62.45992187499999
 10
58.85621875000001
 20
63.758898437499994
 10
58.53572656250001
 20
65.5356875
 10
58.02104687500001
 20
65.90184375
 10
57.27976562500001
 20
65.86809375
 10
56.58126562500001
 20
64.78759375
  0
LWPOLYLINE
  5
A0
330
17
100
AcDbEntity
  8
0
100
AcDbPolyline
 90
7
 70
0
 10
42.796406250000004
 20
65.92890625
 10
42.796406250000004
 20
62.349999999999994
 10
45.03234375000001
 20
62.349999999999994
 10
45.03234375000001
 20
62.77265625
 10
43.26984375000001
 20
62.77265625
 10
43.26984375000001
 20
65.92890625
 10
42.796406250000004
 20
65.92890625
  0
LWPOLYLINE
  5
A1
330
17
100
AcDbEntity
  8
0
100
AcDbPolyline
 90
12
 70
0
 10
195.92853572318097
 20
303.6218607728777
 10
195.93687383285936
 20
303.6451642283053
 10
195.35010452075437
 20
303.0673417401018
 10
195.3873396230348
 20
303.0806646727315
 10
195.4760529274957
 20
303.1226229408944
 10
195.5602264236893
 20
303.1730745929402
 10
195.63904947483334
 20
303.23153375188
 10
195.71176297185625
 20
303.2974374240562
 10
195.77766664403242
 20
303.37015092107913
 10
195.83612580297225
 20
303.4489739722232
 10
195.88657745501806
 20
303.53314746841676
 10
195.92853572318097
 20
303.6218607728777
  0
LWPOLYLINE
  5
A2
330
17
100
AcDbEntity
  8
0
100
AcDbPolyline
 90
22
 70
0
 10
139.81045005718184
 20
368.85875151372676
 10
139.9932380639114
 20
368.8407221969438
 10
139.99489468182654
 20
371.9911379513901
 10
139.81089332308872
 20
371.97304184247497
 10
139.81065541473328
 20
371.9729945547618
 10
139.45033625382567
 20
371.8238055524055
 10
139.45017560041913
 20
371.82369824030314
 10
139.17437626219655
 20
371.54797740152816
 10
139.17426890436604
 20
371.5478167786762
 10
139.0249773375359
 20
371.1875401013491
 10
139.0249299821002
 20
371.18730220646427
 10
139.00569713941482
 20
370.9923124005793
 10
139.00561511283777
 20
370.41601126407704
 10
139.00553308626075
 20
369.83971012757496
 10
139.0247104212661
 20
369.6447148546426
 10
139.0247577089794
 20
369.64447694628683
 10
139.1739467112908
 20
369.28415778548595
 10
139.17405402339318
 20
369.2839971320793
 10
139.449774862336
 20
369.00819779371676
 10
139.4499354851883
 20
369.00809043588606
 10
139.81021216229686
 20
368.85879886916246
 10
139.81045005718184
 20
368.85875151372676
  0
LWPOLYLINE
  5
A3
330
17
100
AcDbEntity
  8
0
100
AcDbPolyline
 90
23
 70
0
 10
170.16760293837768
 20
371.9686737642044
 10
170.1673649984401
 20
371.9687211286083
 10
170.0
 20
371.9852446838796
 10
170.0
 20
368.8380144193595
 10
170.16692177758583
 20
368.8544307908919
 10
170.16715968594127
 20
368.8544780786051
 10
170.52747884684888
 20
369.0036670809614
 10
170.52763950025542
 20
369.00377439306374
 10
170.803438838478
 20
369.2794952318387
 10
170.8035461963085
 20
369.2796558546907
 10
170.95283776313866
 20
369.6399325320178
 10
170.95288511857436
 20
369.6401704269026
 10
170.97211796125973
 20
369.8351602327876
 10
170.97219998783677
 20
370.41146136928984
 10
170.97224107578788
 20
370.7001365009605
 10
170.9722820144138
 20
370.9877625057919
 10
170.95310467940845
 20
371.1827577787243
 10
170.95305739169515
 20
371.18299568708005
 10
170.80386838938375
 20
371.54331484788094
 10
170.80376107728137
 20
371.54347550128756
 10
170.52804023833855
 20
371.8192748396501
 10
170.52787961548626
 20
371.8193821974808
 10
170.16760293837768
 20
371.9686737642044
  0
LWPOLYLINE
  5
A4
330
17
100
AcDbEntity
  8
0
100
AcDbPolyline
 90
24
 70
0
 10
145.99824990586382
 20
369.83766570747514
 10
145.99833208176605
 20
370.4150159708166
 10
151.99204906081354
 20
370.41416286806117
 10
151.99196688491128
 20
369.8368126047197
 10
152.8000706664493
 20
369.836697585014
 10
152.80014684138442
 20
369.8370802576081
 10
152.80036366030967
 20
369.8374046500997
 10
152.82237007723782
 20
369.8594048034466
 10
152.82247743506832
 20
369.85956542629856
 10
152.97176900189848
 20
370.21984210362564
 10
152.97181635733418
 20
370.22007999851047
 10
152.99104920001955
 20
370.4150698043955
 10
152.99113122659656
 20
370.99137094089764
 10
152.99121325317358
 20
371.5676720773998
 10
152.99111971241865
 20
371.56862320043297
 10
152.99113059626578
 20
371.56872121602515
 10
151.992213412618
 20
371.5688633947441
 10
145.99849643357052
 20
371.56971649749954
 10
145.9984142576683
 20
370.9923662341581
 10
140.00469727862082
 20
370.99321933691357
 10
140.0046561906697
 20
370.7045442052428
 10
140.00461510271856
 20
370.4158690735721
 10
140.00453292681632
 20
369.83851881023065
 10
145.99824990586382
 20
369.83766570747514
  0
LWPOLYLINE
  5
A5
330
17
100
AcDbEntity
  8
0
100
AcDbPolyline
 90
24
 70
0
 10
157.15528713643786
 20
369.8587880871544
 10
157.17728728988092
 20
369.8367816701322
 10
157.17750401645398
 20
369.8364572159328
 10
157.17758008245227
 20
369.83607452166984
 10
157.98568386395877
 20
369.8359595019642
 10
157.985766039861
 20
370.4133097653057
 10
163.9794830189085
 20
370.4124566625502
 10
163.97940084300626
 20
369.83510639920877
 10
169.97311782205372
 20
369.8342532964533
 10
169.973199997956
 20
370.41160355979474
 10
169.9732410859071
 20
370.7002786914655
 10
169.97328217385822
 20
370.9889538231362
 10
163.97956519481073
 20
370.9898069258917
 10
163.97964737071297
 20
371.56715718923317
 10
157.9859303916655
 20
371.5680102919886
 10
156.98701320801771
 20
371.5681524707076
 10
156.9870240639627
 20
371.5680544520211
 10
156.9869302524595
 20
371.5671033556543
 10
156.98684822588248
 20
370.99080221915216
 10
156.98676619930544
 20
370.4145010826501
 10
157.00594353431077
 20
370.21950580971765
 10
157.00599082202407
 20
370.2192679013619
 10
157.15517982433548
 20
369.858948740561
 10
157.15528713643786
 20
369.8587880871544
  0
LWPOLYLINE
  5
A6
330
17
100
AcDbEntity
  8
0
100
AcDbPolyline
 90
7
 70
0
 10
89.90000000000003
 20
240.4000000000001
 10
90.09134171618257
 20
240.43806023374444
 10
90.2535533905933
 20
240.54644660940681
 10
90.36193976625567
 20
240.70865828381756
 10
90.4
 20
240.9
 10
90.4
 20
240.4
 10
89.90000000000003
 20
240.4000000000001
  0
LWPOLYLINE
  5
A7
330
17
100
AcDbEntity
  8
0
100
AcDbPolyline
 90
4
 70
0
 10
198.86
 20
304.42
 10
198.8600140417631
 20
304.41992709516603
 10
198.85942173047096
 20
304.42052857762224
 10
198.86
 20
304.42
  0
LWPOLYLINE
  5
A8
330
17
100
AcDbEntity
  8
0
100
AcDbPolyline
 90
6
 70
0
 10
170.0
 20
331.3
 10
170.0
 20
330.8000000000001
 10
170.0046561906697
 20
330.79574392550717
 10
169.9999236067067
 20
330.79574392550717
 10
169.99995626657747
 20
331.01132486871796
 10
170.0
 20
331.3
  0
LWPOLYLINE
  5
A9
330
17
100
AcDbEntity
  8
0
100
AcDbPolyline
 90
7
 70
0
 10
261.4243638918821
 20
129.03806023374435
 10
261.6157056080646
 20
129.0
 10
261.1157056080646
 20
129.0
 10
261.1157056080646
 20
129.5
 10
261.153765841809
 20
129.30865828381746
 10
261.26215221747134
 20
129.14644660940672
 10
261.4243638918821
 20
129.03806023374435
  0
LWPOLYLINE
  5
AA
330
17
100
AcDbEntity
  8
0
100
AcDbPolyline
 90
5
 70
0
 10
423.35355841209696
 20
52.54214719596769
 10
226.73785280403231
 20
52.54214719596769
 10
226.73785280403231
 20
399.15785280403236
 10
423.35355841209696
 20
399.15785280403236
 10
423.35355841209696
 20
52.54214719596769
  0
LWPOLYLINE
  5
AB
330
17
100
AcDbEntity
  8
0
100
AcDbPolyline
 90
30
 70
0
 10
261.6157056080646
 20
129.0
 10
261.80704732424715
 20
129.03806023374435
 10
261.9692589986579
 20
129.14644660940672
 10
262.07764537432024
 20
129.30865828381746
 10
262.1157056080646
 20
129.5
 10
262.1157056080646
 20
130.0
 10
264.9157056080646
 20
130.0
 10
264.9157056080646
 20
130.5
 10
262.1157056080646
 20
130.5
 10
262.1157056080646
 20
131.49889667002427
 10
261.92176219345754
 20
131.47979491094554
 10
261.92152429183477
 20
131.47974758937056
 10
261.56122636925363
 20
131.33050730334216
 10
261.56106573112277
 20
131.33039996837465
 10
261.2853056397124
 20
131.05463987697547
 10
261.2851983047449
 20
131.05447923884455
 10
261.1359580186857
 20
130.69418131618778
 10
261.1359106971108
 20
130.69394341456533
 10
261.1167887305925
 20
130.49979483033886
 10
261.11667546713016
 20
130.49942145074235
 10
261.11642793914996
 20
130.49911983702583
 10
261.11608383054306
 20
130.49893590714345
 10
261.1157056080646
 20
130.49889865548076
 10
261.1157056080646
 20
129.5
 10
259.3157056080646
 20
129.5
 10
259.3157056080646
 20
129.0
 10
261.1157056080646
 20
129.0
 10
261.1157056080646
 20
127.3
 10
261.6157056080646
 20
127.3
 10
261.6157056080646
 20
129.0
  0
LWPOLYLINE
  5
AC
330
17
100
AcDbEntity
  8
0
100
AcDbPolyline
 90
14
 70
0
 10
264.9157056080646
 20
129.5
 10
267.7157056080646
 20
129.5
 10
268.7146228018307
 20
129.5
 10
268.7146119319346
 20
129.50009801714035
 10
268.7147056080646
 20
129.50104912684978
 10
268.7147056080646
 20
129.99895087315022
 10
268.6955005190115
 20
130.1939434146003
 10
268.69545319743656
 20
130.19418131622288
 10
268.56893746365586
 20
130.49961731656762
 10
268.56886134318836
 20
130.5
 10
267.7157056080646
 20
130.5
 10
267.7157056080646
 20
130.0
 10
264.9157056080646
 20
130.0
 10
264.9157056080646
 20
129.5
  0
LWPOLYLINE
  5
AD
330
17
100
AcDbEntity
  8
0
100
AcDbPolyline
 90
26
 70
0
 10
259.3157056080646
 20
130.0
 10
257.5157056080646
 20
130.0
 10
257.0157056080646
 20
130.0
 10
256.2157056080646
 20
130.0
 10
255.71570560806458
 20
130.0
 10
253.9157056080646
 20
130.0
 10
253.9157056080646
 20
129.5
 10
255.71570560806458
 20
129.5
 10
255.71570560806458
 20
129.0
 10
256.2157056080646
 20
129.0
 10
256.56886134318177
 20
129.0
 10
256.56893746364926
 20
129.00038268343238
 10
256.6147817285321
 20
129.11106052946957
 10
256.6149985012834
 20
129.11138495281838
 10
256.6153229246322
 20
129.1116017255697
 10
256.6157056080646
 20
129.1116778460372
 10
256.61608829149696
 20
129.1116017255697
 10
256.61641271484575
 20
129.11138495281838
 10
256.6166294875971
 20
129.11106052946957
 10
256.6624737524799
 20
129.00038268343238
 10
256.6625498729474
 20
129.0
 10
257.0157056080646
 20
129.0
 10
257.5157056080646
 20
129.0
 10
257.5157056080646
 20
129.5
 10
259.3157056080646
 20
129.5
 10
259.3157056080646
 20
130.0
  0
LWPOLYLINE
  5
AE
330
17
100
AcDbEntity
  8
0
100
AcDbPolyline
 90
9
 70
0
 10
252.6157056080646
 20
129.5
 10
252.1157056080646
 20
129.5
 10
252.1157056080646
 20
129.0
 10
252.11570560806462
 20
127.7
 10
252.61570560806462
 20
127.7
 10
252.6157056080646
 20
129.0
 10
253.9157056080646
 20
129.0
 10
253.9157056080646
 20
129.5
 10
252.6157056080646
 20
129.5
  0
LWPOLYLINE
  5
AF
330
17
100
AcDbEntity
  8
0
100
AcDbPolyline
 90
12
 70
0
 10
252.1157056080646
 20
130.49889667002427
 10
251.9217621934575
 20
130.47979491094554
 10
251.92152429183471
 20
130.47974758937056
 10
251.56122636925363
 20
130.33050730334216
 10
251.5610657311227
 20
130.33039996837465
 10
251.28530563971242
 20
130.05463987697547
 10
251.28519830474488
 20
130.05447923884455
 10
251.13595801868567
 20
129.69418131618778
 10
251.13591069711075
 20
129.69394341456533
 10
251.11680893804032
 20
129.5
 10
252.1157056080646
 20
129.5
 10
252.1157056080646
 20
130.49889667002427
  0
LWPOLYLINE
  5
B0
330
17
100
AcDbEntity
  8
0
100
AcDbPolyline
 90
26
 70
0
 10
251.61570560806462
 20
127.69999999999999
 10
251.61570560806462
 20
125.89999999999999
 10
251.61570560806462
 20
125.39999999999999
 10
251.61570560806462
 20
124.60000000000001
 10
251.61570560806464
 20
124.1
 10
251.61570560806467
 20
122.3
 10
252.11570560806467
 20
122.3
 10
252.11570560806464
 20
124.1
 10
252.61570560806464
 20
124.10000000000001
 10
252.61570560806464
 20
124.60000000000001
 10
252.61570560806464
 20
124.95315573512579
 10
252.61532292463227
 20
124.95323185559329
 10
252.50464507861625
 20
124.99907612046749
 10
252.5043206552674
 20
124.99929289321881
 10
252.5041038825161
 20
124.99961731656764
 10
252.5040277620486
 20
125.0
 10
252.5041038825161
 20
125.00038268343236
 10
252.5043206552674
 20
125.00070710678119
 10
252.50464507861625
 20
125.00092387953251
 10
252.61532292463227
 20
125.04676814440673
 10
252.61570560806462
 20
125.04684426487422
 10
252.61570560806462
 20
125.39999999999999
 10
252.61570560806462
 20
125.9
 10
252.11570560806462
 20
125.9
 10
252.11570560806462
 20
127.7
 10
251.61570560806462
 20
127.69999999999999
  0
LWPOLYLINE
  5
B1
330
17
100
AcDbEntity
  8
0
100
AcDbPolyline
 90
25
 70
0
 10
252.11570560806467
 20
120.5
 10
251.1168089380404
 20
120.5
 10
251.13591069711222
 20
120.30605658542773
 10
251.13595801868715
 20
120.3058186838052
 10
251.2851983047337
 20
119.94552076117225
 10
251.2853056397012
 20
119.94536012304138
 10
251.56106573112282
 20
119.66960003162531
 10
251.56122636925372
 20
119.66949269665781
 10
251.92152429183483
 20
119.52025241062945
 10
251.92176219345745
 20
119.52020508905449
 10
252.11675473491445
 20
119.50099999999999
 10
252.6146564812149
 20
119.50099999999999
 10
252.8096490226719
 20
119.52020508905449
 10
252.80988692429452
 20
119.52025241062945
 10
253.17018484687563
 20
119.66949269665781
 10
253.17034548500652
 20
119.66960003162531
 10
253.44610557642815
 20
119.94536012304138
 10
253.44621291139563
 20
119.94552076117225
 10
253.5954531974422
 20
120.3058186838052
 10
253.59550051901712
 20
120.30605658542773
 10
253.61460227808894
 20
120.5
 10
252.61570560806467
 20
120.5
 10
252.61570560806467
 20
122.30000000000001
 10
252.11570560806467
 20
122.3
 10
252.11570560806467
 20
120.5
  0
LWPOLYLINE
  5
B2
330
17
100
AcDbEntity
  8
0
100
AcDbPolyline
 90
15
 70
0
 10
261.6157056080646
 20
125.6
 10
261.1157056080646
 20
125.6
 10
261.1157056080646
 20
125.39999999999999
 10
261.1157056080646
 20
124.60000000000001
 10
261.1157056080646
 20
123.9
 10
261.6157056080646
 20
123.9
 10
261.6157056080646
 20
122.2
 10
262.1157056080646
 20
122.2
 10
262.1157056080646
 20
123.9
 10
262.1157056080646
 20
124.60000000000001
 10
262.1157056080646
 20
125.39999999999999
 10
262.1157056080646
 20
125.6
 10
262.1157056080646
 20
127.3
 10
261.6157056080646
 20
127.3
 10
261.6157056080646
 20
125.6
  0
LWPOLYLINE
  5
B3
330
17
100
AcDbEntity
  8
0
100
AcDbPolyline
 90
18
 70
0
 10
261.1157056080646
 20
122.2
 10
261.1157056080646
 20
120.5
 10
260.1168089380403
 20
120.5
 10
260.13591069711214
 20
120.30605658542773
 10
260.13595801868706
 20
120.3058186838052
 10
260.2851983047336
 20
119.94552076117225
 10
260.28530563970116
 20
119.94536012304138
 10
260.56106573112277
 20
119.66960003162531
 10
260.56122636925363
 20
119.66949269665781
 10
260.92152429183477
 20
119.52025241062945
 10
260.92176219345737
 20
119.52020508905449
 10
261.11675473491437
 20
119.50099999999999
 10
261.61465648121487
 20
119.50099999999999
 10
261.6156075909243
 20
119.50109367613003
 10
261.6157056080646
 20
119.50108280623387
 10
261.6157056080646
 20
120.5
 10
261.6157056080646
 20
122.2
 10
261.1157056080646
 20
122.2
  0
LWPOLYLINE
  5
B4
330
17
100
AcDbEntity
  8
0
100
AcDbPolyline
 90
14
 70
0
 10
273.3157056080646
 20
129.5
 10
273.3157056080646
 20
130.0
 10
270.51570560806465
 20
130.0
 10
270.51570560806465
 20
130.5
 10
269.6625498729409
 20
130.5
 10
269.6624737524734
 20
130.49961731656762
 10
269.53595801869267
 20
130.19418131622288
 10
269.53591069711774
 20
130.1939434146003
 10
269.5167056080646
 20
129.99895087315022
 10
269.5167056080646
 20
129.50104912684978
 10
269.51679928419463
 20
129.50009801714035
 10
269.5167884142985
 20
129.5
 10
270.51570560806465
 20
129.5
 10
273.3157056080646
 20
129.5
  0
LWPOLYLINE
  5
B5
330
17
100
AcDbEntity
  8
0
100
AcDbPolyline
 90
29
 70
0
 10
276.1157056080646
 20
130.0
 10
276.1157056080646
 20
129.5000000000001
 10
276.153765841809
 20
129.30865828381755
 10
276.26215221747134
 20
129.14644660940684
 10
276.4243638918821
 20
129.03806023374446
 10
276.6157056080647
 20
129.0000000000001
 10
276.80704732424715
 20
129.03806023374446
 10
276.9692589986579
 20
129.14644660940684
 10
277.0776453743203
 20
129.30865828381758
 10
277.1157056080646
 20
129.5
 10
278.9157056080646
 20
129.5
 10
278.9157056080646
 20
130.0
 10
277.1157056080646
 20
130.0
 10
277.1157056080646
 20
130.99889667002427
 10
276.9757152679747
 20
130.98510882497078
 10
276.97529581136905
 20
130.98515707956795
 10
276.97493365853234
 20
130.98537414562475
 10
276.97469337130184
 20
130.98572132626506
 10
276.9462129114012
 20
131.05447923881937
 10
276.94610557643364
 20
131.0546398769503
 10
276.67034548499805
 20
131.3303999683803
 10
276.6701848468672
 20
131.33050730334776
 10
276.30988692429446
 20
131.47974758937056
 10
276.3096490226717
 20
131.47979491094554
 10
276.1157056080646
 20
131.49889667002427
 10
276.1157056080646
 20
130.5
 10
273.3157056080646
 20
130.5
 10
273.3157056080646
 20
130.0
 10
276.1157056080646
 20
130.0
  0
LWPOLYLINE
  5
B6
330
17
100
AcDbEntity
  8
0
100
AcDbPolyline
 90
5
 70
0
 10
276.1157056080646
 20
129.0000000000001
 10
276.1157056080646
 20
127.3000000000001
 10
276.6157056080646
 20
127.3000000000001
 10
276.6157056080647
 20
129.0000000000001
 10
276.1157056080646
 20
129.0000000000001
  0
LWPOLYLINE
  5
B7
330
17
100
AcDbEntity
  8
0
100
AcDbPolyline
 90
15
 70
0
 10
276.6157056080646
 20
125.60000000000007
 10
276.1157056080646
 20
125.60000000000007
 10
276.1157056080646
 20
125.39999999999999
 10
276.1157056080646
 20
124.60000000000001
 10
276.1157056080646
 20
123.90000000000005
 10
276.6157056080646
 20
123.90000000000005
 10
276.6157056080646
 20
122.20000000000002
 10
277.1157056080646
 20
122.20000000000002
 10
277.1157056080646
 20
123.90000000000005
 10
277.1157056080646
 20
124.60000000000001
 10
277.1157056080646
 20
125.39999999999999
 10
277.1157056080646
 20
125.60000000000007
 10
277.1157056080646
 20
127.3000000000001
 10
276.6157056080646
 20
127.3000000000001
 10
276.6157056080646
 20
125.60000000000007
  0
LWPOLYLINE
  5
B8
330
17
100
AcDbEntity
  8
0
100
AcDbPolyline
 90
5
 70
0
 10
276.1157056080646
 20
122.20000000000002
 10
276.1157056080646
 20
120.5
 10
276.6157056080646
 20
120.5000000000001
 10
276.6157056080646
 20
122.20000000000002
 10
276.1157056080646
 20
122.20000000000002
  0
LWPOLYLINE
  5
B9
330
17
100
AcDbEntity
  8
0
100
AcDbPolyline
 90
12
 70
0
 10
276.6157056080646
 20
119.50110332997582
 10
276.80964902267186
 20
119.52020508905458
 10
276.8098869242945
 20
119.52025241062955
 10
277.1701848468672
 20
119.6694926966523
 10
277.17034548499805
 20
119.66960003161978
 10
277.44610557644495
 20
119.94536012306668
 10
277.44621291141243
 20
119.94552076119756
 10
277.59545319743654
 20
120.30581868377718
 10
277.5955005190115
 20
120.30605658539984
 10
277.6146022780889
 20
120.50000000000011
 10
276.6157056080646
 20
120.5000000000001
 10
276.6157056080646
 20
119.50110332997582
  0
LWPOLYLINE
  5
BA
330
17
100
AcDbEntity
  8
0
100
AcDbPolyline
 90
26
 70
0
 10
278.9157056080646
 20
129.0
 10
280.71570560806464
 20
129.0
 10
281.21570560806464
 20
129.0
 10
282.0157056080646
 20
129.0
 10
282.51570560806465
 20
129.0
 10
284.3157056080647
 20
129.0
 10
284.3157056080647
 20
129.5
 10
282.51570560806465
 20
129.5
 10
282.51570560806465
 20
130.0
 10
282.0157056080646
 20
130.0
 10
281.66254987294093
 20
130.0
 10
281.66247375247343
 20
129.99961731656762
 10
281.61662948759715
 20
129.88893947054717
 10
281.61641271484586
 20
129.88861504719836
 10
281.616088291497
 20
129.88839827444704
 10
281.6157056080647
 20
129.88832215397954
 10
281.6153229246323
 20
129.88839827444704
 10
281.6149985012835
 20
129.88861504719836
 10
281.61478172853214
 20
129.88893947054717
 10
281.5689374636559
 20
129.99961731656762
 10
281.5688613431884
 20
130.0
 10
281.21570560806464
 20
130.0
 10
280.71570560806464
 20
130.0
 10
280.71570560806464
 20
129.5
 10
278.9157056080646
 20
129.5
 10
278.9157056080646
 20
129.0
  0
LWPOLYLINE
  5
BB
330
17
100
AcDbEntity
  8
0
100
AcDbPolyline
 90
25
 70
0
 10
286.11570560806473
 20
129.5
 10
286.1157056080647
 20
127.70000000000003
 10
286.6157056080647
 20
127.70000000000003
 10
286.61570560806473
 20
129.5
 10
287.61460227808897
 20
129.50000000000006
 10
287.59550051901164
 20
129.6939434146003
 10
287.59545319743665
 20
129.69418131622288
 10
287.4462129114013
 20
130.05447923881937
 10
287.44610557643375
 20
130.0546398769503
 10
287.17034548499817
 20
130.3303999683803
 10
287.1701848468673
 20
130.33050730334776
 10
287.0121954559398
 20
130.39594865178026
 10
287.011871032591
 20
130.39616542453157
 10
287.01165425983964
 20
130.3964898478804
 10
286.9462129114012
 20
130.55447923881937
 10
286.9461055764337
 20
130.5546398769503
 10
286.67034548499805
 20
130.8303999683803
 10
286.67018484686724
 20
130.83050730334776
 10
286.3098869242945
 20
130.97974758937056
 10
286.30964902267175
 20
130.97979491094554
 10
286.1157056080646
 20
130.99889667002427
 10
286.1157056080646
 20
130.0
 10
284.3157056080647
 20
130.0
 10
284.3157056080647
 20
129.5
 10
286.11570560806473
 20
129.5
  0
LWPOLYLINE
  5
BC
330
17
100
AcDbEntity
  8
0
100
AcDbPolyline
 90
26
 70
0
 10
285.6157056080647
 20
127.70000000000005
 10
285.6157056080647
 20
125.90000000000008
 10
285.6157056080647
 20
125.39999999999999
 10
285.6157056080647
 20
124.60000000000001
 10
285.6157056080647
 20
124.10000000000011
 10
285.6157056080647
 20
122.30000000000014
 10
286.1157056080647
 20
122.30000000000014
 10
286.1157056080647
 20
124.10000000000011
 10
286.6157056080647
 20
124.1000000000001
 10
286.6157056080647
 20
124.60000000000001
 10
286.6157056080647
 20
124.95315573512771
 10
286.6153229246323
 20
124.9532318555952
 10
286.50464507861915
 20
124.99907612046758
 10
286.5043206552703
 20
124.9992928932189
 10
286.504103882519
 20
124.99961731656772
 10
286.5040277620515
 20
125.00000000000009
 10
286.504103882519
 20
125.00038268343245
 10
286.5043206552703
 20
125.00070710678128
 10
286.50464507861915
 20
125.00092387953259
 10
286.6153229246323
 20
125.04676814440495
 10
286.6157056080647
 20
125.04684426487245
 10
286.6157056080647
 20
125.39999999999999
 10
286.6157056080647
 20
125.90000000000006
 10
286.1157056080647
 20
125.90000000000006
 10
286.1157056080647
 20
127.70000000000003
 10
285.6157056080647
 20
127.70000000000005
  0
LWPOLYLINE
  5
BD
330
17
100
AcDbEntity
  8
0
100
AcDbPolyline
 90
25
 70
0
 10
286.1157056080646
 20
120.50000000000017
 10
285.1168089380404
 20
120.50000000000016
 10
285.13591069711913
 20
120.30605658539292
 10
285.13595801869405
 20
120.3058186837703
 10
285.2851983047168
 20
119.94552076119763
 10
285.28530563968434
 20
119.94536012306675
 10
285.5610657311312
 20
119.66960003161985
 10
285.5612263692621
 20
119.66949269665237
 10
285.92152429183477
 20
119.52025241062962
 10
285.92176219345737
 20
119.52020508905466
 10
286.1167547349144
 20
119.50100000000016
 10
286.61465648121487
 20
119.50100000000016
 10
286.80964902267186
 20
119.52020508905466
 10
286.8098869242945
 20
119.52025241062962
 10
287.1701848468672
 20
119.66949269665237
 10
287.17034548499805
 20
119.66960003161985
 10
287.44610557644495
 20
119.94536012306675
 10
287.44621291141243
 20
119.94552076119763
 10
287.5954531974352
 20
120.3058186837703
 10
287.59550051901016
 20
120.30605658539292
 10
287.6146022780889
 20
120.50000000000017
 10
286.6157056080646
 20
120.50000000000017
 10
286.6157056080647
 20
122.30000000000013
 10
286.1157056080647
 20
122.30000000000014
 10
286.1157056080646
 20
120.50000000000017
  0
LWPOLYLINE
  5
BE
330
17
100
AcDbEntity
  8
0
100
AcDbPolyline
 90
25
 70
0
 10
261.6157056080646
 20
140.5
 10
261.6157056080646
 20
141.49889667002427
 10
261.42176219345754
 20
141.47979491094554
 10
261.42152429183477
 20
141.47974758937056
 10
261.0612263692537
 20
141.33050730334216
 10
261.06106573112277
 20
141.33039996837465
 10
260.7853056397124
 20
141.05463987697547
 10
260.7851983047449
 20
141.05447923884455
 10
260.6359580186857
 20
140.69418131618778
 10
260.6359106971108
 20
140.69394341456533
 10
260.61670560806465
 20
140.49895087315016
 10
260.61670560806465
 20
140.00104912684984
 10
260.6359106971108
 20
139.80605658543467
 10
260.6359580186857
 20
139.80581868381222
 10
260.7851983047449
 20
139.44552076115545
 10
260.7853056397124
 20
139.44536012302453
 10
261.06106573112277
 20
139.16960003162535
 10
261.0612263692537
 20
139.16949269665784
 10
261.42152429183477
 20
139.02025241062944
 10
261.42176219345754
 20
139.02020508905446
 10
261.6157056080646
 20
139.00110332997573
 10
261.6157056080646
 20
140.0
 10
264.6157056080646
 20
140.0
 10
264.6157056080646
 20
140.5
 10
261.6157056080646
 20
140.5
  0
LWPOLYLINE
  5
BF
330
17
100
AcDbEntity
  8
0
100
AcDbPolyline
 90
14
 70
0
 10
264.6157056080646
 20
139.5
 10
267.6157056080646
 20
139.5
 10
268.6146228018307
 20
139.5
 10
268.6146119319346
 20
139.50009801714035
 10
268.6147056080646
 20
139.50104912684978
 10
268.6147056080646
 20
139.99895087315022
 10
268.5955005190115
 20
140.1939434146003
 10
268.59545319743654
 20
140.19418131622288
 10
268.46893746365583
 20
140.49961731656762
 10
268.46886134318834
 20
140.5
 10
267.6157056080646
 20
140.5
 10
267.6157056080646
 20
140.0
 10
264.6157056080646
 20
140.0
 10
264.6157056080646
 20
139.5
  0
LWPOLYLINE
  5
C0
330
17
100
AcDbEntity
  8
0
100
AcDbPolyline
 90
14
 70
0
 10
273.61570560806456
 20
139.5
 10
273.61570560806456
 20
140.0
 10
270.61570560806456
 20
140.0
 10
270.61570560806456
 20
140.5
 10
269.76254987294084
 20
140.5
 10
269.76247375247334
 20
140.49961731656762
 10
269.63595801869263
 20
140.19418131622288
 10
269.63591069711765
 20
140.1939434146003
 10
269.6167056080646
 20
139.99895087315022
 10
269.6167056080646
 20
139.50104912684978
 10
269.6167992841946
 20
139.50009801714035
 10
269.61678841429847
 20
139.5
 10
270.61570560806456
 20
139.5
 10
273.61570560806456
 20
139.5
  0
LWPOLYLINE
  5
C1
330
17
100
AcDbEntity
  8
0
100
AcDbPolyline
 90
25
 70
0
 10
276.61570560806456
 20
140.0
 10
276.61570560806456
 20
139.00110332997573
 10
276.8096490226717
 20
139.02020508905446
 10
276.80988692429446
 20
139.02025241062944
 10
277.1701848468672
 20
139.16949269665224
 10
277.170345484998
 20
139.1696000316197
 10
277.44610557643364
 20
139.4453601230497
 10
277.4462129114011
 20
139.44552076118063
 10
277.59545319743654
 20
139.80581868377712
 10
277.59550051901147
 20
139.8060565853997
 10
277.6147056080646
 20
140.00104912684978
 10
277.6147056080646
 20
140.49895087315022
 10
277.59550051901147
 20
140.6939434146003
 10
277.59545319743654
 20
140.69418131622288
 10
277.4462129114011
 20
141.05447923881937
 10
277.44610557643364
 20
141.0546398769503
 10
277.170345484998
 20
141.3303999683803
 10
277.1701848468672
 20
141.33050730334776
 10
276.80988692429446
 20
141.47974758937056
 10
276.8096490226717
 20
141.47979491094554
 10
276.61570560806456
 20
141.49889667002427
 10
276.61570560806456
 20
140.5
 10
273.61570560806456
 20
140.5
 10
273.61570560806456
 20
140.0
 10
276.61570560806456
 20
140.0
  0
LWPOLYLINE
  5
C2
330
17
100
AcDbEntity
  8
0
100
AcDbPolyline
 90
30
 70
0
 10
274.2157056080646
 20
240.4
 10
276.0157056080646
 20
240.4
 10
276.0157056080646
 20
238.70000000000002
 10
276.5157056080646
 20
238.70000000000002
 10
276.5157056080646
 20
240.4
 10
276.7070473242471
 20
240.43806023374435
 10
276.86925899865787
 20
240.54644660940673
 10
276.9776453743202
 20
240.70865828381747
 10
277.0157056080646
 20
240.9
 10
277.0157056080646
 20
241.4
 10
279.8157056080646
 20
241.4
 10
279.8157056080646
 20
241.9
 10
277.0157056080646
 20
241.9
 10
277.0157056080646
 20
242.89889667002427
 10
276.8217621934575
 20
242.87979491094555
 10
276.82152429183475
 20
242.87974758937057
 10
276.461226369262
 20
242.73050730334776
 10
276.46106573113116
 20
242.7303999683803
 10
276.18530563969557
 20
242.4546398769503
 10
276.18519830472803
 20
242.45447923881937
 10
276.03595801869267
 20
242.0941813162229
 10
276.0359106971177
 20
242.09394341460032
 10
276.01678873059245
 20
241.89979483033883
 10
276.01667546713014
 20
241.89942145074235
 10
276.01642793914993
 20
241.8991198370258
 10
276.01608383054304
 20
241.89893590714345
 10
276.0157056080646
 20
241.89889865548076
 10
276.0157056080646
 20
240.9
 10
274.2157056080646
 20
240.9
 10
274.2157056080646
 20
240.4
  0
LWPOLYLINE
  5
C3
330
17
100
AcDbEntity
  8
0
100
AcDbPolyline
 90
15
 70
0
 10
276.5157056080646
 20
237.0
 10
276.0157056080646
 20
237.0
 10
276.01570560806465
 20
236.8
 10
276.01570560806465
 20
236.0
 10
276.0157056080646
 20
235.3
 10
276.5157056080646
 20
235.3
 10
276.5157056080646
 20
233.6
 10
277.0157056080646
 20
233.6
 10
277.0157056080646
 20
235.3
 10
277.0157056080646
 20
236.0
 10
277.0157056080646
 20
236.8
 10
277.0157056080646
 20
237.0
 10
277.0157056080646
 20
238.70000000000002
 10
276.5157056080646
 20
238.70000000000002
 10
276.5157056080646
 20
237.0
  0
LWPOLYLINE
  5
C4
330
17
100
AcDbEntity
  8
0
100
AcDbPolyline
 90
18
 70
0
 10
276.0157056080646
 20
233.6
 10
276.0157056080646
 20
231.9
 10
275.01680893804036
 20
231.9
 10
275.0359106971177
 20
231.7060565853997
 10
275.03595801869267
 20
231.70581868377712
 10
275.18519830472803
 20
231.34552076118064
 10
275.18530563969557
 20
231.34536012304972
 10
275.46106573113116
 20
231.0696000316197
 10
275.461226369262
 20
231.06949269665225
 10
275.82152429183475
 20
230.92025241062944
 10
275.8217621934575
 20
230.92020508905446
 10
276.01675473491423
 20
230.901
 10
276.51465648121496
 20
230.901
 10
276.5156075909243
 20
230.90109367613005
 10
276.5157056080646
 20
230.9010828062339
 10
276.5157056080646
 20
231.9
 10
276.5157056080646
 20
233.6
 10
276.0157056080646
 20
233.6
  0
LWPOLYLINE
  5
C5
330
17
100
AcDbEntity
  8
0
100
AcDbPolyline
 90
14
 70
0
 10
279.8157056080646
 20
240.9
 10
282.6157056080646
 20
240.9
 10
283.61462280183076
 20
240.9
 10
283.6146119319346
 20
240.90009801714035
 10
283.61470560806464
 20
240.90104912684978
 10
283.61470560806464
 20
241.39895087315023
 10
283.5955005190115
 20
241.59394341460032
 10
283.59545319743654
 20
241.5941813162229
 10
283.46893746365583
 20
241.89961731656763
 10
283.46886134318834
 20
241.9
 10
282.6157056080646
 20
241.9
 10
282.6157056080646
 20
241.4
 10
279.8157056080646
 20
241.4
 10
279.8157056080646
 20
240.9
  0
LWPOLYLINE
  5
C6
330
17
100
AcDbEntity
  8
0
100
AcDbPolyline
 90
26
 70
0
 10
274.2157056080646
 20
241.4
 10
272.4157056080646
 20
241.4
 10
271.9157056080646
 20
241.4
 10
271.1157056080646
 20
241.4
 10
270.6157056080646
 20
241.4
 10
268.8157056080646
 20
241.4
 10
268.8157056080646
 20
240.9
 10
270.6157056080646
 20
240.9
 10
270.6157056080646
 20
240.4
 10
271.1157056080646
 20
240.4
 10
271.46886134318834
 20
240.4
 10
271.46893746365583
 20
240.40038268343238
 10
271.51478172853206
 20
240.51106052945283
 10
271.5149985012834
 20
240.51138495280165
 10
271.51532292463224
 20
240.51160172555296
 10
271.5157056080646
 20
240.51167784602046
 10
271.51608829149694
 20
240.51160172555296
 10
271.5164127148458
 20
240.51138495280165
 10
271.51662948759713
 20
240.51106052945283
 10
271.56247375247335
 20
240.40038268343238
 10
271.56254987294085
 20
240.4
 10
271.9157056080646
 20
240.4
 10
272.4157056080646
 20
240.4
 10
272.4157056080646
 20
240.9
 10
274.2157056080646
 20
240.9
 10
274.2157056080646
 20
241.4
  0
LWPOLYLINE
  5
C7
330
17
100
AcDbEntity
  8
0
100
AcDbPolyline
 90
9
 70
0
 10
267.5157056080646
 20
240.9
 10
267.0157056080646
 20
240.9
 10
267.0157056080646
 20
240.4
 10
267.0157056080646
 20
239.1
 10
267.5157056080646
 20
239.10000000000002
 10
267.5157056080646
 20
240.4
 10
268.8157056080646
 20
240.4
 10
268.8157056080646
 20
240.9
 10
267.5157056080646
 20
240.9
  0
LWPOLYLINE
  5
C8
330
17
100
AcDbEntity
  8
0
100
AcDbPolyline
 90
12
 70
0
 10
267.0157056080646
 20
241.89889667002427
 10
266.8217621934575
 20
241.87979491094555
 10
266.82152429183475
 20
241.87974758937057
 10
266.461226369262
 20
241.73050730334776
 10
266.46106573113116
 20
241.7303999683803
 10
266.18530563969557
 20
241.4546398769503
 10
266.18519830472803
 20
241.45447923881937
 10
266.03595801869267
 20
241.0941813162229
 10
266.0359106971177
 20
241.09394341460032
 10
266.0168089380403
 20
240.90000000000003
 10
267.0157056080646
 20
240.9
 10
267.0157056080646
 20
241.89889667002427
  0
LWPOLYLINE
  5
C9
330
17
100
AcDbEntity
  8
0
100
AcDbPolyline
 90
26
 70
0
 10
266.5157056080646
 20
239.1
 10
266.51570560806465
 20
237.3
 10
266.51570560806465
 20
236.8
 10
266.51570560806465
 20
236.0
 10
266.51570560806465
 20
235.5
 10
266.51570560806465
 20
233.7
 10
267.01570560806465
 20
233.70000000000002
 10
267.01570560806465
 20
235.5
 10
267.51570560806465
 20
235.5
 10
267.51570560806465
 20
236.0
 10
267.51570560806465
 20
236.3531557351276
 10
267.5153229246323
 20
236.35323185559508
 10
267.404645078619
 20
236.3990761204675
 10
267.40432065527017
 20
236.3992928932188
 10
267.4041038825189
 20
236.39961731656763
 10
267.4040277620514
 20
236.4
 10
267.4041038825189
 20
236.40038268343238
 10
267.40432065527017
 20
236.4007071067812
 10
267.404645078619
 20
236.4009238795325
 10
267.51532292463224
 20
236.44676814440493
 10
267.51570560806465
 20
236.44684426487242
 10
267.51570560806465
 20
236.8
 10
267.51570560806465
 20
237.3
 10
267.01570560806465
 20
237.3
 10
267.0157056080646
 20
239.1
 10
266.5157056080646
 20
239.1
  0
LWPOLYLINE
  5
CA
330
17
100
AcDbEntity
  8
0
100
AcDbPolyline
 90
25
 70
0
 10
267.01570560806465
 20
231.9
 10
266.0168089380404
 20
231.9
 10
266.03591069711774
 20
231.7060565853997
 10
266.0359580186927
 20
231.70581868377712
 10
266.18519830472815
 20
231.34552076118064
 10
266.1853056396956
 20
231.34536012304972
 10
266.46106573113127
 20
231.0696000316197
 10
266.4612263692621
 20
231.06949269665225
 10
266.8215242918348
 20
230.92025241062944
 10
266.8217621934576
 20
230.92020508905446
 10
267.01675473491434
 20
230.901
 10
267.51465648121507
 20
230.901
 10
267.7096490226718
 20
230.92020508905446
 10
267.70988692429455
 20
230.92025241062944
 10
268.0701848468673
 20
231.06949269665225
 10
268.0703454849981
 20
231.0696000316197
 10
268.34610557643373
 20
231.34536012304972
 10
268.34621291140127
 20
231.34552076118064
 10
268.49545319743663
 20
231.70581868377712
 10
268.49550051901156
 20
231.7060565853997
 10
268.51460227808894
 20
231.9
 10
267.51570560806465
 20
231.9
 10
267.51570560806465
 20
233.70000000000002
 10
267.01570560806465
 20
233.70000000000002
 10
267.01570560806465
 20
231.9
  0
LWPOLYLINE
  5
CB
330
17
100
AcDbEntity
  8
0
100
AcDbPolyline
 90
15
 70
0
 10
285.4157056080646
 20
241.9
 10
284.56254987294085
 20
241.9
 10
284.56247375247335
 20
241.89961731656763
 10
284.43595801869265
 20
241.5941813162229
 10
284.4359106971177
 20
241.59394341460032
 10
284.4167056080646
 20
241.39895087315023
 10
284.4167056080646
 20
240.90104912684978
 10
284.41679928419467
 20
240.90009801714035
 10
284.4167884142985
 20
240.9
 10
284.4216068258169
 20
240.9
 10
285.4157056080646
 20
240.9
 10
288.21570560806464
 20
240.9
 10
288.21570560806464
 20
241.4
 10
285.4157056080646
 20
241.4
 10
285.4157056080646
 20
241.9
  0
LWPOLYLINE
  5
CC
330
17
100
AcDbEntity
  8
0
100
AcDbPolyline
 90
29
 70
0
 10
291.01570560806465
 20
241.4
 10
291.01570560806465
 20
240.9000000000001
 10
291.05376584180897
 20
240.70865828381753
 10
291.1621522174714
 20
240.54644660940681
 10
291.3243638918821
 20
240.43806023374444
 10
291.51570560806465
 20
240.4000000000001
 10
291.7070473242472
 20
240.43806023374444
 10
291.8692589986579
 20
240.54644660940681
 10
291.9776453743203
 20
240.70865828381756
 10
292.01570560806465
 20
240.9
 10
293.81570560806466
 20
240.9
 10
293.81570560806466
 20
241.4
 10
292.01570560806465
 20
241.4
 10
292.0157056080646
 20
242.39889667002427
 10
291.87571526797467
 20
242.38510882497079
 10
291.875295811369
 20
242.38515707956796
 10
291.8749336585323
 20
242.38537414562475
 10
291.8746933713018
 20
242.38572132626507
 10
291.84621291140115
 20
242.45447923881937
 10
291.8461055764337
 20
242.4546398769503
 10
291.57034548499803
 20
242.7303999683803
 10
291.5701848468672
 20
242.73050730334776
 10
291.2098869242945
 20
242.87974758937057
 10
291.2096490226717
 20
242.87979491094555
 10
291.0157056080646
 20
242.89889667002427
 10
291.01570560806465
 20
241.9
 10
288.21570560806464
 20
241.9
 10
288.21570560806464
 20
241.4
 10
291.01570560806465
 20
241.4
  0
LWPOLYLINE
  5
CD
330
17
100
AcDbEntity
  8
0
100
AcDbPolyline
 90
5
 70
0
 10
291.01570560806465
 20
240.4000000000001
 10
291.01570560806465
 20
238.70000000000007
 10
291.51570560806465
 20
238.70000000000007
 10
291.51570560806465
 20
240.4000000000001
 10
291.01570560806465
 20
240.4000000000001
  0
LWPOLYLINE
  5
CE
330
17
100
AcDbEntity
  8
0
100
AcDbPolyline
 90
15
 70
0
 10
291.51570560806465
 20
237.00000000000006
 10
291.01570560806465
 20
237.00000000000006
 10
291.01570560806465
 20
236.8
 10
291.01570560806465
 20
236.0
 10
291.01570560806465
 20
235.30000000000004
 10
291.51570560806465
 20
235.30000000000004
 10
291.51570560806465
 20
233.60000000000002
 10
292.01570560806465
 20
233.60000000000002
 10
292.01570560806465
 20
235.30000000000004
 10
292.0157056080646
 20
236.0
 10
292.0157056080646
 20
236.8
 10
292.01570560806465
 20
237.00000000000006
 10
292.01570560806465
 20
238.70000000000007
 10
291.51570560806465
 20
238.70000000000007
 10
291.51570560806465
 20
237.00000000000006
  0
LWPOLYLINE
  5
CF
330
17
100
AcDbEntity
  8
0
100
AcDbPolyline
 90
5
 70
0
 10
291.01570560806465
 20
233.60000000000002
 10
291.01570560806465
 20
231.9
 10
291.51570560806465
 20
231.9
 10
291.51570560806465
 20
233.60000000000002
 10
291.01570560806465
 20
233.60000000000002
  0
LWPOLYLINE
  5
D0
330
17
100
AcDbEntity
  8
0
100
AcDbPolyline
 90
26
 70
0
 10
293.81570560806466
 20
240.4
 10
295.6157056080647
 20
240.4
 10
296.1157056080646
 20
240.4
 10
296.9157056080646
 20
240.4
 10
297.4157056080647
 20
240.4
 10
299.2157056080647
 20
240.4
 10
299.2157056080647
 20
240.9
 10
297.4157056080647
 20
240.9
 10
297.4157056080647
 20
241.4
 10
296.9157056080646
 20
241.4
 10
296.56254987294096
 20
241.4
 10
296.56247375247347
 20
241.39961731656763
 10
296.5166294875972
 20
241.28893947054715
 10
296.51641271484584
 20
241.28861504719833
 10
296.51608829149706
 20
241.28839827444702
 10
296.51570560806465
 20
241.28832215397952
 10
296.5153229246323
 20
241.28839827444702
 10
296.5149985012835
 20
241.28861504719833
 10
296.51478172853217
 20
241.28893947054715
 10
296.4689374636559
 20
241.39961731656763
 10
296.4688613431884
 20
241.4
 10
296.1157056080646
 20
241.4
 10
295.6157056080647
 20
241.4
 10
295.6157056080647
 20
240.9
 10
293.81570560806466
 20
240.9
 10
293.81570560806466
 20
240.4
  0
LWPOLYLINE
  5
D1
330
17
100
AcDbEntity
  8
0
100
AcDbPolyline
 90
25
 70
0
 10
301.0157056080647
 20
240.9
 10
301.0157056080647
 20
239.10000000000005
 10
301.5157056080647
 20
239.10000000000005
 10
301.5157056080647
 20
240.9
 10
302.514602278089
 20
240.90000000000006
 10
302.4955005190116
 20
241.09394341460032
 10
302.4954531974367
 20
241.0941813162229
 10
302.34621291140127
 20
241.45447923881937
 10
302.3461055764338
 20
241.4546398769503
 10
302.07034548499814
 20
241.7303999683803
 10
302.07018484686733
 20
241.73050730334776
 10
301.9121954559398
 20
241.79594865178026
 10
301.91187103259097
 20
241.79616542453158
 10
301.9116542598397
 20
241.7964898478804
 10
301.8462129114012
 20
241.95447923881937
 10
301.8461055764337
 20
241.9546398769503
 10
301.57034548499803
 20
242.2303999683803
 10
301.5701848468672
 20
242.23050730334776
 10
301.2098869242945
 20
242.37974758937057
 10
301.2096490226717
 20
242.37979491094555
 10
301.01570560806465
 20
242.39889667002427
 10
301.01570560806465
 20
241.4
 10
299.2157056080647
 20
241.4
 10
299.2157056080647
 20
240.9
 10
301.0157056080647
 20
240.9
  0
LWPOLYLINE
  5
D2
330
17
100
AcDbEntity
  8
0
100
AcDbPolyline
 90
26
 70
0
 10
300.5157056080647
 20
239.10000000000005
 10
300.5157056080647
 20
237.3000000000001
 10
300.5157056080647
 20
236.8
 10
300.51570560806465
 20
236.0
 10
300.51570560806465
 20
235.50000000000014
 10
300.51570560806465
 20
233.7000000000002
 10
301.01570560806465
 20
233.7000000000002
 10
301.01570560806465
 20
235.50000000000014
 10
301.51570560806465
 20
235.50000000000014
 10
301.51570560806465
 20
236.0
 10
301.51570560806465
 20
236.35315573512773
 10
301.5153229246323
 20
236.35323185559523
 10
301.4046450786191
 20
236.3990761204676
 10
301.4043206552703
 20
236.39929289321893
 10
301.404103882519
 20
236.39961731656774
 10
301.4040277620515
 20
236.40000000000012
 10
301.404103882519
 20
236.4003826834325
 10
301.4043206552703
 20
236.4007071067813
 10
301.4046450786191
 20
236.40092387953263
 10
301.5153229246323
 20
236.446768144405
 10
301.51570560806465
 20
236.4468442648725
 10
301.51570560806465
 20
236.8
 10
301.5157056080647
 20
237.3000000000001
 10
301.0157056080647
 20
237.3000000000001
 10
301.0157056080647
 20
239.10000000000005
 10
300.5157056080647
 20
239.10000000000005
  0
LWPOLYLINE
  5
D3
330
17
100
AcDbEntity
  8
0
100
AcDbPolyline
 90
25
 70
0
 10
301.01570560806465
 20
231.90000000000023
 10
300.01680893804036
 20
231.9000000000002
 10
300.03591069711774
 20
231.70605658539992
 10
300.03595801869267
 20
231.70581868377735
 10
300.1851983047281
 20
231.34552076118086
 10
300.18530563969557
 20
231.34536012304994
 10
300.4610657311312
 20
231.06960003161993
 10
300.461226369262
 20
231.06949269665247
 10
300.82152429183475
 20
230.92025241062967
 10
300.8217621934575
 20
230.9202050890547
 10
301.0167547349143
 20
230.90100000000024
 10
301.514656481215
 20
230.90100000000024
 10
301.7096490226717
 20
230.9202050890547
 10
301.7098869242945
 20
230.92025241062967
 10
302.0701848468672
 20
231.06949269665247
 10
302.07034548499803
 20
231.06960003161993
 10
302.3461055764337
 20
231.34536012304994
 10
302.3462129114012
 20
231.34552076118086
 10
302.4954531974366
 20
231.70581868377735
 10
302.49550051901156
 20
231.70605658539992
 10
302.5146022780889
 20
231.90000000000023
 10
301.51570560806465
 20
231.90000000000023
 10
301.51570560806465
 20
233.7000000000002
 10
301.01570560806465
 20
233.7000000000002
 10
301.01570560806465
 20
231.90000000000023
  0
LWPOLYLINE
  5
D4
330
17
100
AcDbEntity
  8
0
100
AcDbPolyline
 90
25
 70
0
 10
276.51570560806465
 20
251.9000000000001
 10
276.51570560806465
 20
252.89889667002436
 10
276.3217621934575
 20
252.87979491094563
 10
276.32152429183475
 20
252.87974758937065
 10
275.961226369262
 20
252.73050730334785
 10
275.9610657311312
 20
252.7303999683804
 10
275.68530563969557
 20
252.45463987695038
 10
275.6851983047281
 20
252.45447923881946
 10
275.53595801869267
 20
252.09418131622297
 10
275.53591069711774
 20
252.0939434146004
 10
275.5167056080646
 20
251.8989508731503
 10
275.5167056080646
 20
251.40104912684987
 10
275.53591069711774
 20
251.20605658539978
 10
275.53595801869267
 20
251.2058186837772
 10
275.6851983047281
 20
250.84552076118072
 10
275.68530563969557
 20
250.8453601230498
 10
275.9610657311312
 20
250.56960003161979
 10
275.961226369262
 20
250.56949269665233
 10
276.32152429183475
 20
250.42025241062953
 10
276.3217621934575
 20
250.42020508905455
 10
276.51570560806465
 20
250.40110332997583
 10
276.51570560806465
 20
251.4000000000001
 10
279.51570560806465
 20
251.40000000000006
 10
279.51570560806465
 20
251.90000000000006
 10
276.51570560806465
 20
251.9000000000001
  0
LWPOLYLINE
  5
D5
330
17
100
AcDbEntity
  8
0
100
AcDbPolyline
 90
14
 70
0
 10
279.51570560806465
 20
250.90000000000006
 10
282.5157056080646
 20
250.90000000000006
 10
283.51462280183074
 20
250.90000000000003
 10
283.51461193193455
 20
250.90009801714038
 10
283.5147056080646
 20
250.9010491268498
 10
283.5147056080646
 20
251.39895087315026
 10
283.4955005190115
 20
251.59394341460037
 10
283.4954531974366
 20
251.59418131622294
 10
283.36893746365587
 20
251.89961731656769
 10
283.36886134318837
 20
251.90000000000006
 10
282.5157056080646
 20
251.90000000000006
 10
282.5157056080646
 20
251.40000000000006
 10
279.51570560806465
 20
251.40000000000006
 10
279.51570560806465
 20
250.90000000000006
  0
LWPOLYLINE
  5
D6
330
17
100
AcDbEntity
  8
0
100
AcDbPolyline
 90
14
 70
0
 10
288.51570560806454
 20
250.90000000000003
 10
288.51570560806454
 20
251.40000000000003
 10
285.5157056080646
 20
251.40000000000003
 10
285.5157056080646
 20
251.90000000000003
 10
284.6625498729409
 20
251.90000000000006
 10
284.6624737524734
 20
251.89961731656769
 10
284.53595801869267
 20
251.59418131622292
 10
284.5359106971177
 20
251.59394341460035
 10
284.51670560806457
 20
251.39895087315028
 10
284.51670560806457
 20
250.90104912684984
 10
284.5167992841946
 20
250.90009801714038
 10
284.51678841429845
 20
250.90000000000003
 10
285.5157056080646
 20
250.90000000000003
 10
288.51570560806454
 20
250.90000000000003
  0
LWPOLYLINE
  5
D7
330
17
100
AcDbEntity
  8
0
100
AcDbPolyline
 90
25
 70
0
 10
291.51570560806454
 20
251.4
 10
291.51570560806454
 20
250.40110332997574
 10
291.70964902267167
 20
250.42020508905446
 10
291.70988692429444
 20
250.42025241062944
 10
292.07018484686716
 20
250.56949269665225
 10
292.070345484998
 20
250.5696000316197
 10
292.3461055764336
 20
250.84536012304972
 10
292.3462129114011
 20
250.84552076118064
 10
292.4954531974365
 20
251.20581868377712
 10
292.49550051901144
 20
251.2060565853997
 10
292.51470560806456
 20
251.40104912684978
 10
292.51470560806456
 20
251.89895087315023
 10
292.49550051901144
 20
252.09394341460032
 10
292.4954531974365
 20
252.0941813162229
 10
292.3462129114011
 20
252.45447923881937
 10
292.3461055764336
 20
252.4546398769503
 10
292.070345484998
 20
252.7303999683803
 10
292.07018484686716
 20
252.73050730334776
 10
291.70988692429444
 20
252.87974758937057
 10
291.70964902267167
 20
252.87979491094555
 10
291.51570560806454
 20
252.89889667002427
 10
291.51570560806454
 20
251.9
 10
288.51570560806454
 20
251.90000000000003
 10
288.51570560806454
 20
251.40000000000003
 10
291.51570560806454
 20
251.4
  0
LWPOLYLINE
  5
D8
330
17
100
AcDbEntity
  8
0
100
AcDbPolyline
 90
34
 70
0
 10
341.961044832334
 20
80.87051800650057
 10
341.62035473696693
 20
81.18935246610307
 10
341.620228361009
 20
93.44454234197954
 10
341.1202283610356
 20
93.4445371859616
 10
341.1203499116399
 20
81.65728144451982
 10
340.5006440453907
 20
82.23723251343846
 10
340.15899441502256
 20
81.87216330072754
 10
341.1203569734073
 20
80.97247318365947
 10
341.1203617987609
 20
80.50453904922479
 10
341.6203617987343
 20
80.50454420524274
 10
341.6204375595093
 20
80.50462515930802
 10
341.62040553215684
 20
80.29321933652481
 10
341.6203617987343
 20
80.00454420524274
 10
341.6203180653118
 20
79.71586907396066
 10
347.61938682717783
 20
79.71496023291212
 10
347.6192993603328
 20
79.13760997034798
 10
353.61836812219883
 20
79.13670112929942
 10
354.6172853045017
 20
79.13654979632169
 10
354.61727444945495
 20
79.13664781510765
 10
354.6173682696742
 20
79.13759891061453
 10
354.6174555775797
 20
79.71390004634095
 10
354.6175428854852
 20
80.29020118206734
 10
354.5983673374433
 20
80.48519663078395
 10
354.59832005191026
 20
80.48543453957281
 10
354.4491343516446
 20
80.84575506750637
 10
354.44902704101446
 20
80.84591572189645
 10
354.4270270892452
 20
80.86792234053063
 10
354.42681036564557
 20
80.86824679671615
 10
354.4267343031543
 20
80.86862949167615
 10
353.61863052273407
 20
80.86875191699185
 10
353.61854305588895
 20
80.29140165442772
 10
347.6194742940229
 20
80.29231049547626
 10
347.619561760868
 20
80.86966075804041
 10
341.961044832334
 20
80.87051800650057
  0
LWPOLYLINE
  5
D9
330
17
100
AcDbEntity
  8
0
100
AcDbPolyline
 90
14
 70
0
 10
342.1202283609824
 20
93.44454749799749
 10
342.12009492325706
 20
106.38454563473431
 10
342.12008462238714
 20
107.38346282844734
 10
342.1199866053589
 20
107.38345195754042
 10
342.11903549468343
 20
107.38354562386256
 10
341.62113374840953
 20
107.38354048948189
 10
341.4261414050001
 20
107.36433338965705
 10
341.4259035038654
 20
107.36428606562882
 10
341.1204688081851
 20
107.2377671821922
 10
341.1200861255377
 20
107.23769105777846
 10
341.12009492331026
 20
106.38453532269841
 10
341.62009492328366
 20
106.38454047871636
 10
341.620228361009
 20
93.44454234197954
 10
342.1202283609824
 20
93.44454749799749
  0
LWPOLYLINE
  5
DA
330
17
100
AcDbEntity
  8
0
100
AcDbPolyline
 90
15
 70
0
 10
338.69762703131084
 20
83.23978239621233
 10
339.03927666167897
 20
83.60485160892324
 10
338.4163548765981
 20
84.18781229202415
 10
338.4163548765981
 20
84.18781229202413
 10
338.4160378108134
 20
84.18758489320456
 10
338.11495961892524
 20
84.0510224402153
 10
338.1147625096221
 20
84.05088107389632
 10
337.96750187671364
 20
83.9216323498616
 10
337.62728598154735
 20
83.55809515280306
 10
337.62670448552797
 20
83.55733670222692
 10
337.6266295739596
 20
83.55727256353843
 10
338.35597740094283
 20
82.87471318350141
 10
339.81734478465455
 20
81.50709408801661
 10
340.15899441502256
 20
81.87216330072754
 10
338.69762703131084
 20
83.23978239621233
  0
LWPOLYLINE
  5
DB
330
17
100
AcDbEntity
  8
0
100
AcDbPolyline
 90
35
 70
0
 10
358.63789365751427
 20
80.48482255619948
 10
358.63784629989846
 20
80.48458466174854
 10
358.6186116702796
 20
80.28959503206406
 10
358.61852436237416
 20
79.7132938963376
 10
358.6184370544687
 20
79.13699276061122
 10
358.61853058650735
 20
79.13604163672106
 10
358.618519701762
 20
79.13594362122862
 10
359.6174368840649
 20
79.13579228825088
 10
365.61650564593094
 20
79.13488344720233
 10
365.616593112776
 20
79.71223370976648
 10
371.6156618746421
 20
79.71132486871792
 10
371.6157056080646
 20
80.0
 10
371.6157493414871
 20
80.28867513128208
 10
371.6157827862682
 20
80.5094371023145
 10
371.6203617987343
 20
80.50454420524274
 10
372.12036179870773
 20
80.50453904922479
 10
372.1203666240613
 20
80.97247318365947
 10
373.081729182446
 20
81.87216330072754
 10
372.740079552078
 20
82.23723251343846
 10
372.12037368582867
 20
81.65728144451982
 10
372.12049523643304
 20
93.4445371859616
 10
371.62049523645965
 20
93.44454234197954
 10
371.6203688605017
 20
81.18935246610307
 10
371.27871216836627
 20
80.86961341795366
 10
371.2820226892645
 20
80.86607596569095
 10
365.6167680464662
 20
80.86693423489476
 10
365.61668057962106
 20
80.28958397233062
 10
359.617611817755
 20
80.29049281337916
 10
359.6176992846001
 20
80.86784307594331
 10
358.8095955041707
 20
80.86796550125902
 10
358.80951932572873
 20
80.86758282936309
 10
358.80930250383074
 20
80.86725843885841
 10
358.7872958852258
 20
80.84525848711789
 10
358.7871885259234
 20
80.84509786524984
 10
358.63789365751427
 20
80.48482255619948
  0
LWPOLYLINE
  5
DC
330
17
100
AcDbEntity
  8
0
100
AcDbPolyline
 90
12
 70
0
 10
371.61956761138526
 20
78.71282717575416
 10
371.8094568509632
 20
78.73150058715667
 10
371.80969475975223
 20
78.73154787268969
 10
372.1700152877459
 20
78.88073357297905
 10
372.1701759421359
 20
78.88084088360914
 10
372.44597780717135
 20
79.1565591949792
 10
372.4460851664737
 20
79.15671981684724
 10
372.5795316840433
 20
79.47875021126984
 10
372.5797532040349
 20
79.47907926744955
 10
372.5797757066977
 20
79.479093977228
 10
371.6203617987343
 20
80.50454420524274
 10
371.61956761138526
 20
78.71282717575416
  0
LWPOLYLINE
  5
DD
330
17
100
AcDbEntity
  8
0
100
AcDbPolyline
 90
14
 70
0
 10
373.4233788128141
 20
81.50709408801661
 10
374.88474619652584
 20
82.87471318350141
 10
375.614094023509
 20
83.55727256353845
 10
375.6140191119406
 20
83.55733670222692
 10
375.61343761592127
 20
83.55809515280306
 10
375.273221720755
 20
83.9216323498616
 10
375.1259610878465
 20
84.05088107389632
 10
375.12576397854343
 20
84.0510224402153
 10
374.8246857866552
 20
84.18758489320456
 10
374.8243687208705
 20
84.18781229202413
 10
374.2014469357897
 20
83.60485160892325
 10
374.5430965661577
 20
83.23978239621233
 10
373.081729182446
 20
81.87216330072754
 10
373.4233788128141
 20
81.50709408801661
  0
LWPOLYLINE
  5
DE
330
17
100
AcDbEntity
  8
0
100
AcDbPolyline
 90
14
 70
0
 10
371.62062867418496
 20
106.38454047871636
 10
372.1206286741584
 20
106.38453532269841
 10
372.120637471931
 20
107.23769105777846
 10
372.12025478928354
 20
107.2377671821922
 10
371.8148200936032
 20
107.36428606562882
 10
371.8145821924685
 20
107.36433338965705
 10
371.61958984905914
 20
107.38354048948189
 10
371.12168810278513
 20
107.38354562386256
 10
371.12073699210976
 20
107.38345195754042
 10
371.12063897508153
 20
107.38346282844734
 10
371.1206286742115
 20
106.38454563473431
 10
371.12049523648625
 20
93.44454749799749
 10
371.62049523645965
 20
93.44454234197954
 10
371.62062867418496
 20
106.38454047871636
  0
LWPOLYLINE
  5
DF
330
17
100
AcDbEntity
  8
0
100
AcDbPolyline
 90
23
 70
0
 10
341.0651420052261
 20
147.40102319809787
 10
340.78933495194576
 20
147.1252593322368
 10
340.78922759766203
 20
147.12509868606364
 10
340.63995855631595
 20
146.76477384127836
 10
340.63991122486755
 20
146.7645359191159
 10
340.62070157268016
 20
146.5695255368736
 10
340.62069896697324
 20
146.0586857601003
 10
340.62062284651984
 20
146.05830308180276
 10
340.62040607741335
 20
146.05797866207885
 10
340.6200816599327
 20
146.05776188961494
 10
340.5652068070955
 20
146.0350313183728
 10
340.56504617007147
 20
146.03492398174885
 10
340.289288922347
 20
145.75916104672118
 10
340.289181589036
 20
145.7590004074834
 10
340.1399450184015
 20
145.3987009458873
 10
340.13989768417025
 20
145.3984629678123
 10
340.12082265597394
 20
145.20507688275
 10
341.61969461010773
 20
145.2045348889268
 10
341.619706673148
 20
147.56945197113626
 10
341.425888813326
 20
147.5503904348139
 10
341.4256508837548
 20
147.55034314062428
 10
341.0653026682088
 20
147.40113052722344
 10
341.0651420052261
 20
147.40102319809787
  0
LWPOLYLINE
  5
E0
330
17
100
AcDbEntity
  8
0
100
AcDbPolyline
 90
11
 70
0
 10
341.1196946101343
 20
145.20452973290884
 10
341.1197025829952
 20
144.431369032161
 10
336.4070489111198
 20
137.14392700053844
 10
336.8269062379055
 20
136.87241305035474
 10
341.1197120777849
 20
143.5106207119593
 10
341.11982804785964
 20
132.26453159617202
 10
341.61982804783304
 20
132.26453675218997
 10
341.61970410489744
 20
144.28378656872508
 10
342.0395519368934
 20
144.93302093874308
 10
341.61969461010773
 20
145.2045348889268
 10
341.1196946101343
 20
145.20452973290884
  0
LWPOLYLINE
  5
E1
330
17
100
AcDbEntity
  8
0
100
AcDbPolyline
 90
15
 70
0
 10
335.987191584334
 20
137.41544095072211
 10
330.7745458853461
 20
129.35483306233377
 10
330.23210597897435
 20
128.51602765702387
 10
330.2321941880603
 20
128.51598355859304
 10
330.2329419800683
 20
128.5153884182654
 10
330.65103737247557
 20
128.24501387838265
 10
330.8252043660389
 20
128.1552542827184
 10
330.82542983245276
 20
128.15516483211982
 10
331.15061049096823
 20
128.0955416777208
 10
331.1509731713917
 20
128.095397789412
 10
331.15097317139174
 20
128.095397789412
 10
331.6142605389175
 20
128.8118051619664
 10
331.19440321213176
 20
129.08331911215006
 10
336.4070489111198
 20
137.14392700053844
 10
335.987191584334
 20
137.41544095072211
  0
LWPOLYLINE
  5
E2
330
17
100
AcDbEntity
  8
0
100
AcDbPolyline
 90
41
 70
0
 10
341.6199464882247
 20
120.77889096937086
 10
341.61448753571574
 20
120.81147813143268
 10
341.5987073168313
 20
120.84050756452564
 10
341.57432859482503
 20
120.86281005781855
 10
341.27432659006695
 20
121.05721803851819
 10
341.2344754139839
 20
121.07223654660379
 10
341.1919888039814
 20
121.06931083458258
 10
341.1545724367901
 20
121.04897153059927
 10
341.1290124134891
 20
121.01490751690184
 10
341.1199444834773
 20
120.97329688766331
 10
341.119954751599
 20
119.97755542471907
 10
341.12823849142126
 20
119.93770513699856
 10
341.1517165501844
 20
119.90445688090044
 10
341.1864993982424
 20
119.88331878122649
 10
341.22682468019536
 20
119.87779271460846
 10
341.2341466292594
 20
119.87829691850692
 10
341.28337733425735
 20
119.85974359552519
 10
341.46557421203545
 20
119.74167596085324
 10
341.50542538811857
 20
119.72665745276764
 10
341.547911998121
 20
119.72958316478885
 10
341.58532836531236
 20
119.74992246877216
 10
341.6108883886134
 20
119.78398648246959
 10
341.6199563186251
 20
119.82559711170803
 10
341.6199576551411
 20
119.6959897288345
 10
341.61996148555835
 20
119.32453861545318
 10
341.11996148558495
 20
119.32453345943523
 10
341.11997028335753
 20
118.47137772435289
 10
341.12035296757483
 20
118.47130160783165
 10
341.42579027254476
 20
118.3447890237273
 10
341.42602817465524
 20
118.34474170460562
 10
341.621020914132
 20
118.32553862632493
 10
342.11892266040593
 20
118.3255437607056
 10
342.1198737691493
 20
118.32563744664351
 10
342.1199717864017
 20
118.3256265777581
 10
342.1199614855318
 20
119.32454377147113
 10
342.11995965988854
 20
119.50158381054204
 10
342.1199596352616
 20
119.5039719903219
 10
342.11994982948806
 20
120.45487766820479
 10
342.11982804780644
 20
132.26454190820792
 10
341.61982804783304
 20
132.26453675218997
 10
341.6199464882247
 20
120.77889096937086
  0
LWPOLYLINE
  5
E3
330
17
100
AcDbEntity
  8
0
100
AcDbPolyline
 90
17
 70
0
 10
337.9649510669946
 20
83.92401952239548
 10
338.08416695289736
 20
84.0795138926703
 10
338.0842949596
 20
84.07971992858367
 10
338.20062515421887
 20
84.38917859637014
 10
338.2008310630471
 20
84.38951002130803
 10
337.6705200817902
 20
84.88580098318104
 10
337.57790927796725
 20
84.97247070440805
 10
337.2362596475991
 20
84.60740149169713
 10
335.7748922638874
 20
85.97502058718193
 10
335.4332426335194
 20
85.60995137447101
 10
336.8946100172311
 20
84.24233227898621
 10
336.99858713007006
 20
84.14502540968226
 10
337.58280844939884
 20
83.59828251586319
 10
337.62395784421426
 20
83.55977289894923
 10
337.62401688272496
 20
83.55985189242178
 10
337.6247351718283
 20
83.56048232533695
 10
337.9649510669946
 20
83.92401952239548
  0
LWPOLYLINE
  5
E4
330
17
100
AcDbEntity
  8
0
100
AcDbPolyline
 90
5
 70
0
 10
336.11654189425553
 20
86.34008979989285
 10
334.6551745105438
 20
87.70770889537765
 10
334.3135248801757
 20
87.34263968266673
 10
335.7748922638874
 20
85.97502058718193
 10
336.11654189425553
 20
86.34008979989285
  0
LWPOLYLINE
  5
E5
330
17
100
AcDbEntity
  8
0
100
AcDbPolyline
 90
14
 70
0
 10
320.34925448737016
 20
113.23361728555705
 10
320.76911181415585
 20
112.96210333537334
 10
325.98175751314386
 20
121.0227112237617
 10
326.40161483992955
 20
120.75119727357801
 10
326.8649022074586
 20
121.46760464613754
 10
326.86462219811045
 20
121.46787637339031
 10
326.67684468615494
 20
121.73997375893669
 10
326.67667061361186
 20
121.74014268277517
 10
326.52336141842153
 20
121.86215586783008
 10
326.1052660260144
 20
122.13253040771274
 10
326.1044164965019
 20
122.13296822560224
 10
326.1043400927298
 20
122.13303057925525
 10
325.5619001863581
 20
121.29422517394539
 10
320.34925448737016
 20
113.23361728555705
  0
LWPOLYLINE
  5
E6
330
17
100
AcDbEntity
  8
0
100
AcDbPolyline
 90
5
 70
0
 10
315.5564661151679
 20
104.901495446985
 10
315.97632344195364
 20
104.6299814968013
 10
321.1889691409416
 20
112.69058938518967
 10
320.76911181415585
 20
112.96210333537334
 10
315.5564661151679
 20
104.901495446985
  0
LWPOLYLINE
  5
E7
330
17
100
AcDbEntity
  8
0
100
AcDbPolyline
 90
42
 70
0
 10
371.12076297273984
 20
119.40801933464327
 10
371.12076211193687
 20
119.32454377147111
 10
371.1207518110669
 20
118.3256265777581
 10
371.12084982831936
 20
118.32563744664351
 10
371.1218009370628
 20
118.32554376070559
 10
371.1657729499743
 20
118.32554330726462
 10
371.2216667080305
 20
118.33083122903604
 10
371.22185260230015
 20
118.33083146035345
 10
371.2792851500267
 20
118.32554213672273
 10
371.61970268333664
 20
118.32553862632491
 10
371.81469542281343
 20
118.34474170460561
 10
371.81493332492386
 20
118.34478902372729
 10
372.12037062989384
 20
118.47130160783163
 10
372.1207533141111
 20
118.47137772435288
 10
372.12076211188366
 20
119.32453345943522
 10
371.62076211191027
 20
119.32453861545316
 10
371.62076495753905
 20
119.60049079261641
 10
371.62076628075624
 20
119.72880853527695
 10
371.6297963462122
 20
119.68728075353806
 10
371.65525648006764
 20
119.65325311297383
 10
371.6925483307591
 20
119.63287134145345
 10
371.7349366218384
 20
119.62981658815967
 10
371.7747656094017
 20
119.64464057169945
 10
372.07476759421155
 20
119.83711409207979
 10
372.09934163922435
 20
119.85942453771953
 10
372.11525972967075
 20
119.88854933934077
 10
372.1207682655554
 20
119.92127999325027
 10
372.12077806712836
 20
120.87177833056423
 10
372.1117480016723
 20
120.91330611230326
 10
372.08628786781685
 20
120.94733375286751
 10
372.04899601712543
 20
120.96771552438788
 10
372.0066077260461
 20
120.97077027768165
 10
371.96677873848284
 20
120.95594629414187
 10
371.66677675367305
 20
120.76347277376153
 10
371.6422027086602
 20
120.74116232812179
 10
371.62628461821384
 20
120.71203752650057
 10
371.62077608232914
 20
120.67930687259107
 10
371.62089554963563
 20
132.26453675218997
 10
371.1208955496622
 20
132.26454190820792
 10
371.12077277431285
 20
120.35851767195723
 10
371.1207680348853
 20
119.89891613638378
 10
371.12076297273984
 20
119.40801933464327
  0
LWPOLYLINE
  5
E8
330
17
100
AcDbEntity
  8
0
100
AcDbPolyline
 90
33
 70
0
 10
372.12089554960903
 20
132.26453159617202
 10
372.1210115196837
 20
143.5106207119593
 10
376.41381735956315
 20
136.87241305035474
 10
376.8336746863489
 20
137.14392700053844
 10
372.1210210144734
 20
144.431369032161
 10
372.1210289755387
 20
145.2033858611101
 10
373.1200289519179
 20
145.20109010353232
 10
373.1200289646913
 20
145.20232878932723
 10
373.1008816048918
 20
145.39704118883807
 10
373.1008344209963
 20
145.3972787661497
 10
372.9520182010588
 20
145.75714540366732
 10
372.95191115664295
 20
145.7573059084504
 10
372.6768655236385
 20
146.03298718073205
 10
372.6767052663805
 20
146.0330945953657
 10
372.6153758120148
 20
146.058622200811
 10
372.61505213392195
 20
146.05883916154744
 10
372.61483595144335
 20
146.059163359951
 10
372.6147600896117
 20
146.05954556990824
 10
372.6148366379284
 20
146.5648249214858
 10
372.5956610898865
 20
146.75982037020242
 10
372.59561380435355
 20
146.76005827899124
 10
372.4464281040879
 20
147.12037880692486
 10
372.44632079345774
 20
147.12053946131488
 10
372.1706024820878
 20
147.39634132636417
 10
372.1704418602196
 20
147.39644868566668
 10
371.8101665511525
 20
147.54574355408698
 10
371.8099286567016
 20
147.5457909117028
 10
371.6209329393861
 20
147.56443427559856
 10
371.6210289873609
 20
145.2045348889268
 10
371.2011716605752
 20
144.93302093874308
 10
371.6210194925712
 20
144.28378656872508
 10
371.62089554963563
 20
132.26453675218997
 10
372.12089554960903
 20
132.26453159617202
  0
LWPOLYLINE
  5
E9
330
17
100
AcDbEntity
  8
0
100
AcDbPolyline
 90
14
 70
0
 10
382.0463203853368
 20
129.08331911215006
 10
381.6264630585511
 20
128.8118051619664
 10
382.0897504260769
 20
128.095397789412
 10
382.0901131065003
 20
128.0955416777208
 10
382.4152937650159
 20
128.15516483211982
 10
382.4155192314297
 20
128.1552542827184
 10
382.5896862249931
 20
128.24501387838265
 10
383.00778161740027
 20
128.5153884182654
 10
383.0085294094083
 20
128.51598355859304
 10
383.0086176184942
 20
128.51602765702384
 10
382.46617771212254
 20
129.35483306233377
 10
377.2535320131346
 20
137.41544095072211
 10
376.8336746863489
 20
137.14392700053844
 10
382.0463203853368
 20
129.08331911215006
  0
LWPOLYLINE
  5
EA
330
17
100
AcDbEntity
  8
0
100
AcDbPolyline
 90
17
 70
0
 10
375.1565566445713
 20
84.0795138926703
 10
375.275772530474
 20
83.92401952239551
 10
375.61598842564024
 20
83.56048232533698
 10
375.61670671474366
 20
83.55985189242178
 10
375.6167657532543
 20
83.55977289894925
 10
375.65791514806983
 20
83.5982825158632
 10
376.2421364673986
 20
84.14502540968229
 10
376.34611358023756
 20
84.24233227898621
 10
377.8074809639493
 20
85.60995137447101
 10
377.4658313335812
 20
85.97502058718193
 10
376.0044639498695
 20
84.60740149169713
 10
375.6628143195014
 20
84.97247070440805
 10
375.57020351567843
 20
84.88580098318104
 10
375.0398925344216
 20
84.38951002130804
 10
375.04009844324975
 20
84.38917859637016
 10
375.1564286378686
 20
84.07971992858367
 10
375.1565566445713
 20
84.0795138926703
  0
LWPOLYLINE
  5
EB
330
17
100
AcDbEntity
  8
0
100
AcDbPolyline
 90
5
 70
0
 10
378.9271987172929
 20
87.34263968266673
 10
378.58554908692486
 20
87.70770889537765
 10
377.12418170321314
 20
86.34008979989285
 10
377.4658313335812
 20
85.97502058718193
 10
378.9271987172929
 20
87.34263968266673
  0
LWPOLYLINE
  5
EC
330
17
100
AcDbEntity
  8
0
100
AcDbPolyline
 90
14
 70
0
 10
387.2589660843248
 20
121.02271122376172
 10
392.47161178331277
 20
112.96210333537336
 10
392.89146911009846
 20
113.23361728555705
 10
387.6788234111105
 20
121.2942251739454
 10
387.1363835047388
 20
122.13303057925526
 10
387.13630710096663
 20
122.13296822560226
 10
387.13545757145425
 20
122.13253040771279
 10
386.717362179047
 20
121.86215586783004
 10
386.5640529838749
 20
121.74014268279284
 10
386.5638789113319
 20
121.73997375895442
 10
386.37610139936186
 20
121.46787637338464
 10
386.37582139001364
 20
121.46760464613187
 10
386.83910875753907
 20
120.75119727357801
 10
387.2589660843248
 20
121.02271122376172
  0
LWPOLYLINE
  5
ED
330
17
100
AcDbEntity
  8
0
100
AcDbPolyline
 90
5
 70
0
 10
392.0517544565271
 20
112.69058938518967
 10
397.264400155515
 20
104.6299814968013
 10
397.6842574823007
 20
104.901495446985
 10
392.47161178331277
 20
112.96210333537336
 10
392.0517544565271
 20
112.69058938518967
  0
LWPOLYLINE
  5
EE
330
17
100
AcDbEntity
  8
0
100
AcDbPolyline
 90
44
 70
0
 10
340.6210756531748
 20
275.58535709951747
 10
340.6212963751807
 20
275.5850307669849
 10
340.62137392222706
 20
275.58464450595744
 10
340.6213618101983
 20
275.504695549534
 10
340.62135915946794
 20
275.48712776063525
 10
340.62135778123115
 20
275.2169292345426
 10
340.645638841548
 20
274.9979533721931
 10
340.6456984327805
 20
274.9976879741719
 10
340.8329312531099
 20
274.60177940635145
 10
340.8330643750044
 20
274.6016088077172
 10
341.1715846659712
 20
274.3237532057774
 10
341.17179999588484
 20
274.323644794821
 10
341.4991655941685
 20
274.224370020714
 10
341.49929294587344
 20
274.2243543464471
 10
341.62035268032656
 20
274.21691208621553
 10
341.6203577758364
 20
275.2158690679447
 10
347.61938682717783
 20
275.2149602329122
 10
347.6192993603328
 20
274.637609970348
 10
353.61836812219883
 20
274.63670112929947
 10
354.6172853045017
 20
274.63654979632173
 10
354.61727444945495
 20
274.6366478151077
 10
354.6173682696742
 20
274.6375989106145
 10
354.6174555775797
 20
275.213900046341
 10
354.6175428854852
 20
275.79020118206734
 10
354.598367337446
 20
275.98519663077
 10
354.598320051913
 20
275.9854345395588
 10
354.4491343516446
 20
276.3457550675064
 10
354.4490270410145
 20
276.3459157218964
 10
354.4270270892446
 20
276.36792234053064
 10
354.4268103656449
 20
276.36824679671616
 10
354.4267343031537
 20
276.36862949167613
 10
353.61863052273407
 20
276.36875191699187
 10
353.61854305588895
 20
275.7914016544277
 10
347.6194742940229
 20
275.7923104954763
 10
347.619561760868
 20
276.3696607580404
 10
342.1203617987343
 20
276.3704938704547
 10
342.1203617987343
 20
286.96454420524276
 10
341.6203617987343
 20
286.96454420524276
 10
341.6203617987343
 20
276.70628085257596
 10
336.2002326543527
 20
282.0437660345384
 10
335.8494057438918
 20
281.6875070291835
 10
341.6203617987343
 20
276.0045442052428
 10
340.4454792137486
 20
275.75831355483916
 10
340.6210756531748
 20
275.58535709951747
  0
LWPOLYLINE
  5
EF
330
17
100
AcDbEntity
  8
0
100
AcDbPolyline
 90
15
 70
0
 10
341.6203617987343
 20
297.92454420524274
 10
342.1203617987343
 20
297.92454420524274
 10
342.1203617987343
 20
298.77769994035106
 10
342.119979115302
 20
298.7777760608185
 10
341.81454311481707
 20
298.9042917946425
 10
341.8143052131943
 20
298.90433911621744
 10
341.6193126718845
 20
298.9235442052427
 10
341.1214109255842
 20
298.9235442052427
 10
341.1204598158746
 20
298.9234505291127
 10
341.1203617987343
 20
298.9234613990089
 10
341.1203617987343
 20
298.7933158954653
 10
341.1203617987343
 20
297.92454420524274
 10
341.1203617987343
 20
286.96454420524276
 10
341.6203617987343
 20
286.96454420524276
 10
341.6203617987343
 20
297.92454420524274
  0
LWPOLYLINE
  5
F0
330
17
100
AcDbEntity
  8
0
100
AcDbPolyline
 90
14
 70
0
 10
330.07844968904936
 20
287.37046985312423
 10
330.4292765995102
 20
287.72672885847913
 10
329.8213877722992
 20
288.3253488398651
 10
329.8210650238027
 20
288.325129581244
 10
329.51660994805
 20
288.19627117782903
 10
329.5164093059932
 20
288.19613487200206
 10
329.3659080724875
 20
288.0706744984491
 10
329.0165534097523
 20
287.7159105366463
 10
329.0159528059202
 20
287.71516712563346
 10
329.0158762868224
 20
287.7151049135598
 10
329.72762277858845
 20
287.01421084776933
 10
335.49857883343094
 20
281.3312480238286
 10
335.8494057438918
 20
281.6875070291835
 10
330.07844968904936
 20
287.37046985312423
  0
LWPOLYLINE
  5
F1
330
17
100
AcDbEntity
  8
0
100
AcDbPolyline
 90
47
 70
0
 10
371.62721377480364
 20
275.9975861353047
 10
371.61578135416835
 20
275.9999841120788
 10
371.61583680833223
 20
276.3660253938462
 10
365.6167680464662
 20
276.36693423489476
 10
365.61668057962106
 20
275.7895839723306
 10
359.617611817755
 20
275.79049281337916
 10
359.6176992846001
 20
276.3678430759433
 10
358.809595504188
 20
276.367965501259
 10
358.809519325746
 20
276.367582829363
 10
358.809302503848
 20
276.36725843885836
 10
358.787295885192
 20
276.3452584870675
 10
358.78718852588963
 20
276.3450978651994
 10
358.63789365751705
 20
275.9848225562136
 10
358.6378462999012
 20
275.98458466176254
 10
358.6186116702796
 20
275.78959503206414
 10
358.61852436237416
 20
275.21329389633763
 10
358.6184370544687
 20
274.63699276061124
 10
358.61853058650735
 20
274.6360416367211
 10
358.618519701762
 20
274.63594362122865
 10
359.6174368840649
 20
274.6357922882509
 10
365.61650564593094
 20
274.63488344720236
 10
365.616593112776
 20
275.2122337097665
 10
371.6156618746421
 20
275.21132486871795
 10
371.6157056080646
 20
275.5
 10
371.61572164871984
 20
275.60588099392055
 10
371.6157783612174
 20
274.2124545468077
 10
371.80945685106826
 20
274.2315005871775
 10
371.8096947598572
 20
274.23154787271056
 10
372.1700152876706
 20
274.38073357292865
 10
372.1701759420603
 20
274.38084088355856
 10
372.4459778072051
 20
274.6565591950296
 10
372.4460851665075
 20
274.6567198168977
 10
372.5718395283135
 20
274.96018765909383
 10
372.57203648054326
 20
274.96049161149864
 10
372.5723287814877
 20
274.9607054745462
 10
372.77866221592575
 20
275.0602636772846
 10
372.77882852381276
 20
275.060380815746
 10
372.9045742334573
 20
275.16536901343864
 10
373.37697738882656
 20
275.63056915434476
 10
372.2032107256672
 20
275.87676943740684
 10
377.74226027941387
 20
281.33136177787253
 10
377.391433368953
 20
281.68762078322743
 10
372.1203617987343
 20
276.49692040512497
 10
372.1203617987343
 20
286.96278414929566
 10
371.6203617987343
 20
286.96278414929566
 10
371.6203617987343
 20
276.0045442052428
 10
371.62721377480364
 20
275.9975861353047
  0
LWPOLYLINE
  5
F2
330
17
100
AcDbEntity
  8
0
100
AcDbPolyline
 90
14
 70
0
 10
383.16250493917164
 20
287.3706973612121
 10
383.51333184963255
 20
287.0144383558572
 10
384.1212206768429
 20
287.6130583372425
 10
384.1210064027544
 20
287.61338441629727
 10
383.99684080499514
 20
287.9197833157317
 10
383.99670759788705
 20
287.9199860282866
 10
383.87357430800796
 20
288.0723970500889
 10
383.52421964527264
 20
288.4271610118919
 10
383.5234855495811
 20
288.42777296647546
 10
383.52342452047685
 20
288.42785043235745
 10
382.8116780287108
 20
287.726956366567
 10
377.0406064584921
 20
282.04387978858233
 10
377.391433368953
 20
281.68762078322743
 10
383.16250493917164
 20
287.3706973612121
  0
LWPOLYLINE
  5
F3
330
17
100
AcDbEntity
  8
0
100
AcDbPolyline
 90
14
 70
0
 10
371.6203617987343
 20
297.92102409334854
 10
372.1203617987343
 20
297.92102409334854
 10
372.1203617987343
 20
298.77417982845685
 10
372.119979115302
 20
298.7742559489243
 10
371.81454311481707
 20
298.9007716827483
 10
371.8143052131943
 20
298.90081900432324
 10
371.6193126718845
 20
298.9200240933485
 10
371.1214109255842
 20
298.9200240933485
 10
371.1204598158746
 20
298.9199304172185
 10
371.1203617987343
 20
298.9199412871147
 10
371.1203617987343
 20
297.92102409334854
 10
371.1203617987343
 20
286.96278414929566
 10
371.6203617987343
 20
286.96278414929566
 10
371.6203617987343
 20
297.92102409334854
  0
LWPOLYLINE
  5
F4
330
17
100
AcDbEntity
  8
0
100
AcDbPolyline
 90
28
 70
0
 10
400.58932897102375
 20
303.83006749951625
 10
400.8163203947734
 20
302.651528027408
 10
401.2898703426416
 20
303.1178574749795
 10
401.39666864448805
 20
303.24182493639984
 10
401.3967882213241
 20
303.2419892192323
 10
401.54312976174253
 20
303.53347042626297
 10
401.54317787067697
 20
303.5336251798846
 10
401.58788649920336
 20
303.85670145441145
 10
401.5878811392601
 20
303.85690457688656
 10
401.57019042605566
 20
304.01957248212
 10
401.4570535101382
 20
304.60697934956335
 10
401.39380206889143
 20
304.8127756779166
 10
401.3936970060596
 20
304.813020010228
 10
401.1442938926052
 20
305.1609527898147
 10
401.1441366160086
 20
305.1610944058714
 10
400.77204543603557
 20
305.37277172082185
 10
400.77184333760556
 20
305.37283454804367
 10
400.3453222391662
 20
305.4094253207479
 10
400.3451123927848
 20
305.40939783381526
 10
399.94240440368424
 20
305.2641896814846
 10
399.9421793326333
 20
305.26404797933554
 10
399.7733985453651
 20
305.13038452351293
 10
399.73736134312037
 20
305.09489680212164
 10
400.47570560806463
 20
304.42
 10
400.47571964982774
 20
304.41992709516603
 10
394.704648079609
 20
298.7368505171814
 10
395.0554749900699
 20
298.3805915118265
 10
400.58932897102375
 20
303.83006749951625
  0
LWPOLYLINE
  5
F5
330
17
100
AcDbEntity
  8
0
100
AcDbPolyline
 90
14
 70
0
 10
394.3538211691481
 20
299.0931095225363
 10
388.58274959892947
 20
293.41003294455163
 10
387.8710031071634
 20
292.7091388787611
 10
387.8710796262612
 20
292.7090766666875
 10
387.87168023009326
 20
292.70833325567463
 10
388.22103489282847
 20
292.35356929387194
 10
388.3715361263342
 20
292.22810892031885
 10
388.371736768391
 20
292.22797261449193
 10
388.67619184414366
 20
292.09911421107694
 10
388.6765145926403
 20
292.09889495245585
 10
389.2844034198513
 20
292.69751493384183
 10
388.9335765093904
 20
293.05377393919673
 10
394.704648079609
 20
298.7368505171814
 10
394.3538211691481
 20
299.0931095225363
  0
LWPOLYLINE
  5
F6
330
17
100
AcDbEntity
  8
0
100
AcDbPolyline
 90
36
 70
0
 10
311.89718251945766
 20
303.92562223918674
 10
312.0749044752456
 20
303.7150427768341
 10
312.07508588337396
 20
303.714723088168
 10
312.07513952926706
 20
303.7143594511644
 10
312.0750581648415
 20
303.71400099672866
 10
312.0748527832246
 20
303.7136961555508
 10
312.0667483067153
 20
303.7054661918449
 10
312.5378273773848
 20
303.2415699465243
 10
312.7655815245219
 20
304.4193583249464
 10
318.5365375793644
 20
298.7363955010057
 10
318.8873644898253
 20
299.0926545063606
 10
313.134559446606
 20
304.75774307804727
 10
313.87233291714216
 20
305.43328947828513
 10
313.83633517247915
 20
305.46873834860605
 10
313.8274286186974
 20
305.47740072334665
 10
313.8272007104034
 20
305.47761964347904
 10
313.46322664007266
 20
305.70079657182345
 10
313.46302727155205
 20
305.7008659325309
 10
313.03912682590936
 20
305.75179212587267
 10
313.0389167019712
 20
305.751771960424
 10
312.63243883291875
 20
305.62115493583076
 10
312.63220944686316
 20
305.6210217160974
 10
312.45919090982386
 20
305.49386759510776
 10
312.096251019482
 20
305.1615396567706
 10
312.0774293321112
 20
305.1438530097996
 10
312.0774014342552
 20
305.1438261071849
 10
312.05904302853185
 20
305.12565904129707
 10
312.05436605604154
 20
305.1209096520177
 10
311.93760705027915
 20
304.9780783147952
 10
311.93747929298985
 20
304.9778886888533
 10
311.79169531987924
 20
304.6406639129859
 10
311.79165498712905
 20
304.6404862253402
 10
311.77756266431606
 20
304.27336918305565
 10
311.77758925685197
 20
304.2731889263853
 10
311.8970925945466
 20
303.92578071044767
 10
311.89718251945766
 20
303.92562223918674
  0
LWPOLYLINE
  5
F7
330
17
100
AcDbEntity
  8
0
100
AcDbPolyline
 90
14
 70
0
 10
318.1857106689035
 20
298.3801364956508
 10
323.95666672374597
 20
292.69717367171006
 10
324.66841321551203
 20
291.99627960591954
 10
324.6684742446162
 20
291.9963570718015
 10
324.66920834030793
 20
291.99696902638533
 10
325.01856300304314
 20
292.35173298818813
 10
325.14169629292223
 20
292.50414400999045
 10
325.1418295000304
 20
292.50434672254534
 10
325.26599509778964
 20
292.8107456219797
 10
325.26620937187806
 20
292.81107170103456
 10
324.65832054466773
 20
293.40969168241986
 10
324.3074936342069
 20
293.05343267706496
 10
318.5365375793644
 20
298.7363955010057
 10
318.1857106689035
 20
298.3801364956508
  0
LWPOLYLINE
  5
F8
330
17
100
AcDbEntity
  8
0
100
AcDbPolyline
 90
14
 70
0
 10
371.6203617987343
 20
308.8792640374014
 10
371.6203617987343
 20
319.8375039814543
 10
371.1203617987343
 20
319.8375039814543
 10
371.1203617987343
 20
308.8792640374014
 10
371.1203617987343
 20
307.88034684363527
 10
371.1204598158746
 20
307.88035771353145
 10
371.1214109255842
 20
307.88026403740145
 10
371.6193126718845
 20
307.88026403740145
 10
371.8143052131943
 20
307.8994691264267
 10
371.81454311481707
 20
307.89951644800163
 10
372.119979115302
 20
308.02603218182566
 10
372.1203617987343
 20
308.0261083022931
 10
372.1203617987343
 20
308.8792640374014
 10
371.6203617987343
 20
308.8792640374014
  0
LWPOLYLINE
  5
F9
330
17
100
AcDbEntity
  8
0
100
AcDbPolyline
 90
50
 70
0
 10
372.1203617987343
 20
319.8375039814543
 10
372.1203617987343
 20
330.3387099684732
 10
373.1198400026419
 20
329.42511901147105
 10
373.1198855284731
 20
330.337783557091
 10
373.0745842446676
 20
330.6353309818783
 10
373.0745288043837
 20
330.6355088014457
 10
372.9134379937117
 20
330.9462700548054
 10
372.9133053607273
 20
330.9464429940335
 10
372.7945426189224
 20
331.07592179500637
 10
372.7943687479451
 20
331.0760807248879
 10
372.6150219531828
 20
331.24001587547104
 10
372.61478154098927
 20
331.24035074335063
 10
372.6146966348251
 20
331.2407541357934
 10
372.6147056080646
 20
331.30000022705286
 10
372.6147056080646
 20
332.1649764431042
 10
372.59550421143354
 20
332.3599504205993
 10
372.5954568988193
 20
332.3601883007164
 10
372.4462444656344
 20
332.7204575736481
 10
372.44613714980693
 20
332.72061820288803
 10
372.1704241987593
 20
332.9963729267872
 10
372.17026358577937
 20
332.9964802669482
 10
371.8100169223261
 20
333.1457472781164
 10
371.80977904938004
 20
333.1457946267682
 10
371.6157056080646
 20
333.1649370240934
 10
371.6157056080646
 20
332.16602541372265
 10
365.6167680464662
 20
332.16693423489477
 10
365.61668057962106
 20
331.5895839723306
 10
359.617611817755
 20
331.59049281337917
 10
359.6176992846001
 20
332.16784307594327
 10
358.809595504188
 20
332.16796550125895
 10
358.80951932574595
 20
332.16758282936297
 10
358.8093025038479
 20
332.1672584388583
 10
358.787295885192
 20
332.1452584870675
 10
358.78718852588963
 20
332.14509786519943
 10
358.63789365751705
 20
331.7848225562136
 10
358.6378462999012
 20
331.78458466176255
 10
358.6186116702796
 20
331.58959503206415
 10
358.61852436237416
 20
331.0132938963376
 10
358.6184370544687
 20
330.4369927606112
 10
358.61853058650735
 20
330.43604163672103
 10
358.618519701762
 20
330.4359436212286
 10
359.6174368840649
 20
330.43579228825087
 10
365.61650564593094
 20
330.4348834472023
 10
365.61659311277606
 20
331.01223370976646
 10
371.6156618746421
 20
331.01132486871796
 10
371.6157056080646
 20
331.3
 10
371.6157056080646
 20
330.8000000000001
 10
371.6203617987343
 20
330.79574392550717
 10
371.6203617987343
 20
319.8375039814543
 10
372.1203617987343
 20
319.8375039814543
  0
LWPOLYLINE
  5
FA
330
17
100
AcDbEntity
  8
0
100
AcDbPolyline
 90
14
 70
0
 10
341.6203617987343
 20
308.8845442052427
 10
341.6203617987343
 20
319.8445442052427
 10
341.1203617987343
 20
319.8445442052427
 10
341.1203617987343
 20
308.8845442052427
 10
341.1203617987343
 20
307.8856270114766
 10
341.1204598158746
 20
307.88563788137276
 10
341.1214109255842
 20
307.88554420524275
 10
341.6193126718845
 20
307.88554420524275
 10
341.8143052131943
 20
307.904749294268
 10
341.81454311481707
 20
307.90479661584294
 10
342.119979115302
 20
308.03131234966696
 10
342.1203617987343
 20
308.0313884701344
 10
342.1203617987343
 20
308.8845442052427
 10
341.6203617987343
 20
308.8845442052427
  0
LWPOLYLINE
  5
FB
330
17
100
AcDbEntity
  8
0
100
AcDbPolyline
 90
5
 70
0
 10
342.1203617987343
 20
319.8445442052427
 10
342.1203617987343
 20
330.8045442052427
 10
341.6203617987343
 20
330.8045442052427
 10
341.6203617987343
 20
319.8445442052427
 10
342.1203617987343
 20
319.8445442052427
  0
LWPOLYLINE
  5
FC
330
17
100
AcDbEntity
  8
0
100
AcDbPolyline
 90
41
 70
0
 10
270.6157056080646
 20
80.28867513459481
 10
270.6157056080646
 20
80.86602540378443
 10
269.8076018183781
 20
80.86602540378442
 10
269.8075256979106
 20
80.86564272035206
 10
269.8073089251593
 20
80.86531829700323
 10
269.7853056396843
 20
80.84331501152823
 10
269.7851983047168
 20
80.84315437339735
 10
269.63595801869405
 20
80.48285645082468
 10
269.63591069711913
 20
80.48261854920206
 10
269.6167056080646
 20
80.28762600774503
 10
269.6167056080646
 20
79.13502372306533
 10
269.61679928419466
 20
79.13407261335591
 10
269.61678841429847
 20
79.13397459621558
 10
270.6157056080646
 20
79.13397459621557
 10
273.6157056080646
 20
79.13397459621557
 10
273.6157056080646
 20
79.71132486540519
 10
276.6157056080646
 20
79.71132486540519
 10
276.6157056080646
 20
78.71242819538092
 10
276.80964902267186
 20
78.73152995445967
 10
276.80988692429446
 20
78.73157727603464
 10
277.1701848468672
 20
78.88081756205739
 10
277.17034548499805
 20
78.88092489702487
 10
277.44610557644495
 20
79.15668498847177
 10
277.44621291141243
 20
79.15684562660265
 10
277.5954531974352
 20
79.51714354917532
 10
277.5955005190101
 20
79.51738145079794
 10
277.61470560806464
 20
79.71237399225497
 10
277.61470560806464
 20
80.86497627693466
 10
277.5955005190101
 20
81.05996881839168
 10
277.5954531974352
 20
81.0602067200143
 10
277.44621291141243
 20
81.42050464258698
 10
277.44610557644495
 20
81.42066528071786
 10
277.17034548499805
 20
81.69642537216475
 10
277.1701848468672
 20
81.69653270713223
 10
276.80988692429446
 20
81.84577299315498
 10
276.80964902267186
 20
81.84582031472995
 10
276.6157056080646
 20
81.8649220738087
 10
276.6157056080646
 20
80.86602540378443
 10
273.6157056080646
 20
80.86602540378443
 10
273.6157056080646
 20
80.28867513459481
 10
270.6157056080646
 20
80.28867513459481
  0
LWPOLYLINE
  5
FD
330
17
100
AcDbEntity
  8
0
100
AcDbPolyline
 90
41
 70
0
 10
260.6359580186871
 20
81.06020671997923
 10
260.63591069711214
 20
81.05996881835671
 10
260.61670560806465
 20
80.86497627693463
 10
260.61670560806465
 20
79.712373992255
 10
260.63591069711214
 20
79.51738145083291
 10
260.6359580186871
 20
79.51714354921039
 10
260.7851983047337
 20
79.15684562657744
 10
260.78530563970116
 20
79.15668498844657
 10
261.06106573112277
 20
78.8809248970305
 10
261.06122636925363
 20
78.880817562063
 10
261.42152429183477
 20
78.73157727603464
 10
261.4217622834857
 20
78.73152993655194
 10
261.6157056080646
 20
78.71239232178473
 10
261.6157056080646
 20
79.71132486540519
 10
264.6157056080646
 20
79.71132486540519
 10
264.6157056080646
 20
79.13397459621557
 10
267.6157056080646
 20
79.13397459621557
 10
268.61462280183076
 20
79.13397459621558
 10
268.6146119319346
 20
79.13407261335591
 10
268.61470560806464
 20
79.13502372306533
 10
268.61470560806464
 20
80.28762600774503
 10
268.5955005190101
 20
80.48261854920206
 10
268.5954531974352
 20
80.48285645082468
 10
268.44621291141243
 20
80.84315437339735
 10
268.44610557644495
 20
80.84331501152823
 10
268.4241022909699
 20
80.86531829700323
 10
268.42388551821864
 20
80.86564272035206
 10
268.42380939775114
 20
80.86602540378442
 10
267.6157056080646
 20
80.86602540378443
 10
267.6157056080646
 20
80.28867513459481
 10
264.6157056080646
 20
80.28867513459481
 10
264.6157056080646
 20
80.86602540378443
 10
261.6157056080646
 20
80.86602540378443
 10
261.6157056080646
 20
81.8649220738087
 10
261.42176219345737
 20
81.84582031472995
 10
261.42152429183477
 20
81.84577299315498
 10
261.06122636925363
 20
81.69653270712662
 10
261.06106573112277
 20
81.69642537215913
 10
260.78530563970116
 20
81.42066528074305
 10
260.7851983047337
 20
81.42050464261219
 10
260.6359580186871
 20
81.06020671997923
  0
LWPOLYLINE
  5
FE
330
17
100
AcDbEntity
  8
0
100
AcDbPolyline
 90
12
 70
0
 10
340.78983408018627
 20
79.16135500649193
 10
341.0655523915814
 20
78.8855531414259
 10
341.0657130134495
 20
78.8854457821234
 10
341.42598832249155
 20
78.73615091371987
 10
341.4262262208034
 20
78.73610355533543
 10
341.6157872025865
 20
78.71740292778155
 10
341.615803890228
 20
80.5002786914656
 10
340.6582050531607
 20
79.47892905662917
 10
340.65822703967115
 20
79.478914667667
 10
340.6584483530179
 20
79.47858564995695
 10
340.7897267695561
 20
79.161515660882
 10
340.78983408018627
 20
79.16135500649193
  0
LWPOLYLINE
  5
FF
330
17
100
AcDbEntity
  8
0
100
AcDbPolyline
 90
12
 70
0
 10
333.3282329369038
 20
87.50508748072585
 10
333.3411493092355
 20
87.11531777521084
 10
333.3411932554035
 20
87.11512964191053
 10
333.5022848361899
 20
86.7599722702571
 10
333.50242620250896
 20
86.75977516095394
 10
333.630436504349
 20
86.61392553490933
 10
334.308868689506
 20
87.33809547742399
 10
333.58024303469284
 20
88.02003431724071
 10
333.4656175748775
 20
87.87052728169355
 10
333.4654895681748
 20
87.87032124578019
 10
333.3282643314357
 20
87.50527811070164
 10
333.3282329369038
 20
87.50508748072585
  0
LWPOLYLINE
  5
100
330
17
100
AcDbEntity
  8
0
100
AcDbPolyline
 90
21
 70
0
 10
314.63979653174465
 20
104.50538135307107
 10
314.63987313605503
 20
104.50520399133902
 10
314.8613789421568
 20
104.18423291181001
 10
314.8615530146999
 20
104.18406398797153
 10
315.0148622098902
 20
104.06205080291662
 10
315.4329576022974
 20
103.79167626303393
 10
315.60712459584806
 20
103.70191666737472
 10
315.6073500622621
 20
103.70182721677604
 10
315.9909391467318
 20
103.63149464743832
 10
315.9911323228063
 20
103.63149754719643
 10
316.37243753586756
 20
103.71331191337802
 10
316.3726148975996
 20
103.71338851768844
 10
316.6258024794108
 20
103.88811615821717
 10
315.5509972210775
 20
104.8940530835162
 10
315.0745009935658
 20
105.99589008946705
 10
314.71816088140054
 20
105.44486128664126
 10
314.62840128574135
 20
105.27069429309053
 10
314.62831183514265
 20
105.27046882667649
 10
314.55797926580493
 20
104.8868797422068
 10
314.55798216556303
 20
104.88668656613228
 10
314.63979653174465
 20
104.50538135307107
  0
LWPOLYLINE
  5
101
330
17
100
AcDbEntity
  8
0
100
AcDbPolyline
 90
21
 70
0
 10
397.6335990016081
 20
103.70191666736979
 10
397.8077659951712
 20
103.79167626303392
 10
398.2258613875785
 20
104.06205080291667
 10
398.3791705827506
 20
104.18406398795388
 10
398.3793446552936
 20
104.1842329117923
 10
398.60085046142694
 20
104.50520399136978
 10
398.6009270657373
 20
104.50538135310174
 10
398.68274143190513
 20
104.88668656609535
 10
398.68274433166323
 20
104.88687974216982
 10
398.61241176233096
 20
105.2704688266641
 10
398.6123223117324
 20
105.27069429307797
 10
398.52256271606814
 20
105.44486128664121
 10
398.16408981541
 20
105.99918814054178
 10
397.6857056080646
 20
104.9
 10
396.6089846009684
 20
103.89221301643016
 10
396.868108699869
 20
103.7133885176884
 10
396.868286061601
 20
103.71331191337802
 10
397.2495912746623
 20
103.63149754719642
 10
397.2497844507368
 20
103.6314946474383
 10
397.6333735351939
 20
103.70182721677105
 10
397.6335990016081
 20
103.70191666736979
  0
LWPOLYLINE
  5
102
330
17
100
AcDbEntity
  8
0
100
AcDbPolyline
 90
15
 70
0
 10
379.6566098624965
 20
88.02516622396031
 10
378.9225425266232
 20
87.33809547742399
 10
379.60526215227094
 20
86.60878418044847
 10
379.60526227733084
 20
86.60878435480596
 10
379.6053524702845
 20
86.60886875022149
 10
379.60918726328015
 20
86.61245803141897
 10
379.75247114597437
 20
86.77983020368761
 10
379.7526241918224
 20
86.7800550807893
 10
379.91372531949
 20
87.18731501697079
 10
379.9137588980293
 20
87.18752879551393
 10
379.88527310732667
 20
87.62456745375557
 10
379.88520508436125
 20
87.62479879908311
 10
379.7340715105473
 20
87.93149175463944
 10
379.7339960472726
 20
87.93159531005449
 10
379.6566098624965
 20
88.02516622396031
  0
LWPOLYLINE
  5
103
330
17
100
AcDbEntity
  8
0
100
AcDbPolyline
 90
48
 70
0
 10
291.5206937205707
 20
180.38184660002418
 10
288.51951347702027
 20
180.37868226450175
 10
288.5201222138511
 20
179.80133231622705
 10
285.5189419703006
 20
179.79816798070462
 10
285.5183332334698
 20
180.37551792897932
 10
284.71022989295443
 20
180.3746658941468
 10
284.71015417601654
 20
180.37428313066854
 10
284.70993774544576
 20
180.37395847894285
 10
284.68795767167046
 20
180.35193200626145
 10
284.68785050613354
 20
180.35177125504975
 10
284.5389901878949
 20
179.9913161792726
 10
284.53894311718096
 20
179.99107822788815
 10
284.5199436317464
 20
179.7960655456818
 10
284.5205512624165
 20
179.21976472367362
 10
284.5211588930867
 20
178.6434639016655
 10
284.5212535719796
 20
178.64251289125338
 10
284.5212428054352
 20
178.64241486270672
 10
285.52015944396226
 20
178.64346808415522
 10
288.52133968751275
 20
178.64663241967764
 10
288.5207309506819
 20
179.22398236795235
 10
291.52160682581695
 20
179.22714638255974
 10
291.52160682581695
 20
178.22814582727435
 10
291.5216120951404
 20
178.22814583283014
 10
291.7164551068638
 20
178.2475306774115
 10
291.71669280884663
 20
178.24757818729054
 10
292.0766339552557
 20
178.3970042679318
 10
292.0767944183533
 20
178.39711163896447
 10
292.3522264784356
 20
178.67283425824246
 10
292.352333680222
 20
178.67299483445913
 10
292.5013801684437
 20
179.03309333044348
 10
292.50142742767173
 20
179.03333108238704
 10
292.5206068257913
 20
179.22819442425828
 10
292.52060668629935
 20
179.5163484671505
 10
292.52060626928096
 20
179.5168761727524
 10
292.52030190211644
 20
179.80554996050577
 10
292.51969427144627
 20
180.38185078251388
 10
292.50028360013135
 20
180.5768229664041
 10
292.500236027748
 20
180.57706081800035
 10
292.35061593979935
 20
180.9372011869393
 10
292.3505084355206
 20
180.93736171181084
 10
292.07445774612756
 20
181.21283089865426
 10
292.07429699491587
 20
181.2129380641912
 10
291.7138419191318
 20
181.36179838243123
 10
291.7136039677473
 20
181.36184545314518
 10
291.52160682581695
 20
181.38055114377093
 10
291.52160682581695
 20
179.5158216776121
 10
291.52130245740153
 20
179.80449665174947
 10
291.5206937205707
 20
180.38184660002418
  0
LWPOLYLINE
  5
104
330
17
100
AcDbEntity
  8
0
100
AcDbPolyline
 90
45
 70
0
 10
275.68508595588264
 20
180.92033801013045
 10
275.6849787540963
 20
180.92017743391398
 10
275.5359322656566
 20
180.56007893837992
 10
275.53588500642843
 20
180.5598411864367
 10
275.51670560807315
 20
180.36497784458172
 10
275.516705747582
 20
179.49947321093927
 10
275.5167061646006
 20
179.49894550485925
 10
275.5170094256045
 20
179.2113208433729
 10
275.5364200969194
 20
179.0163486594827
 10
275.53646766930274
 20
179.01611080788646
 10
275.6860877572514
 20
178.65597043894752
 10
275.68619526153014
 20
178.65580991407597
 10
275.96224595092315
 20
178.38034072723255
 10
275.9624067021349
 20
178.3802335616956
 10
276.32286177791894
 20
178.23137324345558
 10
276.32309972930346
 20
178.23132617274163
 10
276.51570560806465
 20
178.21256117475997
 10
276.51570560806465
 20
179.5
 10
276.51600997648006
 20
179.21132502586264
 10
279.5171902200305
 20
179.21448936138506
 10
279.5177989568613
 20
178.63713941311036
 10
282.51897920041176
 20
178.6403037486328
 10
283.51789583893884
 20
178.64135697008123
 10
283.5178848657031
 20
178.64145497570627
 10
283.517977538966
 20
178.64240618365562
 10
283.5167622776257
 20
179.7950078276719
 10
283.49735160631076
 20
179.98998001156212
 10
283.49730403392743
 20
179.99021786315836
 10
283.34768394597876
 20
180.3503582320973
 10
283.3475764417
 20
180.35051875696885
 10
283.3255499690457
 20
180.37249883071712
 10
283.3253328543548
 20
180.37282302532842
 10
283.32525633044236
 20
180.37320562828944
 10
282.51715298991934
 20
180.3723535934569
 10
282.5177617267501
 20
179.7950036451822
 10
279.5165814831997
 20
179.79183930965976
 10
279.51597274636885
 20
180.36918925793447
 10
276.51570560806465
 20
180.3660258851571
 10
276.51570560806465
 20
181.36502644044248
 10
276.51570033874003
 20
181.3650264348867
 10
276.3208573271565
 20
181.34564159033332
 10
276.3206196251739
 20
181.3455940804544
 10
275.9606784790267
 20
181.19616800005406
 10
275.960518015929
 20
181.19606062902145
 10
275.68508595588264
 20
180.92033801013045
  0
LWPOLYLINE
  5
105
330
17
100
AcDbEntity
  8
0
100
AcDbPolyline
 90
22
 70
0
 10
372.4460851664626
 20
233.1567198168305
 10
372.59538003488285
 20
233.51699512589764
 10
372.59542739249866
 20
233.51723302034858
 10
372.6146620221175
 20
233.71222265003306
 10
372.61474933002296
 20
234.28852378575942
 10
372.6148366379284
 20
234.86482492148582
 10
372.5956610898865
 20
235.05982037020243
 10
372.59561380435355
 20
235.06005827899125
 10
372.4464281040879
 20
235.42037880692487
 10
372.44632079345774
 20
235.4205394613149
 10
372.1706024820878
 20
235.69634132636418
 10
372.1704418602196
 20
235.6964486856667
 10
371.8101665511525
 20
235.845743554087
 10
371.8099286567016
 20
235.8457909117028
 10
371.6173391123474
 20
235.86478878641083
 10
371.6174674056839
 20
232.71262064480396
 10
371.80945685099834
 20
232.73150058716365
 10
371.80969475978713
 20
232.73154787269664
 10
372.17001528772073
 20
232.8807335729623
 10
372.17017594211075
 20
232.88084088359238
 10
372.44597780716003
 20
233.15655919496234
 10
372.4460851664626
 20
233.1567198168305
  0
LWPOLYLINE
  5
106
330
17
100
AcDbEntity
  8
0
100
AcDbPolyline
 90
22
 70
0
 10
372.4460851664626
 20
193.8567198168305
 10
372.59538003488285
 20
194.21699512589763
 10
372.59542739249866
 20
194.21723302034857
 10
372.6146620221175
 20
194.41222265003304
 10
372.61474933002296
 20
194.9885237857594
 10
372.6148366379284
 20
195.5648249214858
 10
372.5956610898865
 20
195.75982037020242
 10
372.59561380435355
 20
195.76005827899124
 10
372.4464281040879
 20
196.12037880692486
 10
372.44632079345774
 20
196.12053946131488
 10
372.1706024820878
 20
196.39634132636417
 10
372.1704418602196
 20
196.39644868566668
 10
371.8101665511525
 20
196.54574355408698
 10
371.8099286567016
 20
196.5457909117028
 10
371.6189386299309
 20
196.5646310030029
 10
371.61906691044385
 20
193.41277793760526
 10
371.80945685099834
 20
193.43150058716364
 10
371.80969475978713
 20
193.43154787269663
 10
372.17001528772073
 20
193.5807335729623
 10
372.17017594211075
 20
193.58084088359237
 10
372.44597780716003
 20
193.85655919496233
 10
372.4460851664626
 20
193.8567198168305
  0
LWPOLYLINE
  5
107
330
17
100
AcDbEntity
  8
0
100
AcDbPolyline
 90
21
 70
0
 10
340.64020849699136
 20
195.76477380341308
 10
340.640161165543
 20
195.76453588125062
 10
340.62095151335564
 20
195.5695254990083
 10
340.6209456341582
 20
194.4169292969817
 10
340.6452266944782
 20
194.19795343461826
 10
340.64528628571054
 20
194.19768803659724
 10
340.83251910601246
 20
193.80177946882196
 10
340.8326522279069
 20
193.80160887018778
 10
341.1711725188983
 20
193.52375326821647
 10
341.1713878488118
 20
193.52364485726014
 10
341.4987534472099
 20
193.424370083139
 10
341.49888079891065
 20
193.42435440887263
 10
341.6199405332536
 20
193.41691214941935
 10
341.61995661382343
 20
196.56945193327098
 10
341.4261387540015
 20
196.55039039694861
 10
341.4259008244303
 20
196.550343102759
 10
341.0655526088842
 20
196.40113048935817
 10
341.0653919459016
 20
196.4010231602326
 10
340.78958489262124
 20
196.12525929437152
 10
340.78947753833745
 20
196.12509864819836
 10
340.64020849699136
 20
195.76477380341308
  0
LWPOLYLINE
  5
108
330
17
100
AcDbEntity
  8
0
100
AcDbPolyline
 90
21
 70
0
 10
340.6404089596148
 20
235.0647737730436
 10
340.6403616281664
 20
235.06453585088116
 10
340.621151975979
 20
234.86952546863887
 10
340.62114609678156
 20
233.71692926661223
 10
340.6454271571015
 20
233.49795340424876
 10
340.64548674833395
 20
233.49768800622775
 10
340.83271956863575
 20
233.10177943845247
 10
340.8328526905303
 20
233.10160883981828
 10
341.1713729815217
 20
232.82375323784697
 10
341.17158831143513
 20
232.82364482689064
 10
341.49895390983323
 20
232.7243700527695
 10
341.4990812615357
 20
232.7243543785029
 10
341.62014099587697
 20
232.7169121186779
 10
341.62015707644684
 20
235.86945190290152
 10
341.42633921662485
 20
235.85039036657915
 10
341.42610128705365
 20
235.85034307238953
 10
341.06575307150763
 20
235.7011304589887
 10
341.06559240852494
 20
235.70102312986313
 10
340.7897853552446
 20
235.42525926400205
 10
340.78967800096086
 20
235.4250986178289
 10
340.6404089596148
 20
235.0647737730436
  0
LWPOLYLINE
  5
109
330
17
100
AcDbEntity
  8
0
100
AcDbPolyline
 90
24
 70
0
 10
354.6175428854852
 20
145.99020118206735
 10
354.5983673374433
 20
146.18519663078396
 10
354.59832005191026
 20
146.18543453957278
 10
354.4491343516446
 20
146.5457550675064
 10
354.4490270410145
 20
146.54591572189642
 10
354.4270270892458
 20
146.56792234053069
 10
354.42681036564613
 20
146.5682467967162
 10
354.42673430315494
 20
146.56862949167618
 10
353.61863052273407
 20
146.56875191699189
 10
353.61854305588895
 20
145.99140165442773
 10
347.6194742940229
 20
145.99231049547632
 10
347.619561760868
 20
146.56966075804044
 10
341.62049299900195
 20
146.570569599089
 10
341.62040553215684
 20
145.99321933652487
 10
341.6203617987343
 20
145.7045442052428
 10
341.6203180653118
 20
145.41586907396072
 10
347.61938682717783
 20
145.41496023291216
 10
347.6192993603328
 20
144.837609970348
 10
353.61836812219883
 20
144.83670112929946
 10
354.6172853045017
 20
144.83654979632172
 10
354.61727444945495
 20
144.83664781510768
 10
354.6173682696742
 20
144.83759891061453
 10
354.6174555775797
 20
145.41390004634096
 10
354.6175428854852
 20
145.99020118206735
  0
LWPOLYLINE
  5
10A
330
17
100
AcDbEntity
  8
0
100
AcDbPolyline
 90
24
 70
0
 10
371.6157056080646
 20
145.7
 10
371.6157493414871
 20
145.98867513128206
 10
371.61583680833223
 20
146.5660253938462
 10
365.6167680464662
 20
146.56693423489477
 10
365.61668057962106
 20
145.98958397233062
 10
359.617611817755
 20
145.99049281337918
 10
359.6176992846001
 20
146.56784307594333
 10
358.8095955041663
 20
146.56796550125904
 10
358.8095193257243
 20
146.5675828293631
 10
358.80930250382625
 20
146.5672584388584
 10
358.7872958852371
 20
146.54525848713476
 10
358.78718852593454
 20
146.5450978652666
 10
358.63789365751427
 20
146.18482255619946
 10
358.63784629989846
 20
146.18458466174852
 10
358.6186116702796
 20
145.9895950320641
 10
358.61852436237416
 20
145.41329389633765
 10
358.6184370544687
 20
144.83699276061122
 10
358.61853058650735
 20
144.83604163672106
 10
358.618519701762
 20
144.83594362122864
 10
359.6174368840649
 20
144.8357922882509
 10
365.61650564593094
 20
144.83488344720234
 10
365.616593112776
 20
145.41223370976647
 10
371.6156618746421
 20
145.4113248687179
 10
371.6157056080646
 20
145.7
  0
LWPOLYLINE
  5
10B
330
17
100
AcDbEntity
  8
0
100
AcDbPolyline
 90
24
 70
0
 10
371.6157056080646
 20
194.7
 10
371.6157493414871
 20
194.98867513128206
 10
371.61583680833223
 20
195.5660253938462
 10
365.6167680464662
 20
195.56693423489477
 10
365.61668057962106
 20
194.98958397233062
 10
359.617611817755
 20
194.99049281337918
 10
359.6176992846001
 20
195.56784307594333
 10
358.8095955041663
 20
195.56796550125904
 10
358.8095193257243
 20
195.5675828293631
 10
358.80930250382625
 20
195.5672584388584
 10
358.7872958852371
 20
195.54525848713476
 10
358.78718852593454
 20
195.5450978652666
 10
358.63789365751427
 20
195.18482255619946
 10
358.63784629989846
 20
195.18458466174852
 10
358.6186116702796
 20
194.9895950320641
 10
358.61852436237416
 20
194.41329389633765
 10
358.6184370544687
 20
193.83699276061122
 10
358.61853058650735
 20
193.83604163672106
 10
358.618519701762
 20
193.83594362122864
 10
359.6174368840649
 20
193.8357922882509
 10
365.61650564593094
 20
193.83488344720234
 10
365.616593112776
 20
194.41223370976647
 10
371.6156618746421
 20
194.4113248687179
 10
371.6157056080646
 20
194.7
  0
LWPOLYLINE
  5
10C
330
17
100
AcDbEntity
  8
0
100
AcDbPolyline
 90
24
 70
0
 10
341.62049299900195
 20
195.570569599089
 10
341.62040553215684
 20
194.99321933652487
 10
341.6203617987343
 20
194.7045442052428
 10
341.6203180653118
 20
194.41586907396072
 10
347.61938682717783
 20
194.41496023291216
 10
347.6192993603328
 20
193.837609970348
 10
353.61836812219883
 20
193.83670112929946
 10
354.6172853045017
 20
193.83654979632172
 10
354.61727444945495
 20
193.83664781510765
 10
354.6173682696742
 20
193.83759891061453
 10
354.6174555775797
 20
194.41390004634096
 10
354.6175428854852
 20
194.99020118206735
 10
354.5983673374433
 20
195.18519663078396
 10
354.59832005191026
 20
195.18543453957278
 10
354.4491343516446
 20
195.5457550675064
 10
354.4490270410145
 20
195.54591572189642
 10
354.4270270892458
 20
195.56792234053069
 10
354.42681036564613
 20
195.5682467967162
 10
354.42673430315494
 20
195.56862949167618
 10
353.61863052273407
 20
195.56875191699189
 10
353.61854305588895
 20
194.99140165442773
 10
347.6194742940229
 20
194.99231049547632
 10
347.619561760868
 20
195.56966075804044
 10
341.62049299900195
 20
195.570569599089
  0
LWPOLYLINE
  5
10D
330
17
100
AcDbEntity
  8
0
100
AcDbPolyline
 90
24
 70
0
 10
354.6175428854852
 20
234.29020118206736
 10
354.5983673374433
 20
234.48519663078397
 10
354.59832005191026
 20
234.4854345395728
 10
354.4491343516446
 20
234.84575506750642
 10
354.4490270410145
 20
234.84591572189643
 10
354.4270270892458
 20
234.86792234053067
 10
354.42681036564613
 20
234.8682467967162
 10
354.42673430315494
 20
234.8686294916762
 10
353.61863052273407
 20
234.8687519169919
 10
353.61854305588895
 20
234.29140165442774
 10
347.6194742940229
 20
234.29231049547633
 10
347.619561760868
 20
234.86966075804045
 10
341.62049299900195
 20
234.870569599089
 10
341.62040553215684
 20
234.29321933652488
 10
341.6203617987343
 20
234.0045442052428
 10
341.6203180653118
 20
233.71586907396073
 10
347.61938682717783
 20
233.71496023291218
 10
347.6192993603328
 20
233.13760997034802
 10
353.61836812219883
 20
233.13670112929947
 10
354.6172853045017
 20
233.13654979632173
 10
354.61727444945495
 20
233.1366478151077
 10
354.6173682696742
 20
233.13759891061454
 10
354.6174555775797
 20
233.71390004634097
 10
354.6175428854852
 20
234.29020118206736
  0
LWPOLYLINE
  5
10E
330
17
100
AcDbEntity
  8
0
100
AcDbPolyline
 90
24
 70
0
 10
371.6157056080646
 20
234.0
 10
371.6157493414871
 20
234.28867513128208
 10
371.61583680833223
 20
234.8660253938462
 10
365.6167680464662
 20
234.86693423489479
 10
365.61668057962106
 20
234.28958397233063
 10
359.617611817755
 20
234.2904928133792
 10
359.6176992846001
 20
234.86784307594334
 10
358.8095955041663
 20
234.86796550125905
 10
358.8095193257243
 20
234.8675828293631
 10
358.80930250382625
 20
234.8672584388584
 10
358.7872958852371
 20
234.84525848713477
 10
358.78718852593454
 20
234.8450978652666
 10
358.63789365751427
 20
234.48482255619948
 10
358.63784629989846
 20
234.48458466174853
 10
358.6186116702796
 20
234.2895950320641
 10
358.61852436237416
 20
233.71329389633766
 10
358.6184370544687
 20
233.13699276061124
 10
358.61853058650735
 20
233.13604163672107
 10
358.618519701762
 20
233.13594362122865
 10
359.6174368840649
 20
233.1357922882509
 10
365.61650564593094
 20
233.13488344720236
 10
365.616593112776
 20
233.71223370976648
 10
371.6156618746421
 20
233.71132486871792
 10
371.6157056080646
 20
234.0
  0
LWPOLYLINE
  5
10F
330
17
100
AcDbEntity
  8
0
100
AcDbPolyline
 90
12
 70
0
 10
292.07034548499803
 20
231.0696000316197
 10
292.3461055764337
 20
231.34536012304972
 10
292.34621291140115
 20
231.34552076118064
 10
292.4954531974366
 20
231.70581868377712
 10
292.49550051901156
 20
231.7060565853997
 10
292.5146022780889
 20
231.90000000000012
 10
291.52160682581695
 20
231.9000000000001
 10
291.52160682581695
 20
230.90168454919373
 10
291.7096490226717
 20
230.92020508905446
 10
291.7098869242945
 20
230.92025241062944
 10
292.0701848468672
 20
231.06949269665225
 10
292.07034548499803
 20
231.0696000316197
  0
LWPOLYLINE
  5
110
330
17
100
AcDbEntity
  8
0
100
AcDbPolyline
 90
17
 70
0
 10
237.27793865509824
 20
63.082233047033625
 10
238.0889970271519
 20
62.540301168721776
 10
239.04570560806462
 20
62.349999999999994
 10
240.00241418897735
 20
62.540301168721776
 10
240.813472561031
 20
63.082233047033625
 10
241.35540443934283
 20
63.89329141908727
 10
241.54570560806462
 20
64.85
 10
241.35540443934283
 20
65.80670858091273
 10
240.813472561031
 20
66.61776695296636
 10
240.00241418897735
 20
67.1596988312782
 10
239.04570560806462
 20
67.35
 10
238.0889970271519
 20
67.1596988312782
 10
237.27793865509824
 20
66.61776695296636
 10
236.7360067767864
 20
65.80670858091271
 10
236.54570560806462
 20
64.85
 10
236.7360067767864
 20
63.89329141908727
 10
237.27793865509824
 20
63.082233047033625
  0
LWPOLYLINE
  5
111
330
17
100
AcDbEntity
  8
0
100
AcDbPolyline
 90
17
 70
0
 10
409.2779386550983
 20
63.082233047033625
 10
410.0889970271519
 20
62.540301168721776
 10
411.0457056080646
 20
62.349999999999994
 10
412.00241418897735
 20
62.540301168721776
 10
412.813472561031
 20
63.082233047033625
 10
413.3554044393428
 20
63.89329141908727
 10
413.5457056080646
 20
64.85
 10
413.3554044393428
 20
65.80670858091273
 10
412.81347256103095
 20
66.61776695296636
 10
412.00241418897735
 20
67.1596988312782
 10
411.0457056080646
 20
67.35
 10
410.0889970271519
 20
67.1596988312782
 10
409.27793865509824
 20
66.61776695296636
 10
408.73600677678644
 20
65.80670858091271
 10
408.5457056080646
 20
64.85
 10
408.73600677678644
 20
63.89329141908727
 10
409.2779386550983
 20
63.082233047033625
  0
LWPOLYLINE
  5
112
330
17
100
AcDbEntity
  8
0
100
AcDbPolyline
 90
17
 70
0
 10
237.27793865509824
 20
385.08223304703364
 10
238.0889970271519
 20
384.5403011687218
 10
239.04570560806462
 20
384.35
 10
240.00241418897735
 20
384.5403011687218
 10
240.813472561031
 20
385.08223304703364
 10
241.35540443934283
 20
385.8932914190873
 10
241.54570560806462
 20
386.85
 10
241.35540443934283
 20
387.80670858091275
 10
240.813472561031
 20
388.6177669529664
 10
240.00241418897735
 20
389.15969883127826
 10
239.04570560806462
 20
389.35
 10
238.0889970271519
 20
389.15969883127826
 10
237.27793865509824
 20
388.6177669529664
 10
236.7360067767864
 20
387.80670858091275
 10
236.54570560806462
 20
386.85
 10
236.7360067767864
 20
385.8932914190873
 10
237.27793865509824
 20
385.08223304703364
  0
LWPOLYLINE
  5
113
330
17
100
AcDbEntity
  8
0
100
AcDbPolyline
 90
17
 70
0
 10
409.2779386550983
 20
385.08223304703364
 10
410.0889970271519
 20
384.5403011687218
 10
411.0457056080646
 20
384.35
 10
412.00241418897735
 20
384.5403011687218
 10
412.813472561031
 20
385.08223304703364
 10
413.3554044393428
 20
385.8932914190873
 10
413.5457056080646
 20
386.85
 10
413.3554044393428
 20
387.80670858091275
 10
412.81347256103095
 20
388.6177669529664
 10
412.00241418897735
 20
389.15969883127826
 10
411.0457056080646
 20
389.35
 10
410.0889970271519
 20
389.15969883127826
 10
409.27793865509824
 20
388.6177669529664
 10
408.73600677678644
 20
387.80670858091275
 10
408.5457056080646
 20
386.85
 10
408.73600677678644
 20
385.8932914190873
 10
409.2779386550983
 20
385.08223304703364
  0
LWPOLYLINE
  5
114
330
17
100
AcDbEntity
  8
0
100
AcDbPolyline
 90
11
 70
0
 10
250.8892602955646
 20
62.840624999999996
 10
250.16113529556463
 20
64.94296874999999
 10
249.68769779556462
 20
64.94296874999999
 10
250.67207279556462
 20
62.34531249999999
 10
250.41960404556463
 20
61.81921875
 10
249.97779154556463
 20
61.739062499999996
 10
250.12158842056462
 20
61.3025078125
 10
250.78241654556462
 20
61.635468749999994
 10
252.06347904556463
 20
64.94296874999999
 10
251.6236352955646
 20
64.94296874999999
 10
250.8892602955646
 20
62.840624999999996
  0
LWPOLYLINE
  5
115
330
17
100
AcDbEntity
  8
0
100
AcDbPolyline
 90
15
 70
0
 10
248.84834232681462
 20
62.66953124999999
 10
248.93584232681462
 20
62.349999999999994
 10
249.39521732681462
 20
62.349999999999994
 10
249.20478763931462
 20
64.5303984375
 10
248.70349857681464
 20
64.9515625
 10
247.66396732681463
 20
64.909375
 10
247.08271732681462
 20
64.203125
 10
248.3152173268146
 20
64.6315625
 10
248.73396732681462
 20
64.43865625
 10
248.8116235768146
 20
63.9953125
 10
247.32099857681462
 20
63.63437499999999
 10
247.04368607681462
 20
62.792218749999996
 10
247.58340482681461
 20
62.324781249999994
 10
248.56165482681462
 20
62.4646875
 10
248.84834232681462
 20
62.66953124999999
  0
LWPOLYLINE
  5
116
330
17
100
AcDbEntity
  8
0
100
AcDbPolyline
 90
14
 70
0
 10
253.83183842056462
 20
62.715140625
 10
253.23027592056462
 20
62.709765624999996
 10
252.75150248306463
 20
63.450906249999996
 10
254.6783227955646
 20
63.534375
 10
254.35097904556463
 20
64.64765625
 10
253.60313529556464
 20
64.9980234375
 10
252.69625248306463
 20
64.7085703125
 10
252.2934087330646
 20
63.75221875
 10
252.6236352955646
 20
62.641406249999996
 10
253.6146821705646
 20
62.293601562499994
 10
254.51289310806462
 20
62.7755859375
 10
254.66582279556462
 20
63.12890624999999
 10
254.21191654556463
 20
63.18515624999999
 10
253.83183842056462
 20
62.715140625
  0
LWPOLYLINE
  5
117
330
17
100
AcDbEntity
  8
0
100
AcDbPolyline
 90
10
 70
0
 10
256.05102201431464
 20
64.9874375
 10
255.66799076431462
 20
64.65278124999999
 10
255.60830326431463
 20
64.94296874999999
 10
255.2129907643146
 20
64.94296874999999
 10
255.2129907643146
 20
62.349999999999994
 10
255.65205326431462
 20
62.349999999999994
 10
255.77486576431463
 20
64.33268749999999
 10
256.4700220143146
 20
64.45234375
 10
256.62158451431463
 20
64.86015624999999
 10
256.05102201431464
 20
64.9874375
  0
LWPOLYLINE
  5
118
330
17
100
AcDbEntity
  8
0
100
AcDbPolyline
 90
7
 70
0
 10
244.41211185806463
 20
65.92890625
 10
244.41211185806463
 20
62.349999999999994
 10
246.6480493580646
 20
62.349999999999994
 10
246.6480493580646
 20
62.77265625
 10
244.88554935806462
 20
62.77265625
 10
244.88554935806462
 20
65.92890625
 10
244.41211185806463
 20
65.92890625
  0
LWPOLYLINE
  5
119
330
17
100
AcDbEntity
  8
0
100
AcDbPolyline
 90
12
 70
0
 10
259.9976587330646
 20
62.349999999999994
 10
259.9976587330646
 20
63.20703124999999
 10
260.4812524830646
 20
63.20703124999999
 10
260.4812524830646
 20
63.610156249999996
 10
259.9976587330646
 20
63.610156249999996
 10
259.9976587330646
 20
65.92890625
 10
259.6390649830646
 20
65.92890625
 10
258.0054712330646
 20
63.610156249999996
 10
258.0054712330646
 20
63.20703124999999
 10
259.55859623306463
 20
63.20703124999999
 10
259.55859623306463
 20
62.349999999999994
 10
259.9976587330646
 20
62.349999999999994
  0
LWPOLYLINE
  5
11A
330
17
100
AcDbEntity
  8
0
100
AcDbPolyline
 90
18
 70
0
 10
340.6214928515265
 20
332.16967181777386
 10
340.621405543621
 20
331.5933706820473
 10
340.62131823571553
 20
331.01706954632095
 10
340.63183981965403
 20
330.9100759429598
 10
340.6318398048161
 20
330.9098800594478
 10
340.6213617987343
 20
330.80349507839304
 10
340.6213617987343
 20
329.9261872205745
 10
341.5889466939717
 20
330.8121617357967
 10
341.5901846863669
 20
333.1664709039523
 10
341.4266980225758
 20
333.15039388062934
 10
341.4264601137868
 20
333.15034659509627
 10
341.0661395859735
 20
333.0011608948782
 10
341.0659789315837
 20
333.00105358424827
 10
340.7901770664389
 20
332.7253352727772
 10
340.79006970713647
 20
332.72517465090914
 10
340.64077483876395
 20
332.3648993419233
 10
340.64072748114813
 20
332.36466144747226
 10
340.6214928515265
 20
332.16967181777386
  0
LWPOLYLINE
  5
11B
330
17
100
AcDbEntity
  8
0
100
AcDbPolyline
 90
22
 70
0
 10
340.7900566883329
 20
372.1251670420176
 10
340.64076512150274
 20
371.76489036469053
 10
340.64071776606704
 20
371.7646524698057
 10
340.6214849233817
 20
371.56966266392067
 10
340.6214028968046
 20
370.9933615274186
 10
340.6213208702276
 20
370.41706039091645
 10
340.6404982052329
 20
370.222065117984
 10
340.6405454929462
 20
370.22182720962826
 10
340.7897344952577
 20
369.8615080488274
 10
340.78984180736006
 20
369.86134739542075
 10
341.06556264630285
 20
369.5855480570582
 10
341.0657232691551
 20
369.5854406992275
 10
341.4259999462637
 20
369.4361491325039
 10
341.4262378862013
 20
369.4361017681
 10
341.60924724605087
 20
369.4180336815776
 10
341.61090389580875
 20
372.56850999186247
 10
341.4266811070556
 20
372.5503921058164
 10
341.4264431987001
 20
372.5503448181032
 10
341.0661240377925
 20
372.4011558157469
 10
341.065963384386
 20
372.4010485036446
 10
340.7901640461634
 20
372.1253276648696
 10
340.7900566883329
 20
372.1251670420176
  0
LWPOLYLINE
  5
11C
330
17
100
AcDbEntity
  8
0
100
AcDbPolyline
 90
23
 70
0
 10
372.41922662244485
 20
369.85684549518015
 10
372.4193339802754
 20
369.85700611803213
 10
372.5686255471055
 20
370.2172827953592
 10
372.56867290254127
 20
370.21752069024404
 10
372.58790574522664
 20
370.41251049612913
 10
372.58794668385246
 20
370.70013650096047
 10
372.5879877718036
 20
370.98881163263127
 10
372.5880697983806
 20
371.56511276913335
 10
372.5688924633753
 20
371.7601080420657
 10
372.568845175662
 20
371.7603459504215
 10
372.41965617335063
 20
372.12066511122237
 10
372.41954886124824
 20
372.120825764629
 10
372.1438280223054
 20
372.39662510299155
 10
372.1436673994531
 20
372.39673246082225
 10
371.7833907223445
 20
372.54602402754585
 10
371.78315282745956
 20
372.54607138298155
 10
371.6157056080646
 20
372.56258755938126
 10
371.6157056080646
 20
369.4153566008906
 10
371.7827095615527
 20
369.43178105423334
 10
371.78294746990815
 20
369.4318283419465
 10
372.1432666308158
 20
369.58101734430284
 10
372.1434272842223
 20
369.58112465640517
 10
372.41922662244485
 20
369.85684549518015
  0
LWPOLYLINE
  5
11D
330
17
100
AcDbEntity
  8
0
100
AcDbPolyline
 90
24
 70
0
 10
341.62049299900195
 20
332.1705695990889
 10
341.62040553215684
 20
331.5932193365247
 10
341.6203617987343
 20
331.3045442052427
 10
341.6203180653118
 20
331.01586907396063
 10
347.61938682717783
 20
331.0149602329121
 10
347.6192993603328
 20
330.4376099703479
 10
353.61836812219883
 20
330.4367011292994
 10
354.6172853045017
 20
330.4365497963217
 10
354.617274449455
 20
330.4366478151077
 10
354.6173682696742
 20
330.4375989106145
 10
354.6174555775797
 20
331.0139000463409
 10
354.6175428854852
 20
331.5902011820673
 10
354.598367337446
 20
331.78519663077
 10
354.598320051913
 20
331.78543453955876
 10
354.4491343516446
 20
332.14575506750634
 10
354.4490270410145
 20
332.14591572189636
 10
354.4270270892446
 20
332.1679223405306
 10
354.4268103656449
 20
332.1682467967161
 10
354.4267343031537
 20
332.1686294916761
 10
353.61863052273407
 20
332.1687519169918
 10
353.61854305588895
 20
331.59140165442767
 10
347.6194742940229
 20
331.5923104954762
 10
347.619561760868
 20
332.1696607580404
 10
341.62049299900195
 20
332.1705695990889
  0
LWPOLYLINE
  5
11E
330
17
100
AcDbEntity
  8
0
100
AcDbPolyline
 90
12
 70
0
 10
315.9859685145707
 20
303.23153375188
 10
316.0647915657147
 20
303.1730745929402
 10
316.1489650619083
 20
303.1226229408944
 10
316.2376783663692
 20
303.0806646727315
 10
316.2749141846476
 20
303.06734148391365
 10
315.6881438646184
 20
303.64516504418447
 10
315.69648226622303
 20
303.6218607728777
 10
315.738440534386
 20
303.53314746841676
 10
315.7888921864318
 20
303.4489739722232
 10
315.8473513453716
 20
303.37015092107913
 10
315.9132550175478
 20
303.2974374240562
 10
315.9859685145707
 20
303.23153375188
  0
LWPOLYLINE
  5
11F
330
17
100
AcDbEntity
  8
0
100
AcDbPolyline
 90
24
 70
0
 10
354.6066726321819
 20
369.83771954105396
 10
354.606754658759
 20
370.4140206775562
 10
354.60683668533596
 20
370.9903218140583
 10
354.5876593503306
 20
371.18531708699066
 10
354.5876120626173
 20
371.1855549953464
 10
354.4384230603059
 20
371.5458741561473
 10
354.43831574820354
 20
371.54603480955393
 10
354.4163155947605
 20
371.5680412265761
 10
354.4160988681874
 20
371.5683656807755
 10
354.4160228021891
 20
371.5687483750384
 10
353.60791902068263
 20
371.5688633947441
 10
353.6078368447804
 20
370.9915131314026
 10
347.6141198657329
 20
370.9923662341581
 10
347.61420204163517
 20
371.56971649749954
 10
341.6204850625877
 20
371.570569600255
 10
341.62040288668544
 20
370.99321933691357
 10
341.6203617987343
 20
370.7045442052428
 10
341.6203207107832
 20
370.4158690735721
 10
347.61403768983064
 20
370.4150159708166
 10
347.61395551392843
 20
369.83766570747514
 10
353.6076724929759
 20
369.8368126047197
 10
354.6065896766237
 20
369.8366704260007
 10
354.6065788206787
 20
369.83676844468715
 10
354.6066726321819
 20
369.83771954105396
  0
LWPOLYLINE
  5
120
330
17
100
AcDbEntity
  8
0
100
AcDbPolyline
 90
24
 70
0
 10
371.5889466939717
 20
370.7002786914655
 10
371.5889877819228
 20
370.9889538231362
 10
371.5890699578251
 20
371.56630408647766
 10
365.59535297877756
 20
371.56715718923317
 10
365.59527080287535
 20
370.9898069258917
 10
359.6015538238279
 20
370.99066002864714
 10
359.6016359997301
 20
371.5680102919886
 10
358.7935322181921
 20
371.5681253116943
 10
358.79345604325704
 20
371.56774263910023
 10
358.7932392243317
 20
371.5674182466086
 10
358.77123280740363
 20
371.54541809326173
 10
358.7711254495731
 20
371.54525747040975
 10
358.621833882743
 20
371.1849807930827
 10
358.6217865273072
 20
371.18474289819784
 10
358.60255368462185
 20
370.98975309231287
 10
358.6024716580448
 20
370.4134519558107
 10
358.6023896314678
 20
369.83715081930853
 10
358.6024831722227
 20
369.83619969627534
 10
358.6024722883756
 20
369.83610168068316
 10
359.60138947202336
 20
369.8359595019642
 10
365.5951064510709
 20
369.83510639920877
 10
365.59518862697314
 20
370.4124566625502
 10
371.5889056060206
 20
370.41160355979474
 10
371.5889466939717
 20
370.7002786914655
  0
LWPOLYLINE
  5
121
330
17
100
AcDbEntity
  8
0
100
AcDbPolyline
 90
7
 70
0
 10
276.05376584180897
 20
240.70865828381747
 10
276.1621522174713
 20
240.54644660940673
 10
276.32436389188206
 20
240.43806023374435
 10
276.5157056080646
 20
240.4
 10
276.0157056080646
 20
240.4
 10
276.0157056080646
 20
240.9
 10
276.05376584180897
 20
240.70865828381747
  0
LWPOLYLINE
  5
122
330
17
100
AcDbEntity
  8
0
100
AcDbPolyline
 90
6
 70
0
 10
341.6203617987343
 20
275.5045442052428
 10
341.62035915945603
 20
275.4871228841285
 10
341.6203617987343
 20
276.0045442052428
 10
341.620437547245
 20
276.0045442052428
 10
341.62040553215684
 20
275.7932193365248
 10
341.6203617987343
 20
275.5045442052428
  0
LWPOLYLINE
  5
123
330
17
100
AcDbEntity
  8
0
100
AcDbPolyline
 90
4
 70
0
 10
312.77087118997764
 20
304.4247298939388
 10
312.7655815245219
 20
304.4193583249464
 10
312.76570560806465
 20
304.42
 10
312.77087118997764
 20
304.4247298939388
  0
LWPOLYLINE
  5
124
330
17
100
AcDbEntity
  8
0
100
AcDbPolyline
 90
2
 70
0
 10
74.5
 20
130.0
 10
74.50000000000001
 20
129.5000000000001
  0
LWPOLYLINE
  5
125
330
17
100
AcDbEntity
  8
0
100
AcDbPolyline
 90
2
 70
0
 10
60.00000000000001
 20
139.5
 10
60.00000000000001
 20
140.0
  0
LWPOLYLINE
  5
126
330
17
100
AcDbEntity
  8
0
100
AcDbPolyline
 90
2
 70
0
 10
84.50000000000001
 20
120.50000000000017
 10
84.00000000000001
 20
120.50000000000017
  0
LWPOLYLINE
  5
127
330
17
100
AcDbEntity
  8
0
100
AcDbPolyline
 90
2
 70
0
 10
59.49999999999999
 20
130.0
 10
59.49999999999999
 20
129.5
  0
LWPOLYLINE
  5
128
330
17
100
AcDbEntity
  8
0
100
AcDbPolyline
 90
2
 70
0
 10
74.90000000000002
 20
250.9000000000001
 10
74.90000000000002
 20
251.4000000000001
  0
LWPOLYLINE
  5
129
330
17
100
AcDbEntity
  8
0
100
AcDbPolyline
 90
2
 70
0
 10
89.89999999999993
 20
251.4
 10
89.89999999999993
 20
250.9
  0
LWPOLYLINE
  5
12A
330
17
100
AcDbEntity
  8
0
100
AcDbPolyline
 90
2
 70
0
 10
89.4
 20
241.4
 10
89.40000000000002
 20
240.9000000000001
  0
LWPOLYLINE
  5
12B
330
17
100
AcDbEntity
  8
0
100
AcDbPolyline
 90
2
 70
0
 10
65.39999999999998
 20
240.9
 10
64.89999999999998
 20
240.9
  0
LWPOLYLINE
  5
12C
330
17
100
AcDbEntity
  8
0
100
AcDbPolyline
 90
2
 70
0
 10
99.40000000000002
 20
231.90000000000023
 10
98.90000000000002
 20
231.90000000000023
  0
LWPOLYLINE
  5
12D
330
17
100
AcDbEntity
  8
0
100
AcDbPolyline
 90
2
 70
0
 10
74.39999999999999
 20
241.4
 10
74.39999999999999
 20
240.9
  0
LWPOLYLINE
  5
12E
330
17
100
AcDbEntity
  8
0
100
AcDbPolyline
 90
2
 70
0
 10
286.11570560806473
 20
129.5
 10
286.61570560806473
 20
129.5
  0
LWPOLYLINE
  5
12F
330
17
100
AcDbEntity
  8
0
100
AcDbPolyline
 90
2
 70
0
 10
286.6157056080646
 20
120.50000000000017
 10
286.1157056080646
 20
120.50000000000017
  0
LWPOLYLINE
  5
130
330
17
100
AcDbEntity
  8
0
100
AcDbPolyline
 90
2
 70
0
 10
276.1157056080646
 20
130.0
 10
276.1157056080646
 20
130.33333333333346
  0
LWPOLYLINE
  5
131
330
17
100
AcDbEntity
  8
0
100
AcDbPolyline
 90
2
 70
0
 10
261.6157056080646
 20
140.0
 10
261.6157056080646
 20
140.5
  0
LWPOLYLINE
  5
132
330
17
100
AcDbEntity
  8
0
100
AcDbPolyline
 90
2
 70
0
 10
301.0157056080647
 20
240.9
 10
301.5157056080647
 20
240.9
  0
LWPOLYLINE
  5
133
330
17
100
AcDbEntity
  8
0
100
AcDbPolyline
 90
2
 70
0
 10
301.51570560806465
 20
231.90000000000023
 10
301.01570560806465
 20
231.90000000000023
  0
LWPOLYLINE
  5
134
330
17
100
AcDbEntity
  8
0
100
AcDbPolyline
 90
2
 70
0
 10
291.01570560806465
 20
241.4
 10
291.01570560806465
 20
241.73333333333343
  0
LWPOLYLINE
  5
135
330
17
100
AcDbEntity
  8
0
100
AcDbPolyline
 90
2
 70
0
 10
276.51570560806465
 20
251.4000000000001
 10
276.51570560806465
 20
251.9000000000001
  0
LWPOLYLINE
  5
136
330
17
100
AcDbEntity
  8
0
100
AcDbPolyline
 90
2
 70
0
 10
291.51570560806454
 20
251.4
 10
291.51570560806454
 20
251.7571428571429
  0
ENDSEC
  0
SECTION
  2
OBJECTS
  0
DICTIONARY
  5
A
330
0
100
AcDbDictionary
281
1
  3
ACAD_COLOR
350
B
  3
ACAD_GROUP
350
C
  3
ACAD_LAYOUT
350
D
  3
ACAD_MATERIAL
350
E
  3
ACAD_MLEADERSTYLE
350
F
  3
ACAD_MLINESTYLE
350
10
  3
ACAD_PLOTSETTINGS
350
11
  3
ACAD_PLOTSTYLENAME
350
12
  3
ACAD_SCALELIST
350
14
  3
ACAD_TABLESTYLE
350
15
  3
ACAD_VISUALSTYLE
350
16
  3
EZDXF_META
350
2D
  0
DICTIONARY
  5
B
330
A
100
AcDbDictionary
281
1
  0
DICTIONARY
  5
C
330
A
100
AcDbDictionary
281
1
  0
DICTIONARY
  5
D
330
A
100
AcDbDictionary
281
1
  3
Model
350
1A
  3
Layout1
350
1E
  0
DICTIONARY
  5
E
330
A
100
AcDbDictionary
281
1
  3
ByBlock
350
1F
  3
ByLayer
350
20
  3
Global
350
21
  0
DICTIONARY
  5
F
330
A
100
AcDbDictionary
281
1
  3
Standard
350
2C
  0
DICTIONARY
  5
10
330
A
100
AcDbDictionary
281
1
  3
Standard
350
22
  0
DICTIONARY
  5
11
330
A
100
AcDbDictionary
281
1
  0
ACDBDICTIONARYWDFLT
  5
12
330
A
100
AcDbDictionary
281
1
  3
Normal
350
13
100
AcDbDictionaryWithDefault
340
13
  0
ACDBPLACEHOLDER
  5
13
330
12
  0
DICTIONARY
  5
14
330
A
100
AcDbDictionary
281
1
  0
DICTIONARY
  5
15
330
A
100
AcDbDictionary
281
1
  0
DICTIONARY
  5
16
330
A
100
AcDbDictionary
281
1
  0
LAYOUT
  5
1A
330
D
100
AcDbPlotSettings
  1

  4
A3
  6

 40
7.5
 41
20.0
 42
7.5
 43
20.0
 44
420.0
 45
297.0
 46
0.0
 47
0.0
 48
0.0
 49
0.0
140
0.0
141
0.0
142
1.0
143
1.0
 70
1024
 72
1
 73
0
 74
5
  7

 75
16
 76
0
 77
2
 78
300
147
1.0
148
0.0
149
0.0
100
AcDbLayout
  1
Model
 70
1
 71
0
 10
0.0
 20
0.0
 11
420.0
 21
297.0
 12
0.0
 22
0.0
 32
0.0
 14
1e+20
 24
1e+20
 34
1e+20
 15
-1e+20
 25
-1e+20
 35
-1e+20
146
0.0
 13
0.0
 23
0.0
 33
0.0
 16
1.0
 26
0.0
 36
0.0
 17
0.0
 27
1.0
 37
0.0
 76
1
330
17
  0
LAYOUT
  5
1E
330
D
100
AcDbPlotSettings
  1

  4
A3
  6

 40
7.5
 41
20.0
 42
7.5
 43
20.0
 44
420.0
 45
297.0
 46
0.0
 47
0.0
 48
0.0
 49
0.0
140
0.0
141
0.0
142
1.0
143
1.0
 70
0
 72
1
 73
0
 74
5
  7

 75
16
 76
0
 77
2
 78
300
147
1.0
148
0.0
149
0.0
100
AcDbLayout
  1
Layout1
 70
1
 71
1
 10
0.0
 20
0.0
 11
420.0
 21
297.0
 12
0.0
 22
0.0
 32
0.0
 14
1e+20
 24
1e+20
 34
1e+20
 15
-1e+20
 25
-1e+20
 35
-1e+20
146
0.0
 13
0.0
 23
0.0
 33
0.0
 16
1.0
 26
0.0
 36
0.0
 17
0.0
 27
1.0
 37
0.0
 76
1
330
1B
  0
MATERIAL
  5
1F
102
{ACAD_REACTORS
330
E
102
}
330
E
100
AcDbMaterial
  1
ByBlock
  2

 70
0
 40
1.0
 71
1
 41
1.0
 91
-1023410177
 42
1.0
 72
1
  3

 73
1
 74
1
 75
1
 44
0.5
 73
0
 45
1.0
 46
1.0
 77
1
  4

 78
1
 79
1
170
1
 48
1.0
171
1
  6

172
1
173
1
174
1
140
1.0
141
1.0
175
1
  7

176
1
177
1
178
1
143
1.0
179
1
  8

270
1
271
1
272
1
145
1.0
146
1.0
273
1
  9

274
1
275
1
276
1
 42
1.0
 72
1
  3

 73
1
 74
1
 75
1
 94
63
  0
MATERIAL
  5
20
102
{ACAD_REACTORS
330
E
102
}
330
E
100
AcDbMaterial
  1
ByLayer
  2

 70
0
 40
1.0
 71
1
 41
1.0
 91
-1023410177
 42
1.0
 72
1
  3

 73
1
 74
1
 75
1
 44
0.5
 73
0
 45
1.0
 46
1.0
 77
1
  4

 78
1
 79
1
170
1
 48
1.0
171
1
  6

172
1
173
1
174
1
140
1.0
141
1.0
175
1
  7

176
1
177
1
178
1
143
1.0
179
1
  8

270
1
271
1
272
1
145
1.0
146
1.0
273
1
  9

274
1
275
1
276
1
 42
1.0
 72
1
  3

 73
1
 74
1
 75
1
 94
63
  0
MATERIAL
  5
21
102
{ACAD_REACTORS
330
E
102
}
330
E
100
AcDbMaterial
  1
Global
  2

 70
0
 40
1.0
 71
1
 41
1.0
 91
-1023410177
 42
1.0
 72
1
  3

 73
1
 74
1
 75
1
 44
0.5
 73
0
 45
1.0
 46
1.0
 77
1
  4

 78
1
 79
1
170
1
 48
1.0
171
1
  6

172
1
173
1
174
1
140
1.0
141
1.0
175
1
  7

176
1
177
1
178
1
143
1.0
179
1
  8

270
1
271
1
272
1
145
1.0
146
1.0
273
1
  9

274
1
275
1
276
1
 42
1.0
 72
1
  3

 73
1
 74
1
 75
1
 94
63
  0
MLINESTYLE
  5
22
102
{ACAD_REACTORS
330
10
102
}
330
10
100
AcDbMlineStyle
  2
Standard
 70
0
  3

 62
256
 51
90.0
 52
90.0
 71
2
 49
0.5
 62
256
  6
BYLAYER
 49
-0.5
 62
256
  6
BYLAYER
  0
MLEADERSTYLE
  5
2C
102
{ACAD_REACTORS
330
F
102
}
330
F
100
AcDbMLeaderStyle
179
2
170
2
171
1
172
0
 90
2
 40
0.0
 41
0.0
173
1
 91
-1056964608
 92
-2
290
1
 42
2.0
291
1
 43
8.0
  3
Standard
 44
4.0
300

342
29
174
1
175
1
176
0
178
1
 93
-1056964608
 45
4.0
292
0
297
0
 46
4.0
 94
-1056964608
 47
1.0
 49
1.0
140
1.0
294
1
141
0.0
177
0
142
1.0
295
0
296
0
143
3.75
271
0
272
9
273
9
  0
DICTIONARY
  5
2D
330
A
100
AcDbDictionary
280
1
281
1
  3
CREATED_BY_EZDXF
350
2E
  3
WRITTEN_BY_EZDXF
350
139
  0
DICTIONARYVAR
  5
2E
330
2D
100
DictionaryVariables
280
0
  1
1.4.2 @ 2025-12-02T05:45:01.826672+00:00
  0
DICTIONARYVAR
  5
139
330
2D
100
DictionaryVariables
280
0
  1
1.4.2 @ 2025-12-02T05:45:01.855914+00:00
  0
ENDSEC
  0
EOF
